solid OpenSCAD_Model
  facet normal 0 -0.537277 0.843406
    outer loop
      vertex -25 -12.75 22.0836
      vertex -18 -14.6262 20.8884
      vertex -18 -12.75 22.0836
    endloop
  endfacet
  facet normal 0 -0.537277 0.843406
    outer loop
      vertex -18 -14.6262 20.8884
      vertex -25 -12.75 22.0836
      vertex -25 -14.6262 20.8884
    endloop
  endfacet
  facet normal 0 -1 0
    outer loop
      vertex -18 -27 -19.5
      vertex -18 -27 -14.5
      vertex -25 -27 -14.5
    endloop
  endfacet
  facet normal 0 -1 0
    outer loop
      vertex -18 -27 -14.5
      vertex -18 -27 -19.5
      vertex 18 -27 -14.5
    endloop
  endfacet
  facet normal 0 -1 0
    outer loop
      vertex -18 -27 -19.5
      vertex -25 -27 -14.5
      vertex -25 -27 -19.5
    endloop
  endfacet
  facet normal 0 -1 0
    outer loop
      vertex 18 -27 -19.5
      vertex 18 -27 -14.5
      vertex -18 -27 -19.5
    endloop
  endfacet
  facet normal 0 -1 0
    outer loop
      vertex 18 -27 -14.5
      vertex 18 -27 -19.5
      vertex 25 -27 -14.5
    endloop
  endfacet
  facet normal 0 -1 -0
    outer loop
      vertex 25 -27 -14.5
      vertex 18 -27 -19.5
      vertex 25 -27 -19.5
    endloop
  endfacet
  facet normal 0 0.887008 -0.461755
    outer loop
      vertex -18 22.0836 -12.75
      vertex -25 23.1108 -10.7768
      vertex -18 23.1108 -10.7768
    endloop
  endfacet
  facet normal 0 0.887008 -0.461755
    outer loop
      vertex -25 23.1108 -10.7768
      vertex -18 22.0836 -12.75
      vertex -25 22.0836 -12.75
    endloop
  endfacet
  facet normal 0 0.675596 -0.737272
    outer loop
      vertex -25 16.3911 -19.5341
      vertex -18 18.0312 -18.0312
      vertex -18 16.3911 -19.5341
    endloop
  endfacet
  facet normal 0 0.675596 -0.737272
    outer loop
      vertex -18 18.0312 -18.0312
      vertex -25 16.3911 -19.5341
      vertex -25 18.0312 -18.0312
    endloop
  endfacet
  facet normal -0 0.216445 0.976295
    outer loop
      vertex -25 6.59988 24.6311
      vertex -18 4.42803 25.1126
      vertex -18 6.59988 24.6311
    endloop
  endfacet
  facet normal 0 0.216445 0.976295
    outer loop
      vertex -18 4.42803 25.1126
      vertex -25 6.59988 24.6311
      vertex -25 4.42803 25.1126
    endloop
  endfacet
  facet normal 0 -0.0436036 0.999049
    outer loop
      vertex -25 0 25.5
      vertex -18 -2.22247 25.403
      vertex -18 0 25.5
    endloop
  endfacet
  facet normal 0 -0.0436036 0.999049
    outer loop
      vertex -18 -2.22247 25.403
      vertex -25 0 25.5
      vertex -25 -2.22247 25.403
    endloop
  endfacet
  facet normal 0 -0.130541 -0.991443
    outer loop
      vertex -25 -4.42803 -25.1126
      vertex -18 -2.22247 -25.403
      vertex -18 -4.42803 -25.1126
    endloop
  endfacet
  facet normal -0 -0.130541 -0.991443
    outer loop
      vertex -18 -2.22247 -25.403
      vertex -25 -4.42803 -25.1126
      vertex -25 -2.22247 -25.403
    endloop
  endfacet
  facet normal 0 -0.300686 0.953723
    outer loop
      vertex -25 -6.59988 24.6311
      vertex -18 -8.72151 23.9622
      vertex -18 -6.59988 24.6311
    endloop
  endfacet
  facet normal 0 -0.300686 0.953723
    outer loop
      vertex -18 -8.72151 23.9622
      vertex -25 -6.59988 24.6311
      vertex -25 -8.72151 23.9622
    endloop
  endfacet
  facet normal 0 0.737272 0.675596
    outer loop
      vertex -18 19.5341 16.3911
      vertex -25 18.0312 18.0312
      vertex -18 18.0312 18.0312
    endloop
  endfacet
  facet normal 0 0.737272 0.675596
    outer loop
      vertex -25 18.0312 18.0312
      vertex -18 19.5341 16.3911
      vertex -25 19.5341 16.3911
    endloop
  endfacet
  facet normal 0 0.382711 -0.923868
    outer loop
      vertex -25 8.72151 -23.9622
      vertex -18 10.7768 -23.1108
      vertex -18 8.72151 -23.9622
    endloop
  endfacet
  facet normal 0 0.382711 -0.923868
    outer loop
      vertex -18 10.7768 -23.1108
      vertex -25 8.72151 -23.9622
      vertex -25 10.7768 -23.1108
    endloop
  endfacet
  facet normal -0 0.461755 0.887008
    outer loop
      vertex -25 12.75 22.0836
      vertex -18 10.7768 23.1108
      vertex -18 12.75 22.0836
    endloop
  endfacet
  facet normal 0 0.461755 0.887008
    outer loop
      vertex -18 10.7768 23.1108
      vertex -25 12.75 22.0836
      vertex -25 10.7768 23.1108
    endloop
  endfacet
  facet normal 0 0.991443 -0.130541
    outer loop
      vertex -18 25.1126 -4.42803
      vertex -25 25.403 -2.22247
      vertex -18 25.403 -2.22247
    endloop
  endfacet
  facet normal 0 0.991443 -0.130541
    outer loop
      vertex -25 25.403 -2.22247
      vertex -18 25.1126 -4.42803
      vertex -25 25.1126 -4.42803
    endloop
  endfacet
  facet normal 0 -0.887008 0.461755
    outer loop
      vertex -25 -23.1108 10.7768
      vertex -18 -22.0836 12.75
      vertex -25 -22.0836 12.75
    endloop
  endfacet
  facet normal 0 -0.887008 0.461755
    outer loop
      vertex -18 -22.0836 12.75
      vertex -25 -23.1108 10.7768
      vertex -18 -23.1108 10.7768
    endloop
  endfacet
  facet normal 0 0.999049 0.0436036
    outer loop
      vertex -18 25.5 0
      vertex -25 25.403 2.22247
      vertex -18 25.403 2.22247
    endloop
  endfacet
  facet normal 0 0.999049 0.0436036
    outer loop
      vertex -25 25.403 2.22247
      vertex -18 25.5 0
      vertex -25 25.5 0
    endloop
  endfacet
  facet normal 0 0.793344 -0.608774
    outer loop
      vertex -18 19.5341 -16.3911
      vertex -25 20.8884 -14.6262
      vertex -18 20.8884 -14.6262
    endloop
  endfacet
  facet normal 0 0.793344 -0.608774
    outer loop
      vertex -25 20.8884 -14.6262
      vertex -18 19.5341 -16.3911
      vertex -25 19.5341 -16.3911
    endloop
  endfacet
  facet normal 0 0.923868 -0.382711
    outer loop
      vertex -18 23.1108 -10.7768
      vertex -25 23.9622 -8.72151
      vertex -18 23.9622 -8.72151
    endloop
  endfacet
  facet normal 0 0.923868 -0.382711
    outer loop
      vertex -25 23.9622 -8.72151
      vertex -18 23.1108 -10.7768
      vertex -25 23.1108 -10.7768
    endloop
  endfacet
  facet normal 0 -0.243926 -0.969794
    outer loop
      vertex -25 -27 -19.5
      vertex -18 -6.59988 -24.6311
      vertex -18 -27 -19.5
    endloop
  endfacet
  facet normal -0 -0.243926 -0.969794
    outer loop
      vertex -18 -6.59988 -24.6311
      vertex -25 -27 -19.5
      vertex -25 -6.59988 -24.6311
    endloop
  endfacet
  facet normal -0 0.382711 0.923868
    outer loop
      vertex -25 10.7768 23.1108
      vertex -18 8.72151 23.9622
      vertex -18 10.7768 23.1108
    endloop
  endfacet
  facet normal 0 0.382711 0.923868
    outer loop
      vertex -18 8.72151 23.9622
      vertex -25 10.7768 23.1108
      vertex -25 8.72151 23.9622
    endloop
  endfacet
  facet normal 0 -0.995471 0.0950677
    outer loop
      vertex -25 -27 -14.5
      vertex -18 -25.403 2.22247
      vertex -25 -25.403 2.22247
    endloop
  endfacet
  facet normal 0 -0.995471 0.0950677
    outer loop
      vertex -18 -25.403 2.22247
      vertex -25 -27 -14.5
      vertex -18 -27 -14.5
    endloop
  endfacet
  facet normal 0 -0.991443 0.130541
    outer loop
      vertex -25 -25.403 2.22247
      vertex -18 -25.1126 4.42803
      vertex -25 -25.1126 4.42803
    endloop
  endfacet
  facet normal 0 -0.991443 0.130541
    outer loop
      vertex -18 -25.1126 4.42803
      vertex -25 -25.403 2.22247
      vertex -18 -25.403 2.22247
    endloop
  endfacet
  facet normal 0 -0.382711 0.923868
    outer loop
      vertex -25 -8.72151 23.9622
      vertex -18 -10.7768 23.1108
      vertex -18 -8.72151 23.9622
    endloop
  endfacet
  facet normal 0 -0.382711 0.923868
    outer loop
      vertex -18 -10.7768 23.1108
      vertex -25 -8.72151 23.9622
      vertex -25 -10.7768 23.1108
    endloop
  endfacet
  facet normal 0 0.991443 0.130541
    outer loop
      vertex -18 25.403 2.22247
      vertex -25 25.1126 4.42803
      vertex -18 25.1126 4.42803
    endloop
  endfacet
  facet normal 0 0.991443 0.130541
    outer loop
      vertex -25 25.1126 4.42803
      vertex -18 25.403 2.22247
      vertex -25 25.403 2.22247
    endloop
  endfacet
  facet normal 0 -0.216445 0.976295
    outer loop
      vertex -25 -4.42803 25.1126
      vertex -18 -6.59988 24.6311
      vertex -18 -4.42803 25.1126
    endloop
  endfacet
  facet normal 0 -0.216445 0.976295
    outer loop
      vertex -18 -6.59988 24.6311
      vertex -25 -4.42803 25.1126
      vertex -25 -6.59988 24.6311
    endloop
  endfacet
  facet normal -0 0.608774 0.793344
    outer loop
      vertex -25 16.3911 19.5341
      vertex -18 14.6262 20.8884
      vertex -18 16.3911 19.5341
    endloop
  endfacet
  facet normal 0 0.608774 0.793344
    outer loop
      vertex -18 14.6262 20.8884
      vertex -25 16.3911 19.5341
      vertex -25 14.6262 20.8884
    endloop
  endfacet
  facet normal -0 0.130541 0.991443
    outer loop
      vertex -25 4.42803 25.1126
      vertex -18 2.22247 25.403
      vertex -18 4.42803 25.1126
    endloop
  endfacet
  facet normal 0 0.130541 0.991443
    outer loop
      vertex -18 2.22247 25.403
      vertex -25 4.42803 25.1126
      vertex -25 2.22247 25.403
    endloop
  endfacet
  facet normal 0 -0.953723 0.300686
    outer loop
      vertex -25 -24.6311 6.59988
      vertex -18 -23.9622 8.72151
      vertex -25 -23.9622 8.72151
    endloop
  endfacet
  facet normal 0 -0.953723 0.300686
    outer loop
      vertex -18 -23.9622 8.72151
      vertex -25 -24.6311 6.59988
      vertex -18 -24.6311 6.59988
    endloop
  endfacet
  facet normal 0 -0.608774 0.793344
    outer loop
      vertex -25 -14.6262 20.8884
      vertex -18 -16.3911 19.5341
      vertex -18 -14.6262 20.8884
    endloop
  endfacet
  facet normal 0 -0.608774 0.793344
    outer loop
      vertex -18 -16.3911 19.5341
      vertex -25 -14.6262 20.8884
      vertex -25 -16.3911 19.5341
    endloop
  endfacet
  facet normal 0 0.216445 -0.976295
    outer loop
      vertex -25 4.42803 -25.1126
      vertex -18 6.59988 -24.6311
      vertex -18 4.42803 -25.1126
    endloop
  endfacet
  facet normal 0 0.216445 -0.976295
    outer loop
      vertex -18 6.59988 -24.6311
      vertex -25 4.42803 -25.1126
      vertex -25 6.59988 -24.6311
    endloop
  endfacet
  facet normal -0 0.675596 0.737272
    outer loop
      vertex -25 18.0312 18.0312
      vertex -18 16.3911 19.5341
      vertex -18 18.0312 18.0312
    endloop
  endfacet
  facet normal 0 0.675596 0.737272
    outer loop
      vertex -18 16.3911 19.5341
      vertex -25 18.0312 18.0312
      vertex -25 16.3911 19.5341
    endloop
  endfacet
  facet normal 0 -0.0436036 -0.999049
    outer loop
      vertex -25 -2.22247 -25.403
      vertex -18 0 -25.5
      vertex -18 -2.22247 -25.403
    endloop
  endfacet
  facet normal -0 -0.0436036 -0.999049
    outer loop
      vertex -18 0 -25.5
      vertex -25 -2.22247 -25.403
      vertex -25 0 -25.5
    endloop
  endfacet
  facet normal 0 -0.843406 0.537277
    outer loop
      vertex -25 -22.0836 12.75
      vertex -18 -20.8884 14.6262
      vertex -25 -20.8884 14.6262
    endloop
  endfacet
  facet normal 0 -0.843406 0.537277
    outer loop
      vertex -18 -20.8884 14.6262
      vertex -25 -22.0836 12.75
      vertex -18 -22.0836 12.75
    endloop
  endfacet
  facet normal 0 -0.976295 0.216445
    outer loop
      vertex -25 -25.1126 4.42803
      vertex -18 -24.6311 6.59988
      vertex -25 -24.6311 6.59988
    endloop
  endfacet
  facet normal 0 -0.976295 0.216445
    outer loop
      vertex -18 -24.6311 6.59988
      vertex -25 -25.1126 4.42803
      vertex -18 -25.1126 4.42803
    endloop
  endfacet
  facet normal 0 -0.216445 -0.976295
    outer loop
      vertex -25 -6.59988 -24.6311
      vertex -18 -4.42803 -25.1126
      vertex -18 -6.59988 -24.6311
    endloop
  endfacet
  facet normal -0 -0.216445 -0.976295
    outer loop
      vertex -18 -4.42803 -25.1126
      vertex -25 -6.59988 -24.6311
      vertex -25 -4.42803 -25.1126
    endloop
  endfacet
  facet normal 0 0.608774 -0.793344
    outer loop
      vertex -25 14.6262 -20.8884
      vertex -18 16.3911 -19.5341
      vertex -18 14.6262 -20.8884
    endloop
  endfacet
  facet normal 0 0.608774 -0.793344
    outer loop
      vertex -18 16.3911 -19.5341
      vertex -25 14.6262 -20.8884
      vertex -25 16.3911 -19.5341
    endloop
  endfacet
  facet normal 0 0.953723 -0.300686
    outer loop
      vertex -18 23.9622 -8.72151
      vertex -25 24.6311 -6.59988
      vertex -18 24.6311 -6.59988
    endloop
  endfacet
  facet normal 0 0.953723 -0.300686
    outer loop
      vertex -25 24.6311 -6.59988
      vertex -18 23.9622 -8.72151
      vertex -25 23.9622 -8.72151
    endloop
  endfacet
  facet normal -0 0.537277 0.843406
    outer loop
      vertex -25 14.6262 20.8884
      vertex -18 12.75 22.0836
      vertex -18 14.6262 20.8884
    endloop
  endfacet
  facet normal 0 0.537277 0.843406
    outer loop
      vertex -18 12.75 22.0836
      vertex -25 14.6262 20.8884
      vertex -25 12.75 22.0836
    endloop
  endfacet
  facet normal 0 0.976295 -0.216445
    outer loop
      vertex -18 24.6311 -6.59988
      vertex -25 25.1126 -4.42803
      vertex -18 25.1126 -4.42803
    endloop
  endfacet
  facet normal 0 0.976295 -0.216445
    outer loop
      vertex -25 25.1126 -4.42803
      vertex -18 24.6311 -6.59988
      vertex -25 24.6311 -6.59988
    endloop
  endfacet
  facet normal 0 0.843406 0.537277
    outer loop
      vertex -18 22.0836 12.75
      vertex -25 20.8884 14.6262
      vertex -18 20.8884 14.6262
    endloop
  endfacet
  facet normal 0 0.843406 0.537277
    outer loop
      vertex -25 20.8884 14.6262
      vertex -18 22.0836 12.75
      vertex -25 22.0836 12.75
    endloop
  endfacet
  facet normal 0 0.737272 -0.675596
    outer loop
      vertex -18 18.0312 -18.0312
      vertex -25 19.5341 -16.3911
      vertex -18 19.5341 -16.3911
    endloop
  endfacet
  facet normal 0 0.737272 -0.675596
    outer loop
      vertex -25 19.5341 -16.3911
      vertex -18 18.0312 -18.0312
      vertex -25 18.0312 -18.0312
    endloop
  endfacet
  facet normal 0 -0.793344 0.608774
    outer loop
      vertex -25 -20.8884 14.6262
      vertex -18 -19.5341 16.3911
      vertex -25 -19.5341 16.3911
    endloop
  endfacet
  facet normal 0 -0.793344 0.608774
    outer loop
      vertex -18 -19.5341 16.3911
      vertex -25 -20.8884 14.6262
      vertex -18 -20.8884 14.6262
    endloop
  endfacet
  facet normal 0 -0.737272 0.675596
    outer loop
      vertex -25 -19.5341 16.3911
      vertex -18 -18.0312 18.0312
      vertex -25 -18.0312 18.0312
    endloop
  endfacet
  facet normal 0 -0.737272 0.675596
    outer loop
      vertex -18 -18.0312 18.0312
      vertex -25 -19.5341 16.3911
      vertex -18 -19.5341 16.3911
    endloop
  endfacet
  facet normal 0 0.887008 0.461755
    outer loop
      vertex -18 23.1108 10.7768
      vertex -25 22.0836 12.75
      vertex -18 22.0836 12.75
    endloop
  endfacet
  facet normal 0 0.887008 0.461755
    outer loop
      vertex -25 22.0836 12.75
      vertex -18 23.1108 10.7768
      vertex -25 23.1108 10.7768
    endloop
  endfacet
  facet normal 0 -0.461755 0.887008
    outer loop
      vertex -25 -10.7768 23.1108
      vertex -18 -12.75 22.0836
      vertex -18 -10.7768 23.1108
    endloop
  endfacet
  facet normal 0 -0.461755 0.887008
    outer loop
      vertex -18 -12.75 22.0836
      vertex -25 -10.7768 23.1108
      vertex -25 -12.75 22.0836
    endloop
  endfacet
  facet normal -0 0.300686 0.953723
    outer loop
      vertex -25 8.72151 23.9622
      vertex -18 6.59988 24.6311
      vertex -18 8.72151 23.9622
    endloop
  endfacet
  facet normal 0 0.300686 0.953723
    outer loop
      vertex -18 6.59988 24.6311
      vertex -25 8.72151 23.9622
      vertex -25 6.59988 24.6311
    endloop
  endfacet
  facet normal 0 0.300686 -0.953723
    outer loop
      vertex -25 6.59988 -24.6311
      vertex -18 8.72151 -23.9622
      vertex -18 6.59988 -24.6311
    endloop
  endfacet
  facet normal 0 0.300686 -0.953723
    outer loop
      vertex -18 8.72151 -23.9622
      vertex -25 6.59988 -24.6311
      vertex -25 8.72151 -23.9622
    endloop
  endfacet
  facet normal 0 0.843406 -0.537277
    outer loop
      vertex -18 20.8884 -14.6262
      vertex -25 22.0836 -12.75
      vertex -18 22.0836 -12.75
    endloop
  endfacet
  facet normal 0 0.843406 -0.537277
    outer loop
      vertex -25 22.0836 -12.75
      vertex -18 20.8884 -14.6262
      vertex -25 20.8884 -14.6262
    endloop
  endfacet
  facet normal 0 -0.675596 0.737272
    outer loop
      vertex -25 -16.3911 19.5341
      vertex -18 -18.0312 18.0312
      vertex -18 -16.3911 19.5341
    endloop
  endfacet
  facet normal 0 -0.675596 0.737272
    outer loop
      vertex -18 -18.0312 18.0312
      vertex -25 -16.3911 19.5341
      vertex -25 -18.0312 18.0312
    endloop
  endfacet
  facet normal 0 -0.923868 0.382711
    outer loop
      vertex -25 -23.9622 8.72151
      vertex -18 -23.1108 10.7768
      vertex -25 -23.1108 10.7768
    endloop
  endfacet
  facet normal 0 -0.923868 0.382711
    outer loop
      vertex -18 -23.1108 10.7768
      vertex -25 -23.9622 8.72151
      vertex -18 -23.9622 8.72151
    endloop
  endfacet
  facet normal 0 0.953723 0.300686
    outer loop
      vertex -18 24.6311 6.59988
      vertex -25 23.9622 8.72151
      vertex -18 23.9622 8.72151
    endloop
  endfacet
  facet normal 0 0.953723 0.300686
    outer loop
      vertex -25 23.9622 8.72151
      vertex -18 24.6311 6.59988
      vertex -25 24.6311 6.59988
    endloop
  endfacet
  facet normal 0 0.999049 -0.0436036
    outer loop
      vertex -18 25.403 -2.22247
      vertex -25 25.5 0
      vertex -18 25.5 0
    endloop
  endfacet
  facet normal 0 0.999049 -0.0436036
    outer loop
      vertex -25 25.5 0
      vertex -18 25.403 -2.22247
      vertex -25 25.403 -2.22247
    endloop
  endfacet
  facet normal -1 0 0
    outer loop
      vertex -25 3.2 0
      vertex -25 25.5 0
      vertex -25 25.403 -2.22247
    endloop
  endfacet
  facet normal -1 0 0
    outer loop
      vertex -25 3.18782 -0.278898
      vertex -25 25.403 -2.22247
      vertex -25 25.1126 -4.42803
    endloop
  endfacet
  facet normal -1 0 0
    outer loop
      vertex -25 25.5 0
      vertex -25 3.2 0
      vertex -25 25.403 2.22247
    endloop
  endfacet
  facet normal -1 0 0
    outer loop
      vertex -25 3.15138 -0.555674
      vertex -25 25.1126 -4.42803
      vertex -25 24.6311 -6.59988
    endloop
  endfacet
  facet normal -1 0 0
    outer loop
      vertex -25 3.18782 0.278898
      vertex -25 25.403 2.22247
      vertex -25 3.2 0
    endloop
  endfacet
  facet normal -1 0 0
    outer loop
      vertex -25 3.09096 -0.82822
      vertex -25 24.6311 -6.59988
      vertex -25 23.9622 -8.72151
    endloop
  endfacet
  facet normal -1 -0 0
    outer loop
      vertex -25 25.403 2.22247
      vertex -25 3.18782 0.278898
      vertex -25 25.1126 4.42803
    endloop
  endfacet
  facet normal -1 0 0
    outer loop
      vertex -25 3.00702 -1.09446
      vertex -25 23.9622 -8.72151
      vertex -25 23.1108 -10.7768
    endloop
  endfacet
  facet normal -1 0 0
    outer loop
      vertex -25 3.15138 0.555674
      vertex -25 25.1126 4.42803
      vertex -25 3.18782 0.278898
    endloop
  endfacet
  facet normal -1 0 0
    outer loop
      vertex -25 2.90018 -1.35238
      vertex -25 23.1108 -10.7768
      vertex -25 22.0836 -12.75
    endloop
  endfacet
  facet normal -1 -0 0
    outer loop
      vertex -25 25.1126 4.42803
      vertex -25 3.15138 0.555674
      vertex -25 24.6311 6.59988
    endloop
  endfacet
  facet normal -1 0 0
    outer loop
      vertex -25 2.77128 -1.6
      vertex -25 22.0836 -12.75
      vertex -25 20.8884 -14.6262
    endloop
  endfacet
  facet normal -1 0 0
    outer loop
      vertex -25 3.09096 0.82822
      vertex -25 24.6311 6.59988
      vertex -25 3.15138 0.555674
    endloop
  endfacet
  facet normal -1 0 0
    outer loop
      vertex -25 2.62129 -1.83544
      vertex -25 20.8884 -14.6262
      vertex -25 19.5341 -16.3911
    endloop
  endfacet
  facet normal -1 -0 0
    outer loop
      vertex -25 24.6311 6.59988
      vertex -25 3.09096 0.82822
      vertex -25 23.9622 8.72151
    endloop
  endfacet
  facet normal -1 0 0
    outer loop
      vertex -25 2.45134 -2.05692
      vertex -25 19.5341 -16.3911
      vertex -25 18.0312 -18.0312
    endloop
  endfacet
  facet normal -1 0 0
    outer loop
      vertex -25 3.00702 1.09446
      vertex -25 23.9622 8.72151
      vertex -25 3.09096 0.82822
    endloop
  endfacet
  facet normal -1 0 0
    outer loop
      vertex -25 2.26274 -2.26274
      vertex -25 18.0312 -18.0312
      vertex -25 16.3911 -19.5341
    endloop
  endfacet
  facet normal -1 -0 0
    outer loop
      vertex -25 23.9622 8.72151
      vertex -25 3.00702 1.09446
      vertex -25 23.1108 10.7768
    endloop
  endfacet
  facet normal -1 0 0
    outer loop
      vertex -25 2.05692 -2.45134
      vertex -25 16.3911 -19.5341
      vertex -25 14.6262 -20.8884
    endloop
  endfacet
  facet normal -1 0 0
    outer loop
      vertex -25 2.90018 1.35238
      vertex -25 23.1108 10.7768
      vertex -25 3.00702 1.09446
    endloop
  endfacet
  facet normal -1 0 0
    outer loop
      vertex -25 1.83544 -2.62129
      vertex -25 14.6262 -20.8884
      vertex -25 12.75 -22.0836
    endloop
  endfacet
  facet normal -1 -0 0
    outer loop
      vertex -25 23.1108 10.7768
      vertex -25 2.90018 1.35238
      vertex -25 22.0836 12.75
    endloop
  endfacet
  facet normal -1 0 0
    outer loop
      vertex -25 1.6 -2.77128
      vertex -25 12.75 -22.0836
      vertex -25 10.7768 -23.1108
    endloop
  endfacet
  facet normal -1 0 0
    outer loop
      vertex -25 2.77128 1.6
      vertex -25 22.0836 12.75
      vertex -25 2.90018 1.35238
    endloop
  endfacet
  facet normal -1 0 0
    outer loop
      vertex -25 1.35238 -2.90018
      vertex -25 10.7768 -23.1108
      vertex -25 8.72151 -23.9622
    endloop
  endfacet
  facet normal -1 -0 0
    outer loop
      vertex -25 22.0836 12.75
      vertex -25 2.77128 1.6
      vertex -25 20.8884 14.6262
    endloop
  endfacet
  facet normal -1 0 0
    outer loop
      vertex -25 1.09446 -3.00702
      vertex -25 8.72151 -23.9622
      vertex -25 6.59988 -24.6311
    endloop
  endfacet
  facet normal -1 0 0
    outer loop
      vertex -25 2.62129 1.83544
      vertex -25 20.8884 14.6262
      vertex -25 2.77128 1.6
    endloop
  endfacet
  facet normal -1 0 0
    outer loop
      vertex -25 0.82822 -3.09096
      vertex -25 6.59988 -24.6311
      vertex -25 4.42803 -25.1126
    endloop
  endfacet
  facet normal -1 -0 0
    outer loop
      vertex -25 20.8884 14.6262
      vertex -25 2.62129 1.83544
      vertex -25 19.5341 16.3911
    endloop
  endfacet
  facet normal -1 0 0
    outer loop
      vertex -25 2.45134 2.05692
      vertex -25 19.5341 16.3911
      vertex -25 2.62129 1.83544
    endloop
  endfacet
  facet normal -1 0 0
    outer loop
      vertex -25 25.403 -2.22247
      vertex -25 3.18782 -0.278898
      vertex -25 3.2 0
    endloop
  endfacet
  facet normal -1 0 0
    outer loop
      vertex -25 25.1126 -4.42803
      vertex -25 3.15138 -0.555674
      vertex -25 3.18782 -0.278898
    endloop
  endfacet
  facet normal -1 0 0
    outer loop
      vertex -25 24.6311 -6.59988
      vertex -25 3.09096 -0.82822
      vertex -25 3.15138 -0.555674
    endloop
  endfacet
  facet normal -1 0 0
    outer loop
      vertex -25 23.9622 -8.72151
      vertex -25 3.00702 -1.09446
      vertex -25 3.09096 -0.82822
    endloop
  endfacet
  facet normal -1 0 0
    outer loop
      vertex -25 23.1108 -10.7768
      vertex -25 2.90018 -1.35238
      vertex -25 3.00702 -1.09446
    endloop
  endfacet
  facet normal -1 0 0
    outer loop
      vertex -25 22.0836 -12.75
      vertex -25 2.77128 -1.6
      vertex -25 2.90018 -1.35238
    endloop
  endfacet
  facet normal -1 0 0
    outer loop
      vertex -25 20.8884 -14.6262
      vertex -25 2.62129 -1.83544
      vertex -25 2.77128 -1.6
    endloop
  endfacet
  facet normal -1 0 0
    outer loop
      vertex -25 19.5341 -16.3911
      vertex -25 2.45134 -2.05692
      vertex -25 2.62129 -1.83544
    endloop
  endfacet
  facet normal -1 0 0
    outer loop
      vertex -25 18.0312 -18.0312
      vertex -25 2.26274 -2.26274
      vertex -25 2.45134 -2.05692
    endloop
  endfacet
  facet normal -1 0 0
    outer loop
      vertex -25 0.555674 -3.15138
      vertex -25 4.42803 -25.1126
      vertex -25 2.22247 -25.403
    endloop
  endfacet
  facet normal -1 0 0
    outer loop
      vertex -25 16.3911 -19.5341
      vertex -25 2.05692 -2.45134
      vertex -25 2.26274 -2.26274
    endloop
  endfacet
  facet normal -1 0 0
    outer loop
      vertex -25 14.6262 -20.8884
      vertex -25 1.83544 -2.62129
      vertex -25 2.05692 -2.45134
    endloop
  endfacet
  facet normal -1 0 0
    outer loop
      vertex -25 12.75 -22.0836
      vertex -25 1.6 -2.77128
      vertex -25 1.83544 -2.62129
    endloop
  endfacet
  facet normal -1 0 0
    outer loop
      vertex -25 10.7768 -23.1108
      vertex -25 1.35238 -2.90018
      vertex -25 1.6 -2.77128
    endloop
  endfacet
  facet normal -1 0 0
    outer loop
      vertex -25 8.72151 -23.9622
      vertex -25 1.09446 -3.00702
      vertex -25 1.35238 -2.90018
    endloop
  endfacet
  facet normal -1 0 0
    outer loop
      vertex -25 6.59988 -24.6311
      vertex -25 0.82822 -3.09096
      vertex -25 1.09446 -3.00702
    endloop
  endfacet
  facet normal -1 0 0
    outer loop
      vertex -25 4.42803 -25.1126
      vertex -25 0.555674 -3.15138
      vertex -25 0.82822 -3.09096
    endloop
  endfacet
  facet normal -1 0 0
    outer loop
      vertex -25 2.22247 -25.403
      vertex -25 0.278898 -3.18782
      vertex -25 0.555674 -3.15138
    endloop
  endfacet
  facet normal -1 0 0
    outer loop
      vertex -25 0 -25.5
      vertex -25 0.278898 -3.18782
      vertex -25 2.22247 -25.403
    endloop
  endfacet
  facet normal -1 0 0
    outer loop
      vertex -25 0 -25.5
      vertex -25 0 -3.2
      vertex -25 0.278898 -3.18782
    endloop
  endfacet
  facet normal -1 0 0
    outer loop
      vertex -25 0 -25.5
      vertex -25 -0.278898 -3.18782
      vertex -25 0 -3.2
    endloop
  endfacet
  facet normal -1 0 0
    outer loop
      vertex -25 -2.22247 -25.403
      vertex -25 -0.278898 -3.18782
      vertex -25 0 -25.5
    endloop
  endfacet
  facet normal -1 -0 0
    outer loop
      vertex -25 -0.278898 -3.18782
      vertex -25 -2.22247 -25.403
      vertex -25 -0.555674 -3.15138
    endloop
  endfacet
  facet normal -1 0 0
    outer loop
      vertex -25 -4.42803 -25.1126
      vertex -25 -0.555674 -3.15138
      vertex -25 -2.22247 -25.403
    endloop
  endfacet
  facet normal -1 -0 0
    outer loop
      vertex -25 -0.555674 -3.15138
      vertex -25 -4.42803 -25.1126
      vertex -25 -0.82822 -3.09096
    endloop
  endfacet
  facet normal -1 0 0
    outer loop
      vertex -25 -6.59988 -24.6311
      vertex -25 -0.82822 -3.09096
      vertex -25 -4.42803 -25.1126
    endloop
  endfacet
  facet normal -1 -0 0
    outer loop
      vertex -25 -0.82822 -3.09096
      vertex -25 -6.59988 -24.6311
      vertex -25 -1.09446 -3.00702
    endloop
  endfacet
  facet normal -1 -0 0
    outer loop
      vertex -25 -1.09446 -3.00702
      vertex -25 -6.59988 -24.6311
      vertex -25 -1.35238 -2.90018
    endloop
  endfacet
  facet normal -1 -0 0
    outer loop
      vertex -25 -1.35238 -2.90018
      vertex -25 -6.59988 -24.6311
      vertex -25 -1.6 -2.77128
    endloop
  endfacet
  facet normal -1 -0 0
    outer loop
      vertex -25 -1.6 -2.77128
      vertex -25 -6.59988 -24.6311
      vertex -25 -1.83544 -2.62129
    endloop
  endfacet
  facet normal -1 -0 0
    outer loop
      vertex -25 -1.83544 -2.62129
      vertex -25 -6.59988 -24.6311
      vertex -25 -2.05692 -2.45134
    endloop
  endfacet
  facet normal -1 -0 0
    outer loop
      vertex -25 -2.05692 -2.45134
      vertex -25 -6.59988 -24.6311
      vertex -25 -2.26274 -2.26274
    endloop
  endfacet
  facet normal -1 -0 0
    outer loop
      vertex -25 -2.26274 -2.26274
      vertex -25 -6.59988 -24.6311
      vertex -25 -2.45134 -2.05692
    endloop
  endfacet
  facet normal -1 0 0
    outer loop
      vertex -25 -27 -14.5
      vertex -25 -2.45134 -2.05692
      vertex -25 -6.59988 -24.6311
    endloop
  endfacet
  facet normal -1 -0 0
    outer loop
      vertex -25 -2.45134 -2.05692
      vertex -25 -27 -14.5
      vertex -25 -2.62129 -1.83544
    endloop
  endfacet
  facet normal -1 -0 0
    outer loop
      vertex -25 -2.62129 -1.83544
      vertex -25 -27 -14.5
      vertex -25 -2.77128 -1.6
    endloop
  endfacet
  facet normal -1 -0 0
    outer loop
      vertex -25 -2.77128 -1.6
      vertex -25 -27 -14.5
      vertex -25 -2.90018 -1.35238
    endloop
  endfacet
  facet normal -1 0 -0
    outer loop
      vertex -25 -25.403 2.22247
      vertex -25 -2.90018 -1.35238
      vertex -25 -27 -14.5
    endloop
  endfacet
  facet normal -1 0 0
    outer loop
      vertex -25 -2.90018 -1.35238
      vertex -25 -25.403 2.22247
      vertex -25 -3.00702 -1.09446
    endloop
  endfacet
  facet normal -1 0 0
    outer loop
      vertex -25 -3.00702 -1.09446
      vertex -25 -25.403 2.22247
      vertex -25 -3.09096 -0.82822
    endloop
  endfacet
  facet normal -1 -0 0
    outer loop
      vertex -25 19.5341 16.3911
      vertex -25 2.45134 2.05692
      vertex -25 18.0312 18.0312
    endloop
  endfacet
  facet normal -1 0 0
    outer loop
      vertex -25 2.26274 2.26274
      vertex -25 18.0312 18.0312
      vertex -25 2.45134 2.05692
    endloop
  endfacet
  facet normal -1 -0 0
    outer loop
      vertex -25 18.0312 18.0312
      vertex -25 2.26274 2.26274
      vertex -25 16.3911 19.5341
    endloop
  endfacet
  facet normal -1 0 0
    outer loop
      vertex -25 2.05692 2.45134
      vertex -25 16.3911 19.5341
      vertex -25 2.26274 2.26274
    endloop
  endfacet
  facet normal -1 -0 0
    outer loop
      vertex -25 16.3911 19.5341
      vertex -25 2.05692 2.45134
      vertex -25 14.6262 20.8884
    endloop
  endfacet
  facet normal -1 0 0
    outer loop
      vertex -25 1.83544 2.62129
      vertex -25 14.6262 20.8884
      vertex -25 2.05692 2.45134
    endloop
  endfacet
  facet normal -1 -0 0
    outer loop
      vertex -25 14.6262 20.8884
      vertex -25 1.83544 2.62129
      vertex -25 12.75 22.0836
    endloop
  endfacet
  facet normal -1 0 0
    outer loop
      vertex -25 1.6 2.77128
      vertex -25 12.75 22.0836
      vertex -25 1.83544 2.62129
    endloop
  endfacet
  facet normal -1 -0 0
    outer loop
      vertex -25 12.75 22.0836
      vertex -25 1.6 2.77128
      vertex -25 10.7768 23.1108
    endloop
  endfacet
  facet normal -1 0 0
    outer loop
      vertex -25 1.35238 2.90018
      vertex -25 10.7768 23.1108
      vertex -25 1.6 2.77128
    endloop
  endfacet
  facet normal -1 -0 0
    outer loop
      vertex -25 10.7768 23.1108
      vertex -25 1.35238 2.90018
      vertex -25 8.72151 23.9622
    endloop
  endfacet
  facet normal -1 0 0
    outer loop
      vertex -25 1.09446 3.00702
      vertex -25 8.72151 23.9622
      vertex -25 1.35238 2.90018
    endloop
  endfacet
  facet normal -1 -0 0
    outer loop
      vertex -25 8.72151 23.9622
      vertex -25 1.09446 3.00702
      vertex -25 6.59988 24.6311
    endloop
  endfacet
  facet normal -1 0 0
    outer loop
      vertex -25 0.82822 3.09096
      vertex -25 6.59988 24.6311
      vertex -25 1.09446 3.00702
    endloop
  endfacet
  facet normal -1 -0 0
    outer loop
      vertex -25 6.59988 24.6311
      vertex -25 0.82822 3.09096
      vertex -25 4.42803 25.1126
    endloop
  endfacet
  facet normal -1 0 0
    outer loop
      vertex -25 0.555674 3.15138
      vertex -25 4.42803 25.1126
      vertex -25 0.82822 3.09096
    endloop
  endfacet
  facet normal -1 -0 0
    outer loop
      vertex -25 4.42803 25.1126
      vertex -25 0.555674 3.15138
      vertex -25 2.22247 25.403
    endloop
  endfacet
  facet normal -1 0 0
    outer loop
      vertex -25 0.278898 3.18782
      vertex -25 2.22247 25.403
      vertex -25 0.555674 3.15138
    endloop
  endfacet
  facet normal -1 0 0
    outer loop
      vertex -25 0 3.2
      vertex -25 2.22247 25.403
      vertex -25 0.278898 3.18782
    endloop
  endfacet
  facet normal -1 0 0
    outer loop
      vertex -25 0 3.2
      vertex -25 0 25.5
      vertex -25 2.22247 25.403
    endloop
  endfacet
  facet normal -1 0 0
    outer loop
      vertex -25 -0.278898 3.18782
      vertex -25 0 25.5
      vertex -25 0 3.2
    endloop
  endfacet
  facet normal -1 0 0
    outer loop
      vertex -25 -2.22247 25.403
      vertex -25 -0.278898 3.18782
      vertex -25 -0.555674 3.15138
    endloop
  endfacet
  facet normal -1 0 0
    outer loop
      vertex -25 -4.42803 25.1126
      vertex -25 -0.555674 3.15138
      vertex -25 -0.82822 3.09096
    endloop
  endfacet
  facet normal -1 0 0
    outer loop
      vertex -25 -6.59988 24.6311
      vertex -25 -0.82822 3.09096
      vertex -25 -1.09446 3.00702
    endloop
  endfacet
  facet normal -1 0 0
    outer loop
      vertex -25 -8.72151 23.9622
      vertex -25 -1.09446 3.00702
      vertex -25 -1.35238 2.90018
    endloop
  endfacet
  facet normal -1 0 0
    outer loop
      vertex -25 -10.7768 23.1108
      vertex -25 -1.35238 2.90018
      vertex -25 -1.6 2.77128
    endloop
  endfacet
  facet normal -1 0 0
    outer loop
      vertex -25 -12.75 22.0836
      vertex -25 -1.6 2.77128
      vertex -25 -1.83544 2.62129
    endloop
  endfacet
  facet normal -1 0 0
    outer loop
      vertex -25 -14.6262 20.8884
      vertex -25 -1.83544 2.62129
      vertex -25 -2.05692 2.45134
    endloop
  endfacet
  facet normal -1 0 0
    outer loop
      vertex -25 -0.278898 3.18782
      vertex -25 -2.22247 25.403
      vertex -25 0 25.5
    endloop
  endfacet
  facet normal -1 0 0
    outer loop
      vertex -25 -16.3911 19.5341
      vertex -25 -2.05692 2.45134
      vertex -25 -2.26274 2.26274
    endloop
  endfacet
  facet normal -1 0 0
    outer loop
      vertex -25 -18.0312 18.0312
      vertex -25 -2.26274 2.26274
      vertex -25 -2.45134 2.05692
    endloop
  endfacet
  facet normal -1 0 0
    outer loop
      vertex -25 -19.5341 16.3911
      vertex -25 -2.45134 2.05692
      vertex -25 -2.62129 1.83544
    endloop
  endfacet
  facet normal -1 0 0
    outer loop
      vertex -25 -20.8884 14.6262
      vertex -25 -2.62129 1.83544
      vertex -25 -2.77128 1.6
    endloop
  endfacet
  facet normal -1 0 0
    outer loop
      vertex -25 -22.0836 12.75
      vertex -25 -2.77128 1.6
      vertex -25 -2.90018 1.35238
    endloop
  endfacet
  facet normal -1 0 0
    outer loop
      vertex -25 -23.1108 10.7768
      vertex -25 -2.90018 1.35238
      vertex -25 -3.00702 1.09446
    endloop
  endfacet
  facet normal -1 0 0
    outer loop
      vertex -25 -23.9622 8.72151
      vertex -25 -3.00702 1.09446
      vertex -25 -3.09096 0.82822
    endloop
  endfacet
  facet normal -1 0 0
    outer loop
      vertex -25 -24.6311 6.59988
      vertex -25 -3.09096 0.82822
      vertex -25 -3.15138 0.555674
    endloop
  endfacet
  facet normal -1 0 0
    outer loop
      vertex -25 -25.1126 4.42803
      vertex -25 -3.15138 0.555674
      vertex -25 -3.18782 0.278898
    endloop
  endfacet
  facet normal -1 0 0
    outer loop
      vertex -25 -25.403 2.22247
      vertex -25 -3.18782 0.278898
      vertex -25 -3.2 0
    endloop
  endfacet
  facet normal -1 0 0
    outer loop
      vertex -25 -3.09096 -0.82822
      vertex -25 -25.403 2.22247
      vertex -25 -3.15138 -0.555674
    endloop
  endfacet
  facet normal -1 0 0
    outer loop
      vertex -25 -0.555674 3.15138
      vertex -25 -4.42803 25.1126
      vertex -25 -2.22247 25.403
    endloop
  endfacet
  facet normal -1 0 0
    outer loop
      vertex -25 -3.15138 -0.555674
      vertex -25 -25.403 2.22247
      vertex -25 -3.18782 -0.278898
    endloop
  endfacet
  facet normal -1 0 0
    outer loop
      vertex -25 -0.82822 3.09096
      vertex -25 -6.59988 24.6311
      vertex -25 -4.42803 25.1126
    endloop
  endfacet
  facet normal -1 0 0
    outer loop
      vertex -25 -1.09446 3.00702
      vertex -25 -8.72151 23.9622
      vertex -25 -6.59988 24.6311
    endloop
  endfacet
  facet normal -1 0 0
    outer loop
      vertex -25 -1.35238 2.90018
      vertex -25 -10.7768 23.1108
      vertex -25 -8.72151 23.9622
    endloop
  endfacet
  facet normal -1 0 0
    outer loop
      vertex -25 -1.6 2.77128
      vertex -25 -12.75 22.0836
      vertex -25 -10.7768 23.1108
    endloop
  endfacet
  facet normal -1 0 0
    outer loop
      vertex -25 -1.83544 2.62129
      vertex -25 -14.6262 20.8884
      vertex -25 -12.75 22.0836
    endloop
  endfacet
  facet normal -1 0 0
    outer loop
      vertex -25 -2.05692 2.45134
      vertex -25 -16.3911 19.5341
      vertex -25 -14.6262 20.8884
    endloop
  endfacet
  facet normal -1 0 0
    outer loop
      vertex -25 -2.26274 2.26274
      vertex -25 -18.0312 18.0312
      vertex -25 -16.3911 19.5341
    endloop
  endfacet
  facet normal -1 0 0
    outer loop
      vertex -25 -2.45134 2.05692
      vertex -25 -19.5341 16.3911
      vertex -25 -18.0312 18.0312
    endloop
  endfacet
  facet normal -1 0 0
    outer loop
      vertex -25 -2.62129 1.83544
      vertex -25 -20.8884 14.6262
      vertex -25 -19.5341 16.3911
    endloop
  endfacet
  facet normal -1 0 0
    outer loop
      vertex -25 -2.77128 1.6
      vertex -25 -22.0836 12.75
      vertex -25 -20.8884 14.6262
    endloop
  endfacet
  facet normal -1 0 0
    outer loop
      vertex -25 -2.90018 1.35238
      vertex -25 -23.1108 10.7768
      vertex -25 -22.0836 12.75
    endloop
  endfacet
  facet normal -1 0 0
    outer loop
      vertex -25 -3.00702 1.09446
      vertex -25 -23.9622 8.72151
      vertex -25 -23.1108 10.7768
    endloop
  endfacet
  facet normal -1 0 0
    outer loop
      vertex -25 -3.09096 0.82822
      vertex -25 -24.6311 6.59988
      vertex -25 -23.9622 8.72151
    endloop
  endfacet
  facet normal -1 0 0
    outer loop
      vertex -25 -3.15138 0.555674
      vertex -25 -25.1126 4.42803
      vertex -25 -24.6311 6.59988
    endloop
  endfacet
  facet normal -1 0 0
    outer loop
      vertex -25 -3.18782 0.278898
      vertex -25 -25.403 2.22247
      vertex -25 -25.1126 4.42803
    endloop
  endfacet
  facet normal -1 0 0
    outer loop
      vertex -25 -27 -14.5
      vertex -25 -6.59988 -24.6311
      vertex -25 -27 -19.5
    endloop
  endfacet
  facet normal -1 0 0
    outer loop
      vertex -25 -3.18782 -0.278898
      vertex -25 -25.403 2.22247
      vertex -25 -3.2 0
    endloop
  endfacet
  facet normal 0 0.461755 -0.887008
    outer loop
      vertex -25 10.7768 -23.1108
      vertex -18 12.75 -22.0836
      vertex -18 10.7768 -23.1108
    endloop
  endfacet
  facet normal 0 0.461755 -0.887008
    outer loop
      vertex -18 12.75 -22.0836
      vertex -25 10.7768 -23.1108
      vertex -25 12.75 -22.0836
    endloop
  endfacet
  facet normal 0 0.130541 -0.991443
    outer loop
      vertex -25 2.22247 -25.403
      vertex -18 4.42803 -25.1126
      vertex -18 2.22247 -25.403
    endloop
  endfacet
  facet normal 0 0.130541 -0.991443
    outer loop
      vertex -18 4.42803 -25.1126
      vertex -25 2.22247 -25.403
      vertex -25 4.42803 -25.1126
    endloop
  endfacet
  facet normal 0 0.0436036 -0.999049
    outer loop
      vertex -25 0 -25.5
      vertex -18 2.22247 -25.403
      vertex -18 0 -25.5
    endloop
  endfacet
  facet normal 0 0.0436036 -0.999049
    outer loop
      vertex -18 2.22247 -25.403
      vertex -25 0 -25.5
      vertex -25 2.22247 -25.403
    endloop
  endfacet
  facet normal 0 0.537277 -0.843406
    outer loop
      vertex -25 12.75 -22.0836
      vertex -18 14.6262 -20.8884
      vertex -18 12.75 -22.0836
    endloop
  endfacet
  facet normal 0 0.537277 -0.843406
    outer loop
      vertex -18 14.6262 -20.8884
      vertex -25 12.75 -22.0836
      vertex -25 14.6262 -20.8884
    endloop
  endfacet
  facet normal 0 0.793344 0.608774
    outer loop
      vertex -18 20.8884 14.6262
      vertex -25 19.5341 16.3911
      vertex -18 19.5341 16.3911
    endloop
  endfacet
  facet normal 0 0.793344 0.608774
    outer loop
      vertex -25 19.5341 16.3911
      vertex -18 20.8884 14.6262
      vertex -25 20.8884 14.6262
    endloop
  endfacet
  facet normal 0 0.976295 0.216445
    outer loop
      vertex -18 25.1126 4.42803
      vertex -25 24.6311 6.59988
      vertex -18 24.6311 6.59988
    endloop
  endfacet
  facet normal 0 0.976295 0.216445
    outer loop
      vertex -25 24.6311 6.59988
      vertex -18 25.1126 4.42803
      vertex -25 25.1126 4.42803
    endloop
  endfacet
  facet normal -0 0.0436036 0.999049
    outer loop
      vertex -25 2.22247 25.403
      vertex -18 0 25.5
      vertex -18 2.22247 25.403
    endloop
  endfacet
  facet normal 0 0.0436036 0.999049
    outer loop
      vertex -18 0 25.5
      vertex -25 2.22247 25.403
      vertex -25 0 25.5
    endloop
  endfacet
  facet normal 0 0.923868 0.382711
    outer loop
      vertex -18 23.9622 8.72151
      vertex -25 23.1108 10.7768
      vertex -18 23.1108 10.7768
    endloop
  endfacet
  facet normal 0 0.923868 0.382711
    outer loop
      vertex -25 23.1108 10.7768
      vertex -18 23.9622 8.72151
      vertex -25 23.9622 8.72151
    endloop
  endfacet
  facet normal 1 0 0
    outer loop
      vertex -18 25.403 2.22247
      vertex -18 3.18782 0.278898
      vertex -18 3.2 0
    endloop
  endfacet
  facet normal 1 0 0
    outer loop
      vertex -18 6.59988 24.6311
      vertex -18 3.15138 0.555674
      vertex -18 3.18782 0.278898
    endloop
  endfacet
  facet normal 1 0 0
    outer loop
      vertex -18 6.59988 24.6311
      vertex -18 3.09096 0.82822
      vertex -18 3.15138 0.555674
    endloop
  endfacet
  facet normal 1 0 0
    outer loop
      vertex -18 6.59988 24.6311
      vertex -18 3.00702 1.09446
      vertex -18 3.09096 0.82822
    endloop
  endfacet
  facet normal 1 0 0
    outer loop
      vertex -18 6.59988 24.6311
      vertex -18 2.90018 1.35238
      vertex -18 3.00702 1.09446
    endloop
  endfacet
  facet normal 1 0 0
    outer loop
      vertex -18 6.59988 24.6311
      vertex -18 2.77128 1.6
      vertex -18 2.90018 1.35238
    endloop
  endfacet
  facet normal 1 0 0
    outer loop
      vertex -18 6.59988 24.6311
      vertex -18 2.62129 1.83544
      vertex -18 2.77128 1.6
    endloop
  endfacet
  facet normal 1 0 0
    outer loop
      vertex -18 6.59988 24.6311
      vertex -18 2.45134 2.05692
      vertex -18 2.62129 1.83544
    endloop
  endfacet
  facet normal 1 0 0
    outer loop
      vertex -18 6.59988 24.6311
      vertex -18 2.26274 2.26274
      vertex -18 2.45134 2.05692
    endloop
  endfacet
  facet normal 1 0 0
    outer loop
      vertex -18 0.555674 3.15138
      vertex -18 4.42803 25.1126
      vertex -18 2.22247 25.403
    endloop
  endfacet
  facet normal 1 0 0
    outer loop
      vertex -18 6.59988 24.6311
      vertex -18 2.05692 2.45134
      vertex -18 2.26274 2.26274
    endloop
  endfacet
  facet normal 1 0 0
    outer loop
      vertex -18 6.59988 24.6311
      vertex -18 1.83544 2.62129
      vertex -18 2.05692 2.45134
    endloop
  endfacet
  facet normal 1 0 0
    outer loop
      vertex -18 6.59988 24.6311
      vertex -18 1.6 2.77128
      vertex -18 1.83544 2.62129
    endloop
  endfacet
  facet normal 1 0 0
    outer loop
      vertex -18 6.59988 24.6311
      vertex -18 1.35238 2.90018
      vertex -18 1.6 2.77128
    endloop
  endfacet
  facet normal 1 0 0
    outer loop
      vertex -18 6.59988 24.6311
      vertex -18 1.09446 3.00702
      vertex -18 1.35238 2.90018
    endloop
  endfacet
  facet normal 1 0 0
    outer loop
      vertex -18 6.59988 24.6311
      vertex -18 0.82822 3.09096
      vertex -18 1.09446 3.00702
    endloop
  endfacet
  facet normal 1 0 0
    outer loop
      vertex -18 4.42803 25.1126
      vertex -18 0.555674 3.15138
      vertex -18 0.82822 3.09096
    endloop
  endfacet
  facet normal 1 0 0
    outer loop
      vertex -18 2.22247 25.403
      vertex -18 0.278898 3.18782
      vertex -18 0.555674 3.15138
    endloop
  endfacet
  facet normal 1 0 0
    outer loop
      vertex -18 0 25.5
      vertex -18 0.278898 3.18782
      vertex -18 2.22247 25.403
    endloop
  endfacet
  facet normal 1 0 0
    outer loop
      vertex -18 0 25.5
      vertex -18 0 3.2
      vertex -18 0.278898 3.18782
    endloop
  endfacet
  facet normal 1 0 0
    outer loop
      vertex -18 0 25.5
      vertex -18 -0.278898 3.18782
      vertex -18 0 3.2
    endloop
  endfacet
  facet normal 1 -0 0
    outer loop
      vertex -18 -2.22247 25.403
      vertex -18 -0.278898 3.18782
      vertex -18 0 25.5
    endloop
  endfacet
  facet normal 1 0 0
    outer loop
      vertex -18 -0.278898 3.18782
      vertex -18 -2.22247 25.403
      vertex -18 -0.555674 3.15138
    endloop
  endfacet
  facet normal 1 -0 0
    outer loop
      vertex -18 -4.42803 25.1126
      vertex -18 -0.555674 3.15138
      vertex -18 -2.22247 25.403
    endloop
  endfacet
  facet normal 1 0 0
    outer loop
      vertex -18 -0.555674 3.15138
      vertex -18 -4.42803 25.1126
      vertex -18 -0.82822 3.09096
    endloop
  endfacet
  facet normal 1 -0 0
    outer loop
      vertex -18 -6.59988 24.6311
      vertex -18 -0.82822 3.09096
      vertex -18 -4.42803 25.1126
    endloop
  endfacet
  facet normal 1 0 0
    outer loop
      vertex -18 -0.82822 3.09096
      vertex -18 -6.59988 24.6311
      vertex -18 -1.09446 3.00702
    endloop
  endfacet
  facet normal 1 -0 0
    outer loop
      vertex -18 -8.72151 23.9622
      vertex -18 -1.09446 3.00702
      vertex -18 -6.59988 24.6311
    endloop
  endfacet
  facet normal 1 0 0
    outer loop
      vertex -18 -1.09446 3.00702
      vertex -18 -8.72151 23.9622
      vertex -18 -1.35238 2.90018
    endloop
  endfacet
  facet normal 1 -0 0
    outer loop
      vertex -18 -10.7768 23.1108
      vertex -18 -1.35238 2.90018
      vertex -18 -8.72151 23.9622
    endloop
  endfacet
  facet normal 1 0 0
    outer loop
      vertex -18 -1.35238 2.90018
      vertex -18 -10.7768 23.1108
      vertex -18 -1.6 2.77128
    endloop
  endfacet
  facet normal 1 -0 0
    outer loop
      vertex -18 -12.75 22.0836
      vertex -18 -1.6 2.77128
      vertex -18 -10.7768 23.1108
    endloop
  endfacet
  facet normal 1 0 0
    outer loop
      vertex -18 -1.6 2.77128
      vertex -18 -12.75 22.0836
      vertex -18 -1.83544 2.62129
    endloop
  endfacet
  facet normal 1 -0 0
    outer loop
      vertex -18 -14.6262 20.8884
      vertex -18 -1.83544 2.62129
      vertex -18 -12.75 22.0836
    endloop
  endfacet
  facet normal 1 0 0
    outer loop
      vertex -18 -1.83544 2.62129
      vertex -18 -14.6262 20.8884
      vertex -18 -2.05692 2.45134
    endloop
  endfacet
  facet normal 1 -0 0
    outer loop
      vertex -18 -16.3911 19.5341
      vertex -18 -2.05692 2.45134
      vertex -18 -14.6262 20.8884
    endloop
  endfacet
  facet normal 1 0 0
    outer loop
      vertex -18 -2.05692 2.45134
      vertex -18 -16.3911 19.5341
      vertex -18 -2.26274 2.26274
    endloop
  endfacet
  facet normal 1 -0 0
    outer loop
      vertex -18 -18.0312 18.0312
      vertex -18 -2.26274 2.26274
      vertex -18 -16.3911 19.5341
    endloop
  endfacet
  facet normal 1 0 0
    outer loop
      vertex -18 -2.26274 2.26274
      vertex -18 -18.0312 18.0312
      vertex -18 -2.45134 2.05692
    endloop
  endfacet
  facet normal 1 -0 0
    outer loop
      vertex -18 -19.5341 16.3911
      vertex -18 -2.45134 2.05692
      vertex -18 -18.0312 18.0312
    endloop
  endfacet
  facet normal 1 0 0
    outer loop
      vertex -18 3.2 0
      vertex -18 25.5 0
      vertex -18 25.403 2.22247
    endloop
  endfacet
  facet normal 1 0 0
    outer loop
      vertex -18 3.18782 0.278898
      vertex -18 25.403 2.22247
      vertex -18 25.1126 4.42803
    endloop
  endfacet
  facet normal 1 0 0
    outer loop
      vertex -18 25.5 0
      vertex -18 3.2 0
      vertex -18 25.403 -2.22247
    endloop
  endfacet
  facet normal 1 0 0
    outer loop
      vertex -18 3.18782 0.278898
      vertex -18 25.1126 4.42803
      vertex -18 24.6311 6.59988
    endloop
  endfacet
  facet normal 1 -0 0
    outer loop
      vertex -18 3.18782 -0.278898
      vertex -18 25.403 -2.22247
      vertex -18 3.2 0
    endloop
  endfacet
  facet normal 1 0 0
    outer loop
      vertex -18 3.18782 0.278898
      vertex -18 24.6311 6.59988
      vertex -18 23.9622 8.72151
    endloop
  endfacet
  facet normal 1 0 0
    outer loop
      vertex -18 25.403 -2.22247
      vertex -18 3.18782 -0.278898
      vertex -18 25.1126 -4.42803
    endloop
  endfacet
  facet normal 1 0 0
    outer loop
      vertex -18 3.18782 0.278898
      vertex -18 23.9622 8.72151
      vertex -18 23.1108 10.7768
    endloop
  endfacet
  facet normal 1 -0 0
    outer loop
      vertex -18 3.15138 -0.555674
      vertex -18 25.1126 -4.42803
      vertex -18 3.18782 -0.278898
    endloop
  endfacet
  facet normal 1 0 0
    outer loop
      vertex -18 3.18782 0.278898
      vertex -18 23.1108 10.7768
      vertex -18 22.0836 12.75
    endloop
  endfacet
  facet normal 1 0 -0
    outer loop
      vertex -18 14.7 -13.9
      vertex -18 25.1126 -4.42803
      vertex -18 3.15138 -0.555674
    endloop
  endfacet
  facet normal 1 0 0
    outer loop
      vertex -18 3.18782 0.278898
      vertex -18 22.0836 12.75
      vertex -18 20.8884 14.6262
    endloop
  endfacet
  facet normal 1 0 0
    outer loop
      vertex -18 25.1126 -4.42803
      vertex -18 14.7 -13.9
      vertex -18 24.6311 -6.59988
    endloop
  endfacet
  facet normal 1 0 0
    outer loop
      vertex -18 3.18782 0.278898
      vertex -18 20.8884 14.6262
      vertex -18 19.5341 16.3911
    endloop
  endfacet
  facet normal 1 0 0
    outer loop
      vertex -18 22.0836 -12.75
      vertex -18 15.3 -13.9
      vertex -18 20.8884 -14.6262
    endloop
  endfacet
  facet normal 1 0 0
    outer loop
      vertex -18 3.18782 0.278898
      vertex -18 19.5341 16.3911
      vertex -18 18.0312 18.0312
    endloop
  endfacet
  facet normal 1 0 0
    outer loop
      vertex -18 20.8884 -14.6262
      vertex -18 15.3 -13.9
      vertex -18 19.5341 -16.3911
    endloop
  endfacet
  facet normal 1 0 0
    outer loop
      vertex -18 3.18782 0.278898
      vertex -18 18.0312 18.0312
      vertex -18 16.3911 19.5341
    endloop
  endfacet
  facet normal 1 -0 0
    outer loop
      vertex -18 15.3 -14.5
      vertex -18 19.5341 -16.3911
      vertex -18 15.3 -13.9
    endloop
  endfacet
  facet normal 1 0 0
    outer loop
      vertex -18 19.5341 -16.3911
      vertex -18 15.3 -14.5
      vertex -18 18.0312 -18.0312
    endloop
  endfacet
  facet normal 1 0 0
    outer loop
      vertex -18 23.1108 -10.7768
      vertex -18 15.3 -13.9
      vertex -18 22.0836 -12.75
    endloop
  endfacet
  facet normal 1 0 0
    outer loop
      vertex -18 3.18782 0.278898
      vertex -18 16.3911 19.5341
      vertex -18 14.6262 20.8884
    endloop
  endfacet
  facet normal 1 0 0
    outer loop
      vertex -18 23.9622 -8.72151
      vertex -18 15.3 -13.9
      vertex -18 23.1108 -10.7768
    endloop
  endfacet
  facet normal 1 0 0
    outer loop
      vertex -18 3.18782 0.278898
      vertex -18 14.6262 20.8884
      vertex -18 12.75 22.0836
    endloop
  endfacet
  facet normal 1 0 0
    outer loop
      vertex -18 3.18782 0.278898
      vertex -18 12.75 22.0836
      vertex -18 10.7768 23.1108
    endloop
  endfacet
  facet normal 1 0 0
    outer loop
      vertex -18 3.18782 0.278898
      vertex -18 10.7768 23.1108
      vertex -18 8.72151 23.9622
    endloop
  endfacet
  facet normal 1 0 0
    outer loop
      vertex -18 3.18782 0.278898
      vertex -18 8.72151 23.9622
      vertex -18 6.59988 24.6311
    endloop
  endfacet
  facet normal 1 0 0
    outer loop
      vertex -18 0.82822 3.09096
      vertex -18 6.59988 24.6311
      vertex -18 4.42803 25.1126
    endloop
  endfacet
  facet normal 1 0 0
    outer loop
      vertex -18 24.6311 -6.59988
      vertex -18 15.3 -13.9
      vertex -18 23.9622 -8.72151
    endloop
  endfacet
  facet normal 1 0 -0
    outer loop
      vertex -18 15.3 -13.9
      vertex -18 24.6311 -6.59988
      vertex -18 14.7 -13.9
    endloop
  endfacet
  facet normal 1 -0 0
    outer loop
      vertex -18 3.09096 -0.82822
      vertex -18 14.7 -13.9
      vertex -18 3.15138 -0.555674
    endloop
  endfacet
  facet normal 1 -0 0
    outer loop
      vertex -18 3.00702 -1.09446
      vertex -18 14.7 -13.9
      vertex -18 3.09096 -0.82822
    endloop
  endfacet
  facet normal 1 -0 0
    outer loop
      vertex -18 2.90018 -1.35238
      vertex -18 14.7 -13.9
      vertex -18 3.00702 -1.09446
    endloop
  endfacet
  facet normal 1 -0 0
    outer loop
      vertex -18 2.77128 -1.6
      vertex -18 14.7 -13.9
      vertex -18 2.90018 -1.35238
    endloop
  endfacet
  facet normal 1 -0 0
    outer loop
      vertex -18 2.62129 -1.83544
      vertex -18 14.7 -13.9
      vertex -18 2.77128 -1.6
    endloop
  endfacet
  facet normal 1 -0 0
    outer loop
      vertex -18 2.45134 -2.05692
      vertex -18 14.7 -13.9
      vertex -18 2.62129 -1.83544
    endloop
  endfacet
  facet normal 1 -0 0
    outer loop
      vertex -18 2.26274 -2.26274
      vertex -18 14.7 -13.9
      vertex -18 2.45134 -2.05692
    endloop
  endfacet
  facet normal 1 -0 0
    outer loop
      vertex -18 2.05692 -2.45134
      vertex -18 14.7 -13.9
      vertex -18 2.26274 -2.26274
    endloop
  endfacet
  facet normal 1 -0 0
    outer loop
      vertex -18 1.83544 -2.62129
      vertex -18 14.7 -13.9
      vertex -18 2.05692 -2.45134
    endloop
  endfacet
  facet normal 1 -0 0
    outer loop
      vertex -18 1.6 -2.77128
      vertex -18 14.7 -13.9
      vertex -18 1.83544 -2.62129
    endloop
  endfacet
  facet normal 1 -0 0
    outer loop
      vertex -18 1.35238 -2.90018
      vertex -18 14.7 -13.9
      vertex -18 1.6 -2.77128
    endloop
  endfacet
  facet normal 1 -0 0
    outer loop
      vertex -18 1.09446 -3.00702
      vertex -18 14.7 -13.9
      vertex -18 1.35238 -2.90018
    endloop
  endfacet
  facet normal 1 -0 0
    outer loop
      vertex -18 0.82822 -3.09096
      vertex -18 14.7 -13.9
      vertex -18 1.09446 -3.00702
    endloop
  endfacet
  facet normal 1 0 0
    outer loop
      vertex -18 14.7 -13.9
      vertex -18 0.82822 -3.09096
      vertex -18 14.7 -14.5
    endloop
  endfacet
  facet normal 1 -0 0
    outer loop
      vertex -18 0.555674 -3.15138
      vertex -18 14.7 -14.5
      vertex -18 0.82822 -3.09096
    endloop
  endfacet
  facet normal 1 -0 0
    outer loop
      vertex -18 0.278898 -3.18782
      vertex -18 14.7 -14.5
      vertex -18 0.555674 -3.15138
    endloop
  endfacet
  facet normal 1 -0 0
    outer loop
      vertex -18 0 -3.2
      vertex -18 14.7 -14.5
      vertex -18 0.278898 -3.18782
    endloop
  endfacet
  facet normal 1 0 0
    outer loop
      vertex -18 -0.278898 -3.18782
      vertex -18 14.7 -14.5
      vertex -18 0 -3.2
    endloop
  endfacet
  facet normal 1 0 0
    outer loop
      vertex -18 -0.555674 -3.15138
      vertex -18 14.7 -14.5
      vertex -18 -0.278898 -3.18782
    endloop
  endfacet
  facet normal 1 0 0
    outer loop
      vertex -18 -0.82822 -3.09096
      vertex -18 14.7 -14.5
      vertex -18 -0.555674 -3.15138
    endloop
  endfacet
  facet normal 1 0 0
    outer loop
      vertex -18 -27 -14.5
      vertex -18 -0.82822 -3.09096
      vertex -18 -1.09446 -3.00702
    endloop
  endfacet
  facet normal 1 0 0
    outer loop
      vertex -18 -27 -14.5
      vertex -18 -1.09446 -3.00702
      vertex -18 -1.35238 -2.90018
    endloop
  endfacet
  facet normal 1 0 0
    outer loop
      vertex -18 -27 -14.5
      vertex -18 -1.35238 -2.90018
      vertex -18 -1.6 -2.77128
    endloop
  endfacet
  facet normal 1 0 0
    outer loop
      vertex -18 -27 -14.5
      vertex -18 -1.6 -2.77128
      vertex -18 -1.83544 -2.62129
    endloop
  endfacet
  facet normal 1 0 0
    outer loop
      vertex -18 -2.45134 2.05692
      vertex -18 -19.5341 16.3911
      vertex -18 -2.62129 1.83544
    endloop
  endfacet
  facet normal 1 -0 0
    outer loop
      vertex -18 -20.8884 14.6262
      vertex -18 -2.62129 1.83544
      vertex -18 -19.5341 16.3911
    endloop
  endfacet
  facet normal 1 0 0
    outer loop
      vertex -18 -2.62129 1.83544
      vertex -18 -20.8884 14.6262
      vertex -18 -2.77128 1.6
    endloop
  endfacet
  facet normal 1 -0 0
    outer loop
      vertex -18 -22.0836 12.75
      vertex -18 -2.77128 1.6
      vertex -18 -20.8884 14.6262
    endloop
  endfacet
  facet normal 1 0 0
    outer loop
      vertex -18 -2.77128 1.6
      vertex -18 -22.0836 12.75
      vertex -18 -2.90018 1.35238
    endloop
  endfacet
  facet normal 1 -0 0
    outer loop
      vertex -18 -23.1108 10.7768
      vertex -18 -2.90018 1.35238
      vertex -18 -22.0836 12.75
    endloop
  endfacet
  facet normal 1 0 0
    outer loop
      vertex -18 -2.90018 1.35238
      vertex -18 -23.1108 10.7768
      vertex -18 -3.00702 1.09446
    endloop
  endfacet
  facet normal 1 -0 0
    outer loop
      vertex -18 -23.9622 8.72151
      vertex -18 -3.00702 1.09446
      vertex -18 -23.1108 10.7768
    endloop
  endfacet
  facet normal 1 0 0
    outer loop
      vertex -18 -3.00702 1.09446
      vertex -18 -23.9622 8.72151
      vertex -18 -3.09096 0.82822
    endloop
  endfacet
  facet normal 1 -0 0
    outer loop
      vertex -18 -24.6311 6.59988
      vertex -18 -3.09096 0.82822
      vertex -18 -23.9622 8.72151
    endloop
  endfacet
  facet normal 1 0 0
    outer loop
      vertex -18 -3.09096 0.82822
      vertex -18 -24.6311 6.59988
      vertex -18 -3.15138 0.555674
    endloop
  endfacet
  facet normal 1 -0 0
    outer loop
      vertex -18 -25.1126 4.42803
      vertex -18 -3.15138 0.555674
      vertex -18 -24.6311 6.59988
    endloop
  endfacet
  facet normal 1 0 0
    outer loop
      vertex -18 -3.15138 0.555674
      vertex -18 -25.1126 4.42803
      vertex -18 -3.18782 0.278898
    endloop
  endfacet
  facet normal 1 -0 0
    outer loop
      vertex -18 -25.403 2.22247
      vertex -18 -3.18782 0.278898
      vertex -18 -25.1126 4.42803
    endloop
  endfacet
  facet normal 1 0 0
    outer loop
      vertex -18 -3.18782 0.278898
      vertex -18 -25.403 2.22247
      vertex -18 -3.2 0
    endloop
  endfacet
  facet normal 1 0 0
    outer loop
      vertex -18 -3.2 0
      vertex -18 -25.403 2.22247
      vertex -18 -3.18782 -0.278898
    endloop
  endfacet
  facet normal 1 0 0
    outer loop
      vertex -18 -3.18782 -0.278898
      vertex -18 -25.403 2.22247
      vertex -18 -3.15138 -0.555674
    endloop
  endfacet
  facet normal 1 0 0
    outer loop
      vertex -18 -3.15138 -0.555674
      vertex -18 -25.403 2.22247
      vertex -18 -3.09096 -0.82822
    endloop
  endfacet
  facet normal 1 0 0
    outer loop
      vertex -18 -3.09096 -0.82822
      vertex -18 -25.403 2.22247
      vertex -18 -3.00702 -1.09446
    endloop
  endfacet
  facet normal 1 0 0
    outer loop
      vertex -18 -3.00702 -1.09446
      vertex -18 -25.403 2.22247
      vertex -18 -2.90018 -1.35238
    endloop
  endfacet
  facet normal 1 0 0
    outer loop
      vertex -18 -27 -14.5
      vertex -18 -2.90018 -1.35238
      vertex -18 -25.403 2.22247
    endloop
  endfacet
  facet normal 1 0 0
    outer loop
      vertex -18 -2.90018 -1.35238
      vertex -18 -27 -14.5
      vertex -18 -2.77128 -1.6
    endloop
  endfacet
  facet normal 1 0 0
    outer loop
      vertex -18 -2.77128 -1.6
      vertex -18 -27 -14.5
      vertex -18 -2.62129 -1.83544
    endloop
  endfacet
  facet normal 1 0 0
    outer loop
      vertex -18 -2.62129 -1.83544
      vertex -18 -27 -14.5
      vertex -18 -2.45134 -2.05692
    endloop
  endfacet
  facet normal 1 0 0
    outer loop
      vertex -18 -2.45134 -2.05692
      vertex -18 -27 -14.5
      vertex -18 -2.26274 -2.26274
    endloop
  endfacet
  facet normal 1 0 0
    outer loop
      vertex -18 -2.26274 -2.26274
      vertex -18 -27 -14.5
      vertex -18 -2.05692 -2.45134
    endloop
  endfacet
  facet normal 1 0 0
    outer loop
      vertex -18 -2.05692 -2.45134
      vertex -18 -27 -14.5
      vertex -18 -1.83544 -2.62129
    endloop
  endfacet
  facet normal 1 0 0
    outer loop
      vertex -18 -0.82822 -3.09096
      vertex -18 -27 -14.5
      vertex -18 14.7 -14.5
    endloop
  endfacet
  facet normal 1 0 0
    outer loop
      vertex -18 15 -19.5
      vertex -18 18.0312 -18.0312
      vertex -18 15.3 -14.5
    endloop
  endfacet
  facet normal 1 0 0
    outer loop
      vertex -18 15 -19.5
      vertex -18 15.3 -14.5
      vertex -18 15 -14.5
    endloop
  endfacet
  facet normal 1 0 0
    outer loop
      vertex -18 18.0312 -18.0312
      vertex -18 15 -19.5
      vertex -18 16.3911 -19.5341
    endloop
  endfacet
  facet normal 1 0 0
    outer loop
      vertex -18 15 -19.5
      vertex -18 14.6262 -20.8884
      vertex -18 16.3911 -19.5341
    endloop
  endfacet
  facet normal 1 0 0
    outer loop
      vertex -18 15 -19.5
      vertex -18 12.75 -22.0836
      vertex -18 14.6262 -20.8884
    endloop
  endfacet
  facet normal 1 0 0
    outer loop
      vertex -18 15 -19.5
      vertex -18 10.7768 -23.1108
      vertex -18 12.75 -22.0836
    endloop
  endfacet
  facet normal 1 0 0
    outer loop
      vertex -18 15 -19.5
      vertex -18 8.72151 -23.9622
      vertex -18 10.7768 -23.1108
    endloop
  endfacet
  facet normal 1 0 0
    outer loop
      vertex -18 15 -19.5
      vertex -18 6.59988 -24.6311
      vertex -18 8.72151 -23.9622
    endloop
  endfacet
  facet normal 1 0 0
    outer loop
      vertex -18 15 -19.5
      vertex -18 4.42803 -25.1126
      vertex -18 6.59988 -24.6311
    endloop
  endfacet
  facet normal 1 0 0
    outer loop
      vertex -18 15 -19.5
      vertex -18 2.22247 -25.403
      vertex -18 4.42803 -25.1126
    endloop
  endfacet
  facet normal 1 0 0
    outer loop
      vertex -18 15 -19.5
      vertex -18 0 -25.5
      vertex -18 2.22247 -25.403
    endloop
  endfacet
  facet normal 1 0 0
    outer loop
      vertex -18 15 -19.5
      vertex -18 -2.22247 -25.403
      vertex -18 0 -25.5
    endloop
  endfacet
  facet normal 1 0 0
    outer loop
      vertex -18 15 -19.5
      vertex -18 -4.42803 -25.1126
      vertex -18 -2.22247 -25.403
    endloop
  endfacet
  facet normal 1 0 0
    outer loop
      vertex -18 15 -19.5
      vertex -18 -6.59988 -24.6311
      vertex -18 -4.42803 -25.1126
    endloop
  endfacet
  facet normal 1 0 -0
    outer loop
      vertex -18 -6.59988 -24.6311
      vertex -18 15 -19.5
      vertex -18 -27 -19.5
    endloop
  endfacet
  facet normal 0 -0.130541 0.991443
    outer loop
      vertex -25 -2.22247 25.403
      vertex -18 -4.42803 25.1126
      vertex -18 -2.22247 25.403
    endloop
  endfacet
  facet normal 0 -0.130541 0.991443
    outer loop
      vertex -18 -4.42803 25.1126
      vertex -25 -2.22247 25.403
      vertex -25 -4.42803 25.1126
    endloop
  endfacet
  facet normal 0 -0.737272 0.675596
    outer loop
      vertex 18 -19.5341 16.3911
      vertex 25 -18.0312 18.0312
      vertex 18 -18.0312 18.0312
    endloop
  endfacet
  facet normal 0 -0.737272 0.675596
    outer loop
      vertex 25 -18.0312 18.0312
      vertex 18 -19.5341 16.3911
      vertex 25 -19.5341 16.3911
    endloop
  endfacet
  facet normal 0 -0.887008 0.461755
    outer loop
      vertex 18 -23.1108 10.7768
      vertex 25 -22.0836 12.75
      vertex 18 -22.0836 12.75
    endloop
  endfacet
  facet normal 0 -0.887008 0.461755
    outer loop
      vertex 25 -22.0836 12.75
      vertex 18 -23.1108 10.7768
      vertex 25 -23.1108 10.7768
    endloop
  endfacet
  facet normal 0 0.737272 0.675596
    outer loop
      vertex 25 19.5341 16.3911
      vertex 18 18.0312 18.0312
      vertex 25 18.0312 18.0312
    endloop
  endfacet
  facet normal 0 0.737272 0.675596
    outer loop
      vertex 18 18.0312 18.0312
      vertex 25 19.5341 16.3911
      vertex 18 19.5341 16.3911
    endloop
  endfacet
  facet normal 0 -0.843406 0.537277
    outer loop
      vertex 18 -22.0836 12.75
      vertex 25 -20.8884 14.6262
      vertex 18 -20.8884 14.6262
    endloop
  endfacet
  facet normal 0 -0.843406 0.537277
    outer loop
      vertex 25 -20.8884 14.6262
      vertex 18 -22.0836 12.75
      vertex 25 -22.0836 12.75
    endloop
  endfacet
  facet normal 0 0.999049 0.0436036
    outer loop
      vertex 25 25.5 0
      vertex 18 25.403 2.22247
      vertex 25 25.403 2.22247
    endloop
  endfacet
  facet normal 0 0.999049 0.0436036
    outer loop
      vertex 18 25.403 2.22247
      vertex 25 25.5 0
      vertex 18 25.5 0
    endloop
  endfacet
  facet normal 0 0.300686 -0.953723
    outer loop
      vertex 18 6.59988 -24.6311
      vertex 25 8.72151 -23.9622
      vertex 25 6.59988 -24.6311
    endloop
  endfacet
  facet normal 0 0.300686 -0.953723
    outer loop
      vertex 25 8.72151 -23.9622
      vertex 18 6.59988 -24.6311
      vertex 18 8.72151 -23.9622
    endloop
  endfacet
  facet normal 0 -0.0436036 0.999049
    outer loop
      vertex 18 0 25.5
      vertex 25 -2.22247 25.403
      vertex 25 0 25.5
    endloop
  endfacet
  facet normal 0 -0.0436036 0.999049
    outer loop
      vertex 25 -2.22247 25.403
      vertex 18 0 25.5
      vertex 18 -2.22247 25.403
    endloop
  endfacet
  facet normal -0 0.675596 0.737272
    outer loop
      vertex 18 18.0312 18.0312
      vertex 25 16.3911 19.5341
      vertex 25 18.0312 18.0312
    endloop
  endfacet
  facet normal 0 0.675596 0.737272
    outer loop
      vertex 25 16.3911 19.5341
      vertex 18 18.0312 18.0312
      vertex 18 16.3911 19.5341
    endloop
  endfacet
  facet normal 0 -0.130541 0.991443
    outer loop
      vertex 18 -2.22247 25.403
      vertex 25 -4.42803 25.1126
      vertex 25 -2.22247 25.403
    endloop
  endfacet
  facet normal 0 -0.130541 0.991443
    outer loop
      vertex 25 -4.42803 25.1126
      vertex 18 -2.22247 25.403
      vertex 18 -4.42803 25.1126
    endloop
  endfacet
  facet normal 0 0.537277 -0.843406
    outer loop
      vertex 18 12.75 -22.0836
      vertex 25 14.6262 -20.8884
      vertex 25 12.75 -22.0836
    endloop
  endfacet
  facet normal 0 0.537277 -0.843406
    outer loop
      vertex 25 14.6262 -20.8884
      vertex 18 12.75 -22.0836
      vertex 18 14.6262 -20.8884
    endloop
  endfacet
  facet normal 0 0.976295 -0.216445
    outer loop
      vertex 25 24.6311 -6.59988
      vertex 18 25.1126 -4.42803
      vertex 25 25.1126 -4.42803
    endloop
  endfacet
  facet normal 0 0.976295 -0.216445
    outer loop
      vertex 18 25.1126 -4.42803
      vertex 25 24.6311 -6.59988
      vertex 18 24.6311 -6.59988
    endloop
  endfacet
  facet normal 0 0.608774 -0.793344
    outer loop
      vertex 18 14.6262 -20.8884
      vertex 25 16.3911 -19.5341
      vertex 25 14.6262 -20.8884
    endloop
  endfacet
  facet normal 0 0.608774 -0.793344
    outer loop
      vertex 25 16.3911 -19.5341
      vertex 18 14.6262 -20.8884
      vertex 18 16.3911 -19.5341
    endloop
  endfacet
  facet normal 0 -0.793344 0.608774
    outer loop
      vertex 18 -20.8884 14.6262
      vertex 25 -19.5341 16.3911
      vertex 18 -19.5341 16.3911
    endloop
  endfacet
  facet normal 0 -0.793344 0.608774
    outer loop
      vertex 25 -19.5341 16.3911
      vertex 18 -20.8884 14.6262
      vertex 25 -20.8884 14.6262
    endloop
  endfacet
  facet normal -0 0.461755 0.887008
    outer loop
      vertex 18 12.75 22.0836
      vertex 25 10.7768 23.1108
      vertex 25 12.75 22.0836
    endloop
  endfacet
  facet normal 0 0.461755 0.887008
    outer loop
      vertex 25 10.7768 23.1108
      vertex 18 12.75 22.0836
      vertex 18 10.7768 23.1108
    endloop
  endfacet
  facet normal -0 0.537277 0.843406
    outer loop
      vertex 18 14.6262 20.8884
      vertex 25 12.75 22.0836
      vertex 25 14.6262 20.8884
    endloop
  endfacet
  facet normal 0 0.537277 0.843406
    outer loop
      vertex 25 12.75 22.0836
      vertex 18 14.6262 20.8884
      vertex 18 12.75 22.0836
    endloop
  endfacet
  facet normal 0 -0.243926 -0.969794
    outer loop
      vertex 18 -27 -19.5
      vertex 25 -6.59988 -24.6311
      vertex 25 -27 -19.5
    endloop
  endfacet
  facet normal -0 -0.243926 -0.969794
    outer loop
      vertex 25 -6.59988 -24.6311
      vertex 18 -27 -19.5
      vertex 18 -6.59988 -24.6311
    endloop
  endfacet
  facet normal 0 0.675596 -0.737272
    outer loop
      vertex 18 16.3911 -19.5341
      vertex 25 18.0312 -18.0312
      vertex 25 16.3911 -19.5341
    endloop
  endfacet
  facet normal 0 0.675596 -0.737272
    outer loop
      vertex 25 18.0312 -18.0312
      vertex 18 16.3911 -19.5341
      vertex 18 18.0312 -18.0312
    endloop
  endfacet
  facet normal 0 -0.991443 0.130541
    outer loop
      vertex 18 -25.403 2.22247
      vertex 25 -25.1126 4.42803
      vertex 18 -25.1126 4.42803
    endloop
  endfacet
  facet normal 0 -0.991443 0.130541
    outer loop
      vertex 25 -25.1126 4.42803
      vertex 18 -25.403 2.22247
      vertex 25 -25.403 2.22247
    endloop
  endfacet
  facet normal 0 -0.995471 0.0950677
    outer loop
      vertex 18 -27 -14.5
      vertex 25 -25.403 2.22247
      vertex 18 -25.403 2.22247
    endloop
  endfacet
  facet normal 0 -0.995471 0.0950677
    outer loop
      vertex 25 -25.403 2.22247
      vertex 18 -27 -14.5
      vertex 25 -27 -14.5
    endloop
  endfacet
  facet normal 0 -0.976295 0.216445
    outer loop
      vertex 18 -25.1126 4.42803
      vertex 25 -24.6311 6.59988
      vertex 18 -24.6311 6.59988
    endloop
  endfacet
  facet normal 0 -0.976295 0.216445
    outer loop
      vertex 25 -24.6311 6.59988
      vertex 18 -25.1126 4.42803
      vertex 25 -25.1126 4.42803
    endloop
  endfacet
  facet normal 0 -0.953723 0.300686
    outer loop
      vertex 18 -24.6311 6.59988
      vertex 25 -23.9622 8.72151
      vertex 18 -23.9622 8.72151
    endloop
  endfacet
  facet normal 0 -0.953723 0.300686
    outer loop
      vertex 25 -23.9622 8.72151
      vertex 18 -24.6311 6.59988
      vertex 25 -24.6311 6.59988
    endloop
  endfacet
  facet normal 0 -0.675596 0.737272
    outer loop
      vertex 18 -16.3911 19.5341
      vertex 25 -18.0312 18.0312
      vertex 25 -16.3911 19.5341
    endloop
  endfacet
  facet normal 0 -0.675596 0.737272
    outer loop
      vertex 25 -18.0312 18.0312
      vertex 18 -16.3911 19.5341
      vertex 18 -18.0312 18.0312
    endloop
  endfacet
  facet normal 0 0.887008 -0.461755
    outer loop
      vertex 25 22.0836 -12.75
      vertex 18 23.1108 -10.7768
      vertex 25 23.1108 -10.7768
    endloop
  endfacet
  facet normal 0 0.887008 -0.461755
    outer loop
      vertex 18 23.1108 -10.7768
      vertex 25 22.0836 -12.75
      vertex 18 22.0836 -12.75
    endloop
  endfacet
  facet normal 0 0.923868 -0.382711
    outer loop
      vertex 25 23.1108 -10.7768
      vertex 18 23.9622 -8.72151
      vertex 25 23.9622 -8.72151
    endloop
  endfacet
  facet normal 0 0.923868 -0.382711
    outer loop
      vertex 18 23.9622 -8.72151
      vertex 25 23.1108 -10.7768
      vertex 18 23.1108 -10.7768
    endloop
  endfacet
  facet normal 0 0.737272 -0.675596
    outer loop
      vertex 25 18.0312 -18.0312
      vertex 18 19.5341 -16.3911
      vertex 25 19.5341 -16.3911
    endloop
  endfacet
  facet normal 0 0.737272 -0.675596
    outer loop
      vertex 18 19.5341 -16.3911
      vertex 25 18.0312 -18.0312
      vertex 18 18.0312 -18.0312
    endloop
  endfacet
  facet normal 1 0 0
    outer loop
      vertex 25 -3.18782 0.278898
      vertex 25 -15.2107 0.244036
      vertex 25 -15.2 0
    endloop
  endfacet
  facet normal 1 0 0
    outer loop
      vertex 25 -2.26274 2.26274
      vertex 25 -15.2425 0.486215
      vertex 25 -15.2107 0.244036
    endloop
  endfacet
  facet normal 1 0 0
    outer loop
      vertex 25 -2.26274 2.26274
      vertex 25 -15.2954 0.724693
      vertex 25 -15.2425 0.486215
    endloop
  endfacet
  facet normal 1 0 0
    outer loop
      vertex 25 -2.26274 2.26274
      vertex 25 -15.3689 0.957656
      vertex 25 -15.2954 0.724693
    endloop
  endfacet
  facet normal 1 0 0
    outer loop
      vertex 25 -2.26274 2.26274
      vertex 25 -15.4623 1.18333
      vertex 25 -15.3689 0.957656
    endloop
  endfacet
  facet normal 1 0 0
    outer loop
      vertex 25 -2.26274 2.26274
      vertex 25 -15.5751 1.4
      vertex 25 -15.4623 1.18333
    endloop
  endfacet
  facet normal 1 0 0
    outer loop
      vertex 25 -2.26274 2.26274
      vertex 25 -15.7064 1.60601
      vertex 25 -15.5751 1.4
    endloop
  endfacet
  facet normal 1 0 0
    outer loop
      vertex 25 -2.26274 2.26274
      vertex 25 -15.8551 1.7998
      vertex 25 -15.7064 1.60601
    endloop
  endfacet
  facet normal 1 0 0
    outer loop
      vertex 25 -2.26274 2.26274
      vertex 25 -16.0201 1.9799
      vertex 25 -15.8551 1.7998
    endloop
  endfacet
  facet normal 1 0 0
    outer loop
      vertex 25 -2.26274 2.26274
      vertex 25 -16.2002 2.14492
      vertex 25 -16.0201 1.9799
    endloop
  endfacet
  facet normal 1 0 0
    outer loop
      vertex 25 -2.05692 2.45134
      vertex 25 -16.2002 2.14492
      vertex 25 -2.26274 2.26274
    endloop
  endfacet
  facet normal 1 0 0
    outer loop
      vertex 25 -16.3911 19.5341
      vertex 25 -16.394 2.29362
      vertex 25 -16.2002 2.14492
    endloop
  endfacet
  facet normal 1 -0 0
    outer loop
      vertex 25 -18.0312 18.0312
      vertex 25 -16.394 2.29362
      vertex 25 -16.3911 19.5341
    endloop
  endfacet
  facet normal 1 0 0
    outer loop
      vertex 25 -16.394 2.29362
      vertex 25 -18.0312 18.0312
      vertex 25 -16.6 2.42487
    endloop
  endfacet
  facet normal 1 -0 0
    outer loop
      vertex 25 -19.5341 16.3911
      vertex 25 -16.6 2.42487
      vertex 25 -18.0312 18.0312
    endloop
  endfacet
  facet normal 1 0 0
    outer loop
      vertex 25 -16.6 2.42487
      vertex 25 -19.5341 16.3911
      vertex 25 -16.8167 2.53766
    endloop
  endfacet
  facet normal 1 -0 0
    outer loop
      vertex 25 -20.8884 14.6262
      vertex 25 -16.8167 2.53766
      vertex 25 -19.5341 16.3911
    endloop
  endfacet
  facet normal 1 0 0
    outer loop
      vertex 25 -16.8167 2.53766
      vertex 25 -20.8884 14.6262
      vertex 25 -17.0423 2.63114
    endloop
  endfacet
  facet normal 1 0 0
    outer loop
      vertex 25 -17.0423 2.63114
      vertex 25 -20.8884 14.6262
      vertex 25 -17.2753 2.70459
    endloop
  endfacet
  facet normal 1 -0 0
    outer loop
      vertex 25 -22.0836 12.75
      vertex 25 -17.2753 2.70459
      vertex 25 -20.8884 14.6262
    endloop
  endfacet
  facet normal 1 0 0
    outer loop
      vertex 25 -17.2753 2.70459
      vertex 25 -22.0836 12.75
      vertex 25 -17.5138 2.75746
    endloop
  endfacet
  facet normal 1 0 0
    outer loop
      vertex 25 -17.5138 2.75746
      vertex 25 -22.0836 12.75
      vertex 25 -17.756 2.78934
    endloop
  endfacet
  facet normal 1 -0 0
    outer loop
      vertex 25 -23.1108 10.7768
      vertex 25 -17.756 2.78934
      vertex 25 -22.0836 12.75
    endloop
  endfacet
  facet normal 1 0 0
    outer loop
      vertex 25 -17.756 2.78934
      vertex 25 -23.1108 10.7768
      vertex 25 -18 2.8
    endloop
  endfacet
  facet normal 1 0 0
    outer loop
      vertex 25 -18 2.8
      vertex 25 -23.1108 10.7768
      vertex 25 -18.244 2.78934
    endloop
  endfacet
  facet normal 1 -0 0
    outer loop
      vertex 25 -23.9622 8.72151
      vertex 25 -18.244 2.78934
      vertex 25 -23.1108 10.7768
    endloop
  endfacet
  facet normal 1 0 0
    outer loop
      vertex 25 -18.244 2.78934
      vertex 25 -23.9622 8.72151
      vertex 25 -18.4862 2.75746
    endloop
  endfacet
  facet normal 1 0 0
    outer loop
      vertex 25 -18.4862 2.75746
      vertex 25 -23.9622 8.72151
      vertex 25 -18.7247 2.70459
    endloop
  endfacet
  facet normal 1 0 0
    outer loop
      vertex 25 -18.7247 2.70459
      vertex 25 -23.9622 8.72151
      vertex 25 -18.9577 2.63114
    endloop
  endfacet
  facet normal 1 -0 0
    outer loop
      vertex 25 -24.6311 6.59988
      vertex 25 -18.9577 2.63114
      vertex 25 -23.9622 8.72151
    endloop
  endfacet
  facet normal 1 0 0
    outer loop
      vertex 25 -18.9577 2.63114
      vertex 25 -24.6311 6.59988
      vertex 25 -19.1833 2.53766
    endloop
  endfacet
  facet normal 1 0 0
    outer loop
      vertex 25 -19.1833 2.53766
      vertex 25 -24.6311 6.59988
      vertex 25 -19.4 2.42487
    endloop
  endfacet
  facet normal 1 0 0
    outer loop
      vertex 25 -19.4 2.42487
      vertex 25 -24.6311 6.59988
      vertex 25 -19.606 2.29362
    endloop
  endfacet
  facet normal 1 0 0
    outer loop
      vertex 25 -19.606 2.29362
      vertex 25 -24.6311 6.59988
      vertex 25 -19.7998 2.14492
    endloop
  endfacet
  facet normal 1 -0 0
    outer loop
      vertex 25 -25.1126 4.42803
      vertex 25 -19.7998 2.14492
      vertex 25 -24.6311 6.59988
    endloop
  endfacet
  facet normal 1 0 0
    outer loop
      vertex 25 -19.7998 2.14492
      vertex 25 -25.1126 4.42803
      vertex 25 -19.9799 1.9799
    endloop
  endfacet
  facet normal 1 0 0
    outer loop
      vertex 25 -19.9799 1.9799
      vertex 25 -25.1126 4.42803
      vertex 25 -20.1449 1.7998
    endloop
  endfacet
  facet normal 1 0 0
    outer loop
      vertex 25 -20.1449 1.7998
      vertex 25 -25.1126 4.42803
      vertex 25 -20.2936 1.60601
    endloop
  endfacet
  facet normal 1 -0 0
    outer loop
      vertex 25 -25.403 2.22247
      vertex 25 -20.4249 1.4
      vertex 25 -25.1126 4.42803
    endloop
  endfacet
  facet normal 1 0 0
    outer loop
      vertex 25 -20.2936 1.60601
      vertex 25 -25.1126 4.42803
      vertex 25 -20.4249 1.4
    endloop
  endfacet
  facet normal 1 0 0
    outer loop
      vertex 25 3.2 0
      vertex 25 25.5 0
      vertex 25 25.403 2.22247
    endloop
  endfacet
  facet normal 1 0 0
    outer loop
      vertex 25 3.18782 0.278898
      vertex 25 25.403 2.22247
      vertex 25 25.1126 4.42803
    endloop
  endfacet
  facet normal 1 0 0
    outer loop
      vertex 25 25.5 0
      vertex 25 3.2 0
      vertex 25 25.403 -2.22247
    endloop
  endfacet
  facet normal 1 0 0
    outer loop
      vertex 25 3.15138 0.555674
      vertex 25 25.1126 4.42803
      vertex 25 24.6311 6.59988
    endloop
  endfacet
  facet normal 1 -0 0
    outer loop
      vertex 25 3.18782 -0.278898
      vertex 25 25.403 -2.22247
      vertex 25 3.2 0
    endloop
  endfacet
  facet normal 1 0 0
    outer loop
      vertex 25 3.09096 0.82822
      vertex 25 24.6311 6.59988
      vertex 25 23.9622 8.72151
    endloop
  endfacet
  facet normal 1 0 0
    outer loop
      vertex 25 25.403 -2.22247
      vertex 25 3.18782 -0.278898
      vertex 25 25.1126 -4.42803
    endloop
  endfacet
  facet normal 1 0 0
    outer loop
      vertex 25 3.00702 1.09446
      vertex 25 23.9622 8.72151
      vertex 25 23.1108 10.7768
    endloop
  endfacet
  facet normal 1 -0 0
    outer loop
      vertex 25 3.15138 -0.555674
      vertex 25 25.1126 -4.42803
      vertex 25 3.18782 -0.278898
    endloop
  endfacet
  facet normal 1 0 0
    outer loop
      vertex 25 2.90018 1.35238
      vertex 25 23.1108 10.7768
      vertex 25 22.0836 12.75
    endloop
  endfacet
  facet normal 1 0 0
    outer loop
      vertex 25 25.1126 -4.42803
      vertex 25 3.15138 -0.555674
      vertex 25 24.6311 -6.59988
    endloop
  endfacet
  facet normal 1 0 0
    outer loop
      vertex 25 2.77128 1.6
      vertex 25 22.0836 12.75
      vertex 25 20.8884 14.6262
    endloop
  endfacet
  facet normal 1 -0 0
    outer loop
      vertex 25 3.09096 -0.82822
      vertex 25 24.6311 -6.59988
      vertex 25 3.15138 -0.555674
    endloop
  endfacet
  facet normal 1 0 0
    outer loop
      vertex 25 2.62129 1.83544
      vertex 25 20.8884 14.6262
      vertex 25 19.5341 16.3911
    endloop
  endfacet
  facet normal 1 0 0
    outer loop
      vertex 25 24.6311 -6.59988
      vertex 25 3.09096 -0.82822
      vertex 25 23.9622 -8.72151
    endloop
  endfacet
  facet normal 1 0 0
    outer loop
      vertex 25 2.45134 2.05692
      vertex 25 19.5341 16.3911
      vertex 25 18.0312 18.0312
    endloop
  endfacet
  facet normal 1 -0 0
    outer loop
      vertex 25 3.00702 -1.09446
      vertex 25 23.9622 -8.72151
      vertex 25 3.09096 -0.82822
    endloop
  endfacet
  facet normal 1 0 0
    outer loop
      vertex 25 2.26274 2.26274
      vertex 25 18.0312 18.0312
      vertex 25 16.3911 19.5341
    endloop
  endfacet
  facet normal 1 0 0
    outer loop
      vertex 25 23.9622 -8.72151
      vertex 25 3.00702 -1.09446
      vertex 25 23.1108 -10.7768
    endloop
  endfacet
  facet normal 1 0 0
    outer loop
      vertex 25 2.05692 2.45134
      vertex 25 16.3911 19.5341
      vertex 25 14.6262 20.8884
    endloop
  endfacet
  facet normal 1 -0 0
    outer loop
      vertex 25 2.90018 -1.35238
      vertex 25 23.1108 -10.7768
      vertex 25 3.00702 -1.09446
    endloop
  endfacet
  facet normal 1 0 0
    outer loop
      vertex 25 1.83544 2.62129
      vertex 25 14.6262 20.8884
      vertex 25 12.75 22.0836
    endloop
  endfacet
  facet normal 1 0 0
    outer loop
      vertex 25 23.1108 -10.7768
      vertex 25 2.90018 -1.35238
      vertex 25 22.0836 -12.75
    endloop
  endfacet
  facet normal 1 0 0
    outer loop
      vertex 25 1.6 2.77128
      vertex 25 12.75 22.0836
      vertex 25 10.7768 23.1108
    endloop
  endfacet
  facet normal 1 -0 0
    outer loop
      vertex 25 2.77128 -1.6
      vertex 25 22.0836 -12.75
      vertex 25 2.90018 -1.35238
    endloop
  endfacet
  facet normal 1 0 0
    outer loop
      vertex 25 1.35238 2.90018
      vertex 25 10.7768 23.1108
      vertex 25 8.72151 23.9622
    endloop
  endfacet
  facet normal 1 0 0
    outer loop
      vertex 25 22.0836 -12.75
      vertex 25 2.77128 -1.6
      vertex 25 20.8884 -14.6262
    endloop
  endfacet
  facet normal 1 0 0
    outer loop
      vertex 25 1.09446 3.00702
      vertex 25 8.72151 23.9622
      vertex 25 6.59988 24.6311
    endloop
  endfacet
  facet normal 1 -0 0
    outer loop
      vertex 25 2.62129 -1.83544
      vertex 25 20.8884 -14.6262
      vertex 25 2.77128 -1.6
    endloop
  endfacet
  facet normal 1 0 0
    outer loop
      vertex 25 0.82822 3.09096
      vertex 25 6.59988 24.6311
      vertex 25 4.42803 25.1126
    endloop
  endfacet
  facet normal 1 0 0
    outer loop
      vertex 25 20.8884 -14.6262
      vertex 25 2.62129 -1.83544
      vertex 25 19.5341 -16.3911
    endloop
  endfacet
  facet normal 1 -0 0
    outer loop
      vertex 25 2.45134 -2.05692
      vertex 25 19.5341 -16.3911
      vertex 25 2.62129 -1.83544
    endloop
  endfacet
  facet normal 1 0 0
    outer loop
      vertex 25 25.403 2.22247
      vertex 25 3.18782 0.278898
      vertex 25 3.2 0
    endloop
  endfacet
  facet normal 1 0 0
    outer loop
      vertex 25 25.1126 4.42803
      vertex 25 3.15138 0.555674
      vertex 25 3.18782 0.278898
    endloop
  endfacet
  facet normal 1 0 0
    outer loop
      vertex 25 24.6311 6.59988
      vertex 25 3.09096 0.82822
      vertex 25 3.15138 0.555674
    endloop
  endfacet
  facet normal 1 0 0
    outer loop
      vertex 25 23.9622 8.72151
      vertex 25 3.00702 1.09446
      vertex 25 3.09096 0.82822
    endloop
  endfacet
  facet normal 1 0 0
    outer loop
      vertex 25 23.1108 10.7768
      vertex 25 2.90018 1.35238
      vertex 25 3.00702 1.09446
    endloop
  endfacet
  facet normal 1 0 0
    outer loop
      vertex 25 22.0836 12.75
      vertex 25 2.77128 1.6
      vertex 25 2.90018 1.35238
    endloop
  endfacet
  facet normal 1 0 0
    outer loop
      vertex 25 20.8884 14.6262
      vertex 25 2.62129 1.83544
      vertex 25 2.77128 1.6
    endloop
  endfacet
  facet normal 1 0 0
    outer loop
      vertex 25 19.5341 16.3911
      vertex 25 2.45134 2.05692
      vertex 25 2.62129 1.83544
    endloop
  endfacet
  facet normal 1 0 0
    outer loop
      vertex 25 18.0312 18.0312
      vertex 25 2.26274 2.26274
      vertex 25 2.45134 2.05692
    endloop
  endfacet
  facet normal 1 0 0
    outer loop
      vertex 25 0.555674 3.15138
      vertex 25 4.42803 25.1126
      vertex 25 2.22247 25.403
    endloop
  endfacet
  facet normal 1 0 0
    outer loop
      vertex 25 16.3911 19.5341
      vertex 25 2.05692 2.45134
      vertex 25 2.26274 2.26274
    endloop
  endfacet
  facet normal 1 0 0
    outer loop
      vertex 25 14.6262 20.8884
      vertex 25 1.83544 2.62129
      vertex 25 2.05692 2.45134
    endloop
  endfacet
  facet normal 1 0 0
    outer loop
      vertex 25 12.75 22.0836
      vertex 25 1.6 2.77128
      vertex 25 1.83544 2.62129
    endloop
  endfacet
  facet normal 1 0 0
    outer loop
      vertex 25 10.7768 23.1108
      vertex 25 1.35238 2.90018
      vertex 25 1.6 2.77128
    endloop
  endfacet
  facet normal 1 0 0
    outer loop
      vertex 25 8.72151 23.9622
      vertex 25 1.09446 3.00702
      vertex 25 1.35238 2.90018
    endloop
  endfacet
  facet normal 1 0 0
    outer loop
      vertex 25 6.59988 24.6311
      vertex 25 0.82822 3.09096
      vertex 25 1.09446 3.00702
    endloop
  endfacet
  facet normal 1 0 0
    outer loop
      vertex 25 4.42803 25.1126
      vertex 25 0.555674 3.15138
      vertex 25 0.82822 3.09096
    endloop
  endfacet
  facet normal 1 0 0
    outer loop
      vertex 25 2.22247 25.403
      vertex 25 0.278898 3.18782
      vertex 25 0.555674 3.15138
    endloop
  endfacet
  facet normal 1 0 0
    outer loop
      vertex 25 0 25.5
      vertex 25 0.278898 3.18782
      vertex 25 2.22247 25.403
    endloop
  endfacet
  facet normal 1 0 0
    outer loop
      vertex 25 0 25.5
      vertex 25 0 3.2
      vertex 25 0.278898 3.18782
    endloop
  endfacet
  facet normal 1 0 0
    outer loop
      vertex 25 0 25.5
      vertex 25 -0.278898 3.18782
      vertex 25 0 3.2
    endloop
  endfacet
  facet normal 1 -0 0
    outer loop
      vertex 25 -2.22247 25.403
      vertex 25 -0.278898 3.18782
      vertex 25 0 25.5
    endloop
  endfacet
  facet normal 1 0 0
    outer loop
      vertex 25 -0.278898 3.18782
      vertex 25 -2.22247 25.403
      vertex 25 -0.555674 3.15138
    endloop
  endfacet
  facet normal 1 -0 0
    outer loop
      vertex 25 -4.42803 25.1126
      vertex 25 -0.555674 3.15138
      vertex 25 -2.22247 25.403
    endloop
  endfacet
  facet normal 1 0 0
    outer loop
      vertex 25 -0.555674 3.15138
      vertex 25 -4.42803 25.1126
      vertex 25 -0.82822 3.09096
    endloop
  endfacet
  facet normal 1 -0 0
    outer loop
      vertex 25 -6.59988 24.6311
      vertex 25 -0.82822 3.09096
      vertex 25 -4.42803 25.1126
    endloop
  endfacet
  facet normal 1 0 0
    outer loop
      vertex 25 -0.82822 3.09096
      vertex 25 -6.59988 24.6311
      vertex 25 -1.09446 3.00702
    endloop
  endfacet
  facet normal 1 -0 0
    outer loop
      vertex 25 -8.72151 23.9622
      vertex 25 -1.09446 3.00702
      vertex 25 -6.59988 24.6311
    endloop
  endfacet
  facet normal 1 0 0
    outer loop
      vertex 25 -1.09446 3.00702
      vertex 25 -8.72151 23.9622
      vertex 25 -1.35238 2.90018
    endloop
  endfacet
  facet normal 1 -0 0
    outer loop
      vertex 25 -10.7768 23.1108
      vertex 25 -1.35238 2.90018
      vertex 25 -8.72151 23.9622
    endloop
  endfacet
  facet normal 1 0 0
    outer loop
      vertex 25 -1.35238 2.90018
      vertex 25 -10.7768 23.1108
      vertex 25 -1.6 2.77128
    endloop
  endfacet
  facet normal 1 -0 0
    outer loop
      vertex 25 -12.75 22.0836
      vertex 25 -1.6 2.77128
      vertex 25 -10.7768 23.1108
    endloop
  endfacet
  facet normal 1 0 0
    outer loop
      vertex 25 -1.6 2.77128
      vertex 25 -12.75 22.0836
      vertex 25 -1.83544 2.62129
    endloop
  endfacet
  facet normal 1 -0 0
    outer loop
      vertex 25 -14.6262 20.8884
      vertex 25 -1.83544 2.62129
      vertex 25 -12.75 22.0836
    endloop
  endfacet
  facet normal 1 0 0
    outer loop
      vertex 25 -1.83544 2.62129
      vertex 25 -14.6262 20.8884
      vertex 25 -2.05692 2.45134
    endloop
  endfacet
  facet normal 1 -0 0
    outer loop
      vertex 25 -16.3911 19.5341
      vertex 25 -2.05692 2.45134
      vertex 25 -14.6262 20.8884
    endloop
  endfacet
  facet normal 1 0 -0
    outer loop
      vertex 25 -16.2002 2.14492
      vertex 25 -2.05692 2.45134
      vertex 25 -16.3911 19.5341
    endloop
  endfacet
  facet normal 1 0 0
    outer loop
      vertex 25 -15.2107 0.244036
      vertex 25 -2.45134 2.05692
      vertex 25 -2.26274 2.26274
    endloop
  endfacet
  facet normal 1 0 0
    outer loop
      vertex 25 -15.2107 0.244036
      vertex 25 -2.62129 1.83544
      vertex 25 -2.45134 2.05692
    endloop
  endfacet
  facet normal 1 0 0
    outer loop
      vertex 25 -15.2107 0.244036
      vertex 25 -2.77128 1.6
      vertex 25 -2.62129 1.83544
    endloop
  endfacet
  facet normal 1 0 0
    outer loop
      vertex 25 19.5341 -16.3911
      vertex 25 2.45134 -2.05692
      vertex 25 18.0312 -18.0312
    endloop
  endfacet
  facet normal 1 -0 0
    outer loop
      vertex 25 2.26274 -2.26274
      vertex 25 18.0312 -18.0312
      vertex 25 2.45134 -2.05692
    endloop
  endfacet
  facet normal 1 0 0
    outer loop
      vertex 25 18.0312 -18.0312
      vertex 25 2.26274 -2.26274
      vertex 25 16.3911 -19.5341
    endloop
  endfacet
  facet normal 1 -0 0
    outer loop
      vertex 25 2.05692 -2.45134
      vertex 25 16.3911 -19.5341
      vertex 25 2.26274 -2.26274
    endloop
  endfacet
  facet normal 1 0 0
    outer loop
      vertex 25 16.3911 -19.5341
      vertex 25 2.05692 -2.45134
      vertex 25 14.6262 -20.8884
    endloop
  endfacet
  facet normal 1 -0 0
    outer loop
      vertex 25 1.83544 -2.62129
      vertex 25 14.6262 -20.8884
      vertex 25 2.05692 -2.45134
    endloop
  endfacet
  facet normal 1 0 0
    outer loop
      vertex 25 14.6262 -20.8884
      vertex 25 1.83544 -2.62129
      vertex 25 12.75 -22.0836
    endloop
  endfacet
  facet normal 1 -0 0
    outer loop
      vertex 25 1.6 -2.77128
      vertex 25 12.75 -22.0836
      vertex 25 1.83544 -2.62129
    endloop
  endfacet
  facet normal 1 0 0
    outer loop
      vertex 25 12.75 -22.0836
      vertex 25 1.6 -2.77128
      vertex 25 10.7768 -23.1108
    endloop
  endfacet
  facet normal 1 -0 0
    outer loop
      vertex 25 1.35238 -2.90018
      vertex 25 10.7768 -23.1108
      vertex 25 1.6 -2.77128
    endloop
  endfacet
  facet normal 1 0 0
    outer loop
      vertex 25 10.7768 -23.1108
      vertex 25 1.35238 -2.90018
      vertex 25 8.72151 -23.9622
    endloop
  endfacet
  facet normal 1 -0 0
    outer loop
      vertex 25 1.09446 -3.00702
      vertex 25 8.72151 -23.9622
      vertex 25 1.35238 -2.90018
    endloop
  endfacet
  facet normal 1 0 0
    outer loop
      vertex 25 8.72151 -23.9622
      vertex 25 1.09446 -3.00702
      vertex 25 6.59988 -24.6311
    endloop
  endfacet
  facet normal 1 -0 0
    outer loop
      vertex 25 0.82822 -3.09096
      vertex 25 6.59988 -24.6311
      vertex 25 1.09446 -3.00702
    endloop
  endfacet
  facet normal 1 0 0
    outer loop
      vertex 25 6.59988 -24.6311
      vertex 25 0.82822 -3.09096
      vertex 25 4.42803 -25.1126
    endloop
  endfacet
  facet normal 1 -0 0
    outer loop
      vertex 25 0.555674 -3.15138
      vertex 25 4.42803 -25.1126
      vertex 25 0.82822 -3.09096
    endloop
  endfacet
  facet normal 1 0 0
    outer loop
      vertex 25 4.42803 -25.1126
      vertex 25 0.555674 -3.15138
      vertex 25 2.22247 -25.403
    endloop
  endfacet
  facet normal 1 -0 0
    outer loop
      vertex 25 0.278898 -3.18782
      vertex 25 2.22247 -25.403
      vertex 25 0.555674 -3.15138
    endloop
  endfacet
  facet normal 1 -0 0
    outer loop
      vertex 25 0 -3.2
      vertex 25 2.22247 -25.403
      vertex 25 0.278898 -3.18782
    endloop
  endfacet
  facet normal 1 0 0
    outer loop
      vertex 25 0 -3.2
      vertex 25 0 -25.5
      vertex 25 2.22247 -25.403
    endloop
  endfacet
  facet normal 1 0 0
    outer loop
      vertex 25 -0.278898 -3.18782
      vertex 25 0 -25.5
      vertex 25 0 -3.2
    endloop
  endfacet
  facet normal 1 0 0
    outer loop
      vertex 25 -2.22247 -25.403
      vertex 25 -0.278898 -3.18782
      vertex 25 -0.555674 -3.15138
    endloop
  endfacet
  facet normal 1 0 0
    outer loop
      vertex 25 -4.42803 -25.1126
      vertex 25 -0.555674 -3.15138
      vertex 25 -0.82822 -3.09096
    endloop
  endfacet
  facet normal 1 0 0
    outer loop
      vertex 25 -6.59988 -24.6311
      vertex 25 -0.82822 -3.09096
      vertex 25 -1.09446 -3.00702
    endloop
  endfacet
  facet normal 1 0 0
    outer loop
      vertex 25 -6.59988 -24.6311
      vertex 25 -1.09446 -3.00702
      vertex 25 -1.35238 -2.90018
    endloop
  endfacet
  facet normal 1 0 0
    outer loop
      vertex 25 -6.59988 -24.6311
      vertex 25 -1.35238 -2.90018
      vertex 25 -1.6 -2.77128
    endloop
  endfacet
  facet normal 1 0 0
    outer loop
      vertex 25 -6.59988 -24.6311
      vertex 25 -1.6 -2.77128
      vertex 25 -1.83544 -2.62129
    endloop
  endfacet
  facet normal 1 0 0
    outer loop
      vertex 25 -16.394 -2.29362
      vertex 25 -1.83544 -2.62129
      vertex 25 -2.05692 -2.45134
    endloop
  endfacet
  facet normal 1 0 0
    outer loop
      vertex 25 -0.278898 -3.18782
      vertex 25 -2.22247 -25.403
      vertex 25 0 -25.5
    endloop
  endfacet
  facet normal 1 0 0
    outer loop
      vertex 25 -16.2002 -2.14492
      vertex 25 -2.05692 -2.45134
      vertex 25 -2.26274 -2.26274
    endloop
  endfacet
  facet normal 1 0 0
    outer loop
      vertex 25 -16.0201 -1.9799
      vertex 25 -2.26274 -2.26274
      vertex 25 -2.45134 -2.05692
    endloop
  endfacet
  facet normal 1 0 0
    outer loop
      vertex 25 -15.8551 -1.7998
      vertex 25 -2.45134 -2.05692
      vertex 25 -2.62129 -1.83544
    endloop
  endfacet
  facet normal 1 -0 0
    outer loop
      vertex 25 -15.7064 -1.60601
      vertex 25 -2.62129 -1.83544
      vertex 25 -2.77128 -1.6
    endloop
  endfacet
  facet normal 1 -0 0
    outer loop
      vertex 25 -15.5751 -1.4
      vertex 25 -2.77128 -1.6
      vertex 25 -2.90018 -1.35238
    endloop
  endfacet
  facet normal 1 -0 0
    outer loop
      vertex 25 -15.4623 -1.18333
      vertex 25 -2.90018 -1.35238
      vertex 25 -3.00702 -1.09446
    endloop
  endfacet
  facet normal 1 -0 0
    outer loop
      vertex 25 -15.3689 -0.957656
      vertex 25 -3.00702 -1.09446
      vertex 25 -3.09096 -0.82822
    endloop
  endfacet
  facet normal 1 -0 0
    outer loop
      vertex 25 -15.2954 -0.724693
      vertex 25 -3.09096 -0.82822
      vertex 25 -3.15138 -0.555674
    endloop
  endfacet
  facet normal 1 -0 0
    outer loop
      vertex 25 -15.2425 -0.486215
      vertex 25 -3.15138 -0.555674
      vertex 25 -3.18782 -0.278898
    endloop
  endfacet
  facet normal 1 -0 0
    outer loop
      vertex 25 -15.2107 -0.244036
      vertex 25 -3.18782 -0.278898
      vertex 25 -3.2 0
    endloop
  endfacet
  facet normal 1 0 0
    outer loop
      vertex 25 -15.2107 0.244036
      vertex 25 -2.90018 1.35238
      vertex 25 -2.77128 1.6
    endloop
  endfacet
  facet normal 1 0 0
    outer loop
      vertex 25 -15.2107 -0.244036
      vertex 25 -3.2 0
      vertex 25 -15.2 0
    endloop
  endfacet
  facet normal 1 0 0
    outer loop
      vertex 25 -15.2107 0.244036
      vertex 25 -3.00702 1.09446
      vertex 25 -2.90018 1.35238
    endloop
  endfacet
  facet normal 1 0 0
    outer loop
      vertex 25 -3.18782 -0.278898
      vertex 25 -15.2107 -0.244036
      vertex 25 -15.2425 -0.486215
    endloop
  endfacet
  facet normal 1 0 0
    outer loop
      vertex 25 -15.2107 0.244036
      vertex 25 -3.09096 0.82822
      vertex 25 -3.00702 1.09446
    endloop
  endfacet
  facet normal 1 0 0
    outer loop
      vertex 25 -15.2107 0.244036
      vertex 25 -3.15138 0.555674
      vertex 25 -3.09096 0.82822
    endloop
  endfacet
  facet normal 1 0 0
    outer loop
      vertex 25 -15.2107 0.244036
      vertex 25 -3.18782 0.278898
      vertex 25 -3.15138 0.555674
    endloop
  endfacet
  facet normal 1 0 0
    outer loop
      vertex 25 -3.18782 0.278898
      vertex 25 -15.2 0
      vertex 25 -3.2 0
    endloop
  endfacet
  facet normal 1 0 0
    outer loop
      vertex 25 -3.15138 -0.555674
      vertex 25 -15.2425 -0.486215
      vertex 25 -15.2954 -0.724693
    endloop
  endfacet
  facet normal 1 0 0
    outer loop
      vertex 25 -3.09096 -0.82822
      vertex 25 -15.2954 -0.724693
      vertex 25 -15.3689 -0.957656
    endloop
  endfacet
  facet normal 1 0 0
    outer loop
      vertex 25 -3.00702 -1.09446
      vertex 25 -15.3689 -0.957656
      vertex 25 -15.4623 -1.18333
    endloop
  endfacet
  facet normal 1 0 0
    outer loop
      vertex 25 -2.90018 -1.35238
      vertex 25 -15.4623 -1.18333
      vertex 25 -15.5751 -1.4
    endloop
  endfacet
  facet normal 1 0 0
    outer loop
      vertex 25 -2.77128 -1.6
      vertex 25 -15.5751 -1.4
      vertex 25 -15.7064 -1.60601
    endloop
  endfacet
  facet normal 1 0 0
    outer loop
      vertex 25 -0.555674 -3.15138
      vertex 25 -4.42803 -25.1126
      vertex 25 -2.22247 -25.403
    endloop
  endfacet
  facet normal 1 0 0
    outer loop
      vertex 25 -0.82822 -3.09096
      vertex 25 -6.59988 -24.6311
      vertex 25 -4.42803 -25.1126
    endloop
  endfacet
  facet normal 1 0 0
    outer loop
      vertex 25 -2.62129 -1.83544
      vertex 25 -15.7064 -1.60601
      vertex 25 -15.8551 -1.7998
    endloop
  endfacet
  facet normal 1 0 0
    outer loop
      vertex 25 -2.45134 -2.05692
      vertex 25 -15.8551 -1.7998
      vertex 25 -16.0201 -1.9799
    endloop
  endfacet
  facet normal 1 0 0
    outer loop
      vertex 25 -2.26274 -2.26274
      vertex 25 -16.0201 -1.9799
      vertex 25 -16.2002 -2.14492
    endloop
  endfacet
  facet normal 1 0 0
    outer loop
      vertex 25 -2.05692 -2.45134
      vertex 25 -16.2002 -2.14492
      vertex 25 -16.394 -2.29362
    endloop
  endfacet
  facet normal 1 0 0
    outer loop
      vertex 25 -1.83544 -2.62129
      vertex 25 -16.394 -2.29362
      vertex 25 -6.59988 -24.6311
    endloop
  endfacet
  facet normal 1 -0 0
    outer loop
      vertex 25 -16.6 -2.42487
      vertex 25 -6.59988 -24.6311
      vertex 25 -16.394 -2.29362
    endloop
  endfacet
  facet normal 1 -0 0
    outer loop
      vertex 25 -16.8167 -2.53766
      vertex 25 -6.59988 -24.6311
      vertex 25 -16.6 -2.42487
    endloop
  endfacet
  facet normal 1 -0 0
    outer loop
      vertex 25 -17.0423 -2.63114
      vertex 25 -6.59988 -24.6311
      vertex 25 -16.8167 -2.53766
    endloop
  endfacet
  facet normal 1 -0 0
    outer loop
      vertex 25 -17.2753 -2.70459
      vertex 25 -6.59988 -24.6311
      vertex 25 -17.0423 -2.63114
    endloop
  endfacet
  facet normal 1 0 0
    outer loop
      vertex 25 -27 -14.5
      vertex 25 -17.2753 -2.70459
      vertex 25 -17.5138 -2.75746
    endloop
  endfacet
  facet normal 1 0 0
    outer loop
      vertex 25 -27 -14.5
      vertex 25 -17.5138 -2.75746
      vertex 25 -17.756 -2.78934
    endloop
  endfacet
  facet normal 1 0 0
    outer loop
      vertex 25 -27 -14.5
      vertex 25 -17.756 -2.78934
      vertex 25 -18 -2.8
    endloop
  endfacet
  facet normal 1 0 0
    outer loop
      vertex 25 -27 -14.5
      vertex 25 -18 -2.8
      vertex 25 -18.244 -2.78934
    endloop
  endfacet
  facet normal 1 0 0
    outer loop
      vertex 25 -27 -14.5
      vertex 25 -18.244 -2.78934
      vertex 25 -18.4862 -2.75746
    endloop
  endfacet
  facet normal 1 0 0
    outer loop
      vertex 25 -27 -14.5
      vertex 25 -18.4862 -2.75746
      vertex 25 -18.7247 -2.70459
    endloop
  endfacet
  facet normal 1 0 0
    outer loop
      vertex 25 -27 -14.5
      vertex 25 -18.7247 -2.70459
      vertex 25 -18.9577 -2.63114
    endloop
  endfacet
  facet normal 1 0 0
    outer loop
      vertex 25 -27 -14.5
      vertex 25 -18.9577 -2.63114
      vertex 25 -19.1833 -2.53766
    endloop
  endfacet
  facet normal 1 0 0
    outer loop
      vertex 25 -27 -14.5
      vertex 25 -19.1833 -2.53766
      vertex 25 -19.4 -2.42487
    endloop
  endfacet
  facet normal 1 0 0
    outer loop
      vertex 25 -27 -14.5
      vertex 25 -19.4 -2.42487
      vertex 25 -19.606 -2.29362
    endloop
  endfacet
  facet normal 1 0 0
    outer loop
      vertex 25 -27 -14.5
      vertex 25 -19.606 -2.29362
      vertex 25 -19.7998 -2.14492
    endloop
  endfacet
  facet normal 1 0 0
    outer loop
      vertex 25 -27 -14.5
      vertex 25 -19.7998 -2.14492
      vertex 25 -19.9799 -1.9799
    endloop
  endfacet
  facet normal 1 0 0
    outer loop
      vertex 25 -27 -14.5
      vertex 25 -19.9799 -1.9799
      vertex 25 -20.1449 -1.7998
    endloop
  endfacet
  facet normal 1 0 0
    outer loop
      vertex 25 -27 -14.5
      vertex 25 -20.1449 -1.7998
      vertex 25 -20.2936 -1.60601
    endloop
  endfacet
  facet normal 1 0 0
    outer loop
      vertex 25 -27 -14.5
      vertex 25 -20.2936 -1.60601
      vertex 25 -20.4249 -1.4
    endloop
  endfacet
  facet normal 1 0 0
    outer loop
      vertex 25 -20.4249 1.4
      vertex 25 -25.403 2.22247
      vertex 25 -20.5377 1.18333
    endloop
  endfacet
  facet normal 1 0 0
    outer loop
      vertex 25 -20.5377 1.18333
      vertex 25 -25.403 2.22247
      vertex 25 -20.6311 0.957656
    endloop
  endfacet
  facet normal 1 0 0
    outer loop
      vertex 25 -20.6311 0.957656
      vertex 25 -25.403 2.22247
      vertex 25 -20.7046 0.724693
    endloop
  endfacet
  facet normal 1 0 0
    outer loop
      vertex 25 -20.7046 0.724693
      vertex 25 -25.403 2.22247
      vertex 25 -20.7575 0.486215
    endloop
  endfacet
  facet normal 1 0 0
    outer loop
      vertex 25 -20.7575 0.486215
      vertex 25 -25.403 2.22247
      vertex 25 -20.7893 0.244036
    endloop
  endfacet
  facet normal 1 0 0
    outer loop
      vertex 25 -20.7893 0.244036
      vertex 25 -25.403 2.22247
      vertex 25 -20.8 0
    endloop
  endfacet
  facet normal 1 0 0
    outer loop
      vertex 25 -20.8 0
      vertex 25 -25.403 2.22247
      vertex 25 -20.7893 -0.244036
    endloop
  endfacet
  facet normal 1 0 0
    outer loop
      vertex 25 -20.7893 -0.244036
      vertex 25 -25.403 2.22247
      vertex 25 -20.7575 -0.486215
    endloop
  endfacet
  facet normal 1 0 0
    outer loop
      vertex 25 -20.7575 -0.486215
      vertex 25 -25.403 2.22247
      vertex 25 -20.7046 -0.724693
    endloop
  endfacet
  facet normal 1 0 0
    outer loop
      vertex 25 -20.7046 -0.724693
      vertex 25 -25.403 2.22247
      vertex 25 -20.6311 -0.957656
    endloop
  endfacet
  facet normal 1 0 0
    outer loop
      vertex 25 -20.6311 -0.957656
      vertex 25 -25.403 2.22247
      vertex 25 -20.5377 -1.18333
    endloop
  endfacet
  facet normal 1 0 0
    outer loop
      vertex 25 -20.5377 -1.18333
      vertex 25 -25.403 2.22247
      vertex 25 -20.4249 -1.4
    endloop
  endfacet
  facet normal 1 0 0
    outer loop
      vertex 25 -27 -14.5
      vertex 25 -20.4249 -1.4
      vertex 25 -25.403 2.22247
    endloop
  endfacet
  facet normal 1 0 0
    outer loop
      vertex 25 -17.2753 -2.70459
      vertex 25 -27 -14.5
      vertex 25 -6.59988 -24.6311
    endloop
  endfacet
  facet normal 1 0 0
    outer loop
      vertex 25 -6.59988 -24.6311
      vertex 25 -27 -14.5
      vertex 25 -27 -19.5
    endloop
  endfacet
  facet normal 0 -0.0436036 -0.999049
    outer loop
      vertex 18 -2.22247 -25.403
      vertex 25 0 -25.5
      vertex 25 -2.22247 -25.403
    endloop
  endfacet
  facet normal -0 -0.0436036 -0.999049
    outer loop
      vertex 25 0 -25.5
      vertex 18 -2.22247 -25.403
      vertex 18 0 -25.5
    endloop
  endfacet
  facet normal 0 -0.537277 0.843406
    outer loop
      vertex 18 -12.75 22.0836
      vertex 25 -14.6262 20.8884
      vertex 25 -12.75 22.0836
    endloop
  endfacet
  facet normal 0 -0.537277 0.843406
    outer loop
      vertex 25 -14.6262 20.8884
      vertex 18 -12.75 22.0836
      vertex 18 -14.6262 20.8884
    endloop
  endfacet
  facet normal 0 -0.608774 0.793344
    outer loop
      vertex 18 -14.6262 20.8884
      vertex 25 -16.3911 19.5341
      vertex 25 -14.6262 20.8884
    endloop
  endfacet
  facet normal 0 -0.608774 0.793344
    outer loop
      vertex 25 -16.3911 19.5341
      vertex 18 -14.6262 20.8884
      vertex 18 -16.3911 19.5341
    endloop
  endfacet
  facet normal -0 0.608774 0.793344
    outer loop
      vertex 18 16.3911 19.5341
      vertex 25 14.6262 20.8884
      vertex 25 16.3911 19.5341
    endloop
  endfacet
  facet normal 0 0.608774 0.793344
    outer loop
      vertex 25 14.6262 20.8884
      vertex 18 16.3911 19.5341
      vertex 18 14.6262 20.8884
    endloop
  endfacet
  facet normal 0 -0.382711 0.923868
    outer loop
      vertex 18 -8.72151 23.9622
      vertex 25 -10.7768 23.1108
      vertex 25 -8.72151 23.9622
    endloop
  endfacet
  facet normal 0 -0.382711 0.923868
    outer loop
      vertex 25 -10.7768 23.1108
      vertex 18 -8.72151 23.9622
      vertex 18 -10.7768 23.1108
    endloop
  endfacet
  facet normal 0 0.130541 -0.991443
    outer loop
      vertex 18 2.22247 -25.403
      vertex 25 4.42803 -25.1126
      vertex 25 2.22247 -25.403
    endloop
  endfacet
  facet normal 0 0.130541 -0.991443
    outer loop
      vertex 25 4.42803 -25.1126
      vertex 18 2.22247 -25.403
      vertex 18 4.42803 -25.1126
    endloop
  endfacet
  facet normal 0 0.923868 0.382711
    outer loop
      vertex 25 23.9622 8.72151
      vertex 18 23.1108 10.7768
      vertex 25 23.1108 10.7768
    endloop
  endfacet
  facet normal 0 0.923868 0.382711
    outer loop
      vertex 18 23.1108 10.7768
      vertex 25 23.9622 8.72151
      vertex 18 23.9622 8.72151
    endloop
  endfacet
  facet normal 0 -0.300686 0.953723
    outer loop
      vertex 18 -6.59988 24.6311
      vertex 25 -8.72151 23.9622
      vertex 25 -6.59988 24.6311
    endloop
  endfacet
  facet normal 0 -0.300686 0.953723
    outer loop
      vertex 25 -8.72151 23.9622
      vertex 18 -6.59988 24.6311
      vertex 18 -8.72151 23.9622
    endloop
  endfacet
  facet normal -0 0.300686 0.953723
    outer loop
      vertex 18 8.72151 23.9622
      vertex 25 6.59988 24.6311
      vertex 25 8.72151 23.9622
    endloop
  endfacet
  facet normal 0 0.300686 0.953723
    outer loop
      vertex 25 6.59988 24.6311
      vertex 18 8.72151 23.9622
      vertex 18 6.59988 24.6311
    endloop
  endfacet
  facet normal 0 0.216445 -0.976295
    outer loop
      vertex 18 4.42803 -25.1126
      vertex 25 6.59988 -24.6311
      vertex 25 4.42803 -25.1126
    endloop
  endfacet
  facet normal 0 0.216445 -0.976295
    outer loop
      vertex 25 6.59988 -24.6311
      vertex 18 4.42803 -25.1126
      vertex 18 6.59988 -24.6311
    endloop
  endfacet
  facet normal -0 0.130541 0.991443
    outer loop
      vertex 18 4.42803 25.1126
      vertex 25 2.22247 25.403
      vertex 25 4.42803 25.1126
    endloop
  endfacet
  facet normal 0 0.130541 0.991443
    outer loop
      vertex 25 2.22247 25.403
      vertex 18 4.42803 25.1126
      vertex 18 2.22247 25.403
    endloop
  endfacet
  facet normal 0 0.843406 -0.537277
    outer loop
      vertex 25 20.8884 -14.6262
      vertex 18 22.0836 -12.75
      vertex 25 22.0836 -12.75
    endloop
  endfacet
  facet normal 0 0.843406 -0.537277
    outer loop
      vertex 18 22.0836 -12.75
      vertex 25 20.8884 -14.6262
      vertex 18 20.8884 -14.6262
    endloop
  endfacet
  facet normal 0 0.793344 -0.608774
    outer loop
      vertex 25 19.5341 -16.3911
      vertex 18 20.8884 -14.6262
      vertex 25 20.8884 -14.6262
    endloop
  endfacet
  facet normal 0 0.793344 -0.608774
    outer loop
      vertex 18 20.8884 -14.6262
      vertex 25 19.5341 -16.3911
      vertex 18 19.5341 -16.3911
    endloop
  endfacet
  facet normal 0 0.999049 -0.0436036
    outer loop
      vertex 25 25.403 -2.22247
      vertex 18 25.5 0
      vertex 25 25.5 0
    endloop
  endfacet
  facet normal 0 0.999049 -0.0436036
    outer loop
      vertex 18 25.5 0
      vertex 25 25.403 -2.22247
      vertex 18 25.403 -2.22247
    endloop
  endfacet
  facet normal 0 0.953723 0.300686
    outer loop
      vertex 25 24.6311 6.59988
      vertex 18 23.9622 8.72151
      vertex 25 23.9622 8.72151
    endloop
  endfacet
  facet normal 0 0.953723 0.300686
    outer loop
      vertex 18 23.9622 8.72151
      vertex 25 24.6311 6.59988
      vertex 18 24.6311 6.59988
    endloop
  endfacet
  facet normal 0 0.887008 0.461755
    outer loop
      vertex 25 23.1108 10.7768
      vertex 18 22.0836 12.75
      vertex 25 22.0836 12.75
    endloop
  endfacet
  facet normal 0 0.887008 0.461755
    outer loop
      vertex 18 22.0836 12.75
      vertex 25 23.1108 10.7768
      vertex 18 23.1108 10.7768
    endloop
  endfacet
  facet normal 0 0.0436036 -0.999049
    outer loop
      vertex 18 0 -25.5
      vertex 25 2.22247 -25.403
      vertex 25 0 -25.5
    endloop
  endfacet
  facet normal 0 0.0436036 -0.999049
    outer loop
      vertex 25 2.22247 -25.403
      vertex 18 0 -25.5
      vertex 18 2.22247 -25.403
    endloop
  endfacet
  facet normal 0 0.991443 0.130541
    outer loop
      vertex 25 25.403 2.22247
      vertex 18 25.1126 4.42803
      vertex 25 25.1126 4.42803
    endloop
  endfacet
  facet normal 0 0.991443 0.130541
    outer loop
      vertex 18 25.1126 4.42803
      vertex 25 25.403 2.22247
      vertex 18 25.403 2.22247
    endloop
  endfacet
  facet normal 0 0.461755 -0.887008
    outer loop
      vertex 18 10.7768 -23.1108
      vertex 25 12.75 -22.0836
      vertex 25 10.7768 -23.1108
    endloop
  endfacet
  facet normal 0 0.461755 -0.887008
    outer loop
      vertex 25 12.75 -22.0836
      vertex 18 10.7768 -23.1108
      vertex 18 12.75 -22.0836
    endloop
  endfacet
  facet normal 0 0.843406 0.537277
    outer loop
      vertex 25 22.0836 12.75
      vertex 18 20.8884 14.6262
      vertex 25 20.8884 14.6262
    endloop
  endfacet
  facet normal 0 0.843406 0.537277
    outer loop
      vertex 18 20.8884 14.6262
      vertex 25 22.0836 12.75
      vertex 18 22.0836 12.75
    endloop
  endfacet
  facet normal 0 0.976295 0.216445
    outer loop
      vertex 25 25.1126 4.42803
      vertex 18 24.6311 6.59988
      vertex 25 24.6311 6.59988
    endloop
  endfacet
  facet normal 0 0.976295 0.216445
    outer loop
      vertex 18 24.6311 6.59988
      vertex 25 25.1126 4.42803
      vertex 18 25.1126 4.42803
    endloop
  endfacet
  facet normal 0 -0.130541 -0.991443
    outer loop
      vertex 18 -4.42803 -25.1126
      vertex 25 -2.22247 -25.403
      vertex 25 -4.42803 -25.1126
    endloop
  endfacet
  facet normal -0 -0.130541 -0.991443
    outer loop
      vertex 25 -2.22247 -25.403
      vertex 18 -4.42803 -25.1126
      vertex 18 -2.22247 -25.403
    endloop
  endfacet
  facet normal -0 0.382711 0.923868
    outer loop
      vertex 18 10.7768 23.1108
      vertex 25 8.72151 23.9622
      vertex 25 10.7768 23.1108
    endloop
  endfacet
  facet normal 0 0.382711 0.923868
    outer loop
      vertex 25 8.72151 23.9622
      vertex 18 10.7768 23.1108
      vertex 18 8.72151 23.9622
    endloop
  endfacet
  facet normal -0 0.216445 0.976295
    outer loop
      vertex 18 6.59988 24.6311
      vertex 25 4.42803 25.1126
      vertex 25 6.59988 24.6311
    endloop
  endfacet
  facet normal 0 0.216445 0.976295
    outer loop
      vertex 25 4.42803 25.1126
      vertex 18 6.59988 24.6311
      vertex 18 4.42803 25.1126
    endloop
  endfacet
  facet normal 0 -0.461755 0.887008
    outer loop
      vertex 18 -10.7768 23.1108
      vertex 25 -12.75 22.0836
      vertex 25 -10.7768 23.1108
    endloop
  endfacet
  facet normal 0 -0.461755 0.887008
    outer loop
      vertex 25 -12.75 22.0836
      vertex 18 -10.7768 23.1108
      vertex 18 -12.75 22.0836
    endloop
  endfacet
  facet normal -1 0 0
    outer loop
      vertex 18 0.82822 -3.09096
      vertex 18 14.7 -13.9
      vertex 18 14.7 -14.5
    endloop
  endfacet
  facet normal -1 0 0
    outer loop
      vertex 18 14.7 -13.9
      vertex 18 3.15138 0.555674
      vertex 18 14.6262 20.8884
    endloop
  endfacet
  facet normal -1 0 0
    outer loop
      vertex 18 3.09096 0.82822
      vertex 18 14.6262 20.8884
      vertex 18 3.15138 0.555674
    endloop
  endfacet
  facet normal -1 0 0
    outer loop
      vertex 18 2.90018 1.35238
      vertex 18 14.6262 20.8884
      vertex 18 3.00702 1.09446
    endloop
  endfacet
  facet normal -1 0 0
    outer loop
      vertex 18 2.77128 1.6
      vertex 18 14.6262 20.8884
      vertex 18 2.90018 1.35238
    endloop
  endfacet
  facet normal -1 0 0
    outer loop
      vertex 18 2.62129 1.83544
      vertex 18 14.6262 20.8884
      vertex 18 2.77128 1.6
    endloop
  endfacet
  facet normal -1 0 0
    outer loop
      vertex 18 14.7 -13.9
      vertex 18 3.2 0
      vertex 18 3.18782 0.278898
    endloop
  endfacet
  facet normal -1 0 0
    outer loop
      vertex 18 14.7 -13.9
      vertex 18 3.18782 -0.278898
      vertex 18 3.2 0
    endloop
  endfacet
  facet normal -1 0 0
    outer loop
      vertex 18 14.7 -13.9
      vertex 18 3.15138 -0.555674
      vertex 18 3.18782 -0.278898
    endloop
  endfacet
  facet normal -1 0 0
    outer loop
      vertex 18 14.7 -13.9
      vertex 18 3.09096 -0.82822
      vertex 18 3.15138 -0.555674
    endloop
  endfacet
  facet normal -1 0 0
    outer loop
      vertex 18 14.7 -13.9
      vertex 18 3.00702 -1.09446
      vertex 18 3.09096 -0.82822
    endloop
  endfacet
  facet normal -1 0 0
    outer loop
      vertex 18 14.7 -13.9
      vertex 18 2.90018 -1.35238
      vertex 18 3.00702 -1.09446
    endloop
  endfacet
  facet normal -1 0 0
    outer loop
      vertex 18 14.7 -13.9
      vertex 18 2.77128 -1.6
      vertex 18 2.90018 -1.35238
    endloop
  endfacet
  facet normal -1 0 0
    outer loop
      vertex 18 14.7 -13.9
      vertex 18 2.62129 -1.83544
      vertex 18 2.77128 -1.6
    endloop
  endfacet
  facet normal -1 0 0
    outer loop
      vertex 18 14.7 -13.9
      vertex 18 2.45134 -2.05692
      vertex 18 2.62129 -1.83544
    endloop
  endfacet
  facet normal -1 0 0
    outer loop
      vertex 18 14.7 -13.9
      vertex 18 2.26274 -2.26274
      vertex 18 2.45134 -2.05692
    endloop
  endfacet
  facet normal -1 0 0
    outer loop
      vertex 18 14.7 -13.9
      vertex 18 2.05692 -2.45134
      vertex 18 2.26274 -2.26274
    endloop
  endfacet
  facet normal -1 0 0
    outer loop
      vertex 18 14.7 -13.9
      vertex 18 1.83544 -2.62129
      vertex 18 2.05692 -2.45134
    endloop
  endfacet
  facet normal -1 0 0
    outer loop
      vertex 18 14.7 -13.9
      vertex 18 1.6 -2.77128
      vertex 18 1.83544 -2.62129
    endloop
  endfacet
  facet normal -1 0 0
    outer loop
      vertex 18 14.7 -13.9
      vertex 18 1.35238 -2.90018
      vertex 18 1.6 -2.77128
    endloop
  endfacet
  facet normal -1 0 0
    outer loop
      vertex 18 14.7 -13.9
      vertex 18 1.09446 -3.00702
      vertex 18 1.35238 -2.90018
    endloop
  endfacet
  facet normal -1 0 0
    outer loop
      vertex 18 14.7 -13.9
      vertex 18 0.82822 -3.09096
      vertex 18 1.09446 -3.00702
    endloop
  endfacet
  facet normal -1 0 0
    outer loop
      vertex 18 14.7 -14.5
      vertex 18 0.555674 -3.15138
      vertex 18 0.82822 -3.09096
    endloop
  endfacet
  facet normal -1 0 0
    outer loop
      vertex 18 14.7 -14.5
      vertex 18 0.278898 -3.18782
      vertex 18 0.555674 -3.15138
    endloop
  endfacet
  facet normal -1 0 0
    outer loop
      vertex 18 14.7 -14.5
      vertex 18 0 -3.2
      vertex 18 0.278898 -3.18782
    endloop
  endfacet
  facet normal -1 0 0
    outer loop
      vertex 18 14.7 -14.5
      vertex 18 -0.278898 -3.18782
      vertex 18 0 -3.2
    endloop
  endfacet
  facet normal -1 0 0
    outer loop
      vertex 18 14.7 -14.5
      vertex 18 -0.555674 -3.15138
      vertex 18 -0.278898 -3.18782
    endloop
  endfacet
  facet normal -1 0 0
    outer loop
      vertex 18 14.7 -14.5
      vertex 18 -0.82822 -3.09096
      vertex 18 -0.555674 -3.15138
    endloop
  endfacet
  facet normal -1 0 0
    outer loop
      vertex 18 -27 -14.5
      vertex 18 -0.82822 -3.09096
      vertex 18 14.7 -14.5
    endloop
  endfacet
  facet normal -1 -0 0
    outer loop
      vertex 18 -0.82822 -3.09096
      vertex 18 -27 -14.5
      vertex 18 -1.09446 -3.00702
    endloop
  endfacet
  facet normal -1 -0 0
    outer loop
      vertex 18 -1.09446 -3.00702
      vertex 18 -27 -14.5
      vertex 18 -1.35238 -2.90018
    endloop
  endfacet
  facet normal -1 -0 0
    outer loop
      vertex 18 -1.35238 -2.90018
      vertex 18 -27 -14.5
      vertex 18 -1.6 -2.77128
    endloop
  endfacet
  facet normal -1 0 0
    outer loop
      vertex 18 -25.403 2.22247
      vertex 18 -3.2 0
      vertex 18 -3.18782 -0.278898
    endloop
  endfacet
  facet normal -1 0 0
    outer loop
      vertex 18 -3.2 0
      vertex 18 -6.59988 24.6311
      vertex 18 -4.42803 25.1126
    endloop
  endfacet
  facet normal -1 0 0
    outer loop
      vertex 18 -25.403 2.22247
      vertex 18 -3.18782 -0.278898
      vertex 18 -3.15138 -0.555674
    endloop
  endfacet
  facet normal -1 0 0
    outer loop
      vertex 18 -3.2 0
      vertex 18 -8.72151 23.9622
      vertex 18 -6.59988 24.6311
    endloop
  endfacet
  facet normal -1 0 0
    outer loop
      vertex 18 -25.403 2.22247
      vertex 18 -3.15138 -0.555674
      vertex 18 -3.09096 -0.82822
    endloop
  endfacet
  facet normal -1 0 0
    outer loop
      vertex 18 -3.2 0
      vertex 18 -10.7768 23.1108
      vertex 18 -8.72151 23.9622
    endloop
  endfacet
  facet normal -1 0 0
    outer loop
      vertex 18 -25.403 2.22247
      vertex 18 -3.09096 -0.82822
      vertex 18 -3.00702 -1.09446
    endloop
  endfacet
  facet normal -1 0 0
    outer loop
      vertex 18 -3.2 0
      vertex 18 -12.75 22.0836
      vertex 18 -10.7768 23.1108
    endloop
  endfacet
  facet normal -1 0 0
    outer loop
      vertex 18 -25.403 2.22247
      vertex 18 -3.00702 -1.09446
      vertex 18 -2.90018 -1.35238
    endloop
  endfacet
  facet normal -1 0 0
    outer loop
      vertex 18 -3.2 0
      vertex 18 -14.6262 20.8884
      vertex 18 -12.75 22.0836
    endloop
  endfacet
  facet normal -1 0 0
    outer loop
      vertex 18 -27 -14.5
      vertex 18 -2.90018 -1.35238
      vertex 18 -2.77128 -1.6
    endloop
  endfacet
  facet normal -1 0 0
    outer loop
      vertex 18 -3.2 0
      vertex 18 -16.3911 19.5341
      vertex 18 -14.6262 20.8884
    endloop
  endfacet
  facet normal -1 0 0
    outer loop
      vertex 18 -27 -14.5
      vertex 18 -2.77128 -1.6
      vertex 18 -2.62129 -1.83544
    endloop
  endfacet
  facet normal -1 0 0
    outer loop
      vertex 18 -3.2 0
      vertex 18 -18.0312 18.0312
      vertex 18 -16.3911 19.5341
    endloop
  endfacet
  facet normal -1 0 0
    outer loop
      vertex 18 -27 -14.5
      vertex 18 -2.62129 -1.83544
      vertex 18 -2.45134 -2.05692
    endloop
  endfacet
  facet normal -1 0 0
    outer loop
      vertex 18 -3.2 0
      vertex 18 -19.5341 16.3911
      vertex 18 -18.0312 18.0312
    endloop
  endfacet
  facet normal -1 0 0
    outer loop
      vertex 18 -27 -14.5
      vertex 18 -2.45134 -2.05692
      vertex 18 -2.26274 -2.26274
    endloop
  endfacet
  facet normal -1 0 0
    outer loop
      vertex 18 -3.2 0
      vertex 18 -20.8884 14.6262
      vertex 18 -19.5341 16.3911
    endloop
  endfacet
  facet normal -1 0 0
    outer loop
      vertex 18 -27 -14.5
      vertex 18 -2.26274 -2.26274
      vertex 18 -2.05692 -2.45134
    endloop
  endfacet
  facet normal -1 0 0
    outer loop
      vertex 18 -3.2 0
      vertex 18 -22.0836 12.75
      vertex 18 -20.8884 14.6262
    endloop
  endfacet
  facet normal -1 0 0
    outer loop
      vertex 18 -27 -14.5
      vertex 18 -2.05692 -2.45134
      vertex 18 -1.83544 -2.62129
    endloop
  endfacet
  facet normal -1 0 0
    outer loop
      vertex 18 -3.2 0
      vertex 18 -23.1108 10.7768
      vertex 18 -22.0836 12.75
    endloop
  endfacet
  facet normal -1 -0 0
    outer loop
      vertex 18 -1.6 -2.77128
      vertex 18 -27 -14.5
      vertex 18 -1.83544 -2.62129
    endloop
  endfacet
  facet normal -1 0 0
    outer loop
      vertex 18 -3.2 0
      vertex 18 -23.9622 8.72151
      vertex 18 -23.1108 10.7768
    endloop
  endfacet
  facet normal -1 0 0
    outer loop
      vertex 18 -3.2 0
      vertex 18 -24.6311 6.59988
      vertex 18 -23.9622 8.72151
    endloop
  endfacet
  facet normal -1 0 0
    outer loop
      vertex 18 -3.2 0
      vertex 18 -25.1126 4.42803
      vertex 18 -24.6311 6.59988
    endloop
  endfacet
  facet normal -1 0 0
    outer loop
      vertex 18 -3.2 0
      vertex 18 -25.403 2.22247
      vertex 18 -25.1126 4.42803
    endloop
  endfacet
  facet normal -1 -0 0
    outer loop
      vertex 18 -2.90018 -1.35238
      vertex 18 -27 -14.5
      vertex 18 -25.403 2.22247
    endloop
  endfacet
  facet normal -1 0 0
    outer loop
      vertex 18 14.7 -13.9
      vertex 18 25.5 0
      vertex 18 25.403 -2.22247
    endloop
  endfacet
  facet normal -1 0 0
    outer loop
      vertex 18 14.7 -13.9
      vertex 18 25.403 -2.22247
      vertex 18 25.1126 -4.42803
    endloop
  endfacet
  facet normal -1 -0 0
    outer loop
      vertex 18 25.5 0
      vertex 18 14.7 -13.9
      vertex 18 25.403 2.22247
    endloop
  endfacet
  facet normal -1 0 0
    outer loop
      vertex 18 14.7 -13.9
      vertex 18 25.1126 -4.42803
      vertex 18 24.6311 -6.59988
    endloop
  endfacet
  facet normal -1 -0 0
    outer loop
      vertex 18 25.403 2.22247
      vertex 18 14.7 -13.9
      vertex 18 25.1126 4.42803
    endloop
  endfacet
  facet normal -1 0 0
    outer loop
      vertex 18 15.3 -13.9
      vertex 18 24.6311 -6.59988
      vertex 18 23.9622 -8.72151
    endloop
  endfacet
  facet normal -1 -0 0
    outer loop
      vertex 18 25.1126 4.42803
      vertex 18 14.7 -13.9
      vertex 18 24.6311 6.59988
    endloop
  endfacet
  facet normal -1 0 0
    outer loop
      vertex 18 15.3 -13.9
      vertex 18 23.9622 -8.72151
      vertex 18 23.1108 -10.7768
    endloop
  endfacet
  facet normal -1 -0 0
    outer loop
      vertex 18 24.6311 6.59988
      vertex 18 14.7 -13.9
      vertex 18 23.9622 8.72151
    endloop
  endfacet
  facet normal -1 0 0
    outer loop
      vertex 18 15.3 -13.9
      vertex 18 23.1108 -10.7768
      vertex 18 22.0836 -12.75
    endloop
  endfacet
  facet normal -1 0 0
    outer loop
      vertex 18 24.6311 -6.59988
      vertex 18 15.3 -13.9
      vertex 18 14.7 -13.9
    endloop
  endfacet
  facet normal -1 0 0
    outer loop
      vertex 18 15.3 -13.9
      vertex 18 22.0836 -12.75
      vertex 18 20.8884 -14.6262
    endloop
  endfacet
  facet normal -1 -0 0
    outer loop
      vertex 18 23.9622 8.72151
      vertex 18 14.7 -13.9
      vertex 18 23.1108 10.7768
    endloop
  endfacet
  facet normal -1 0 0
    outer loop
      vertex 18 15.3 -13.9
      vertex 18 20.8884 -14.6262
      vertex 18 19.5341 -16.3911
    endloop
  endfacet
  facet normal -1 -0 0
    outer loop
      vertex 18 23.1108 10.7768
      vertex 18 14.7 -13.9
      vertex 18 22.0836 12.75
    endloop
  endfacet
  facet normal -1 0 0
    outer loop
      vertex 18 15.3 -14.5
      vertex 18 19.5341 -16.3911
      vertex 18 18.0312 -18.0312
    endloop
  endfacet
  facet normal -1 -0 0
    outer loop
      vertex 18 22.0836 12.75
      vertex 18 14.7 -13.9
      vertex 18 20.8884 14.6262
    endloop
  endfacet
  facet normal -1 0 0
    outer loop
      vertex 18 15 -19.5
      vertex 18 18.0312 -18.0312
      vertex 18 16.3911 -19.5341
    endloop
  endfacet
  facet normal -1 -0 0
    outer loop
      vertex 18 20.8884 14.6262
      vertex 18 14.7 -13.9
      vertex 18 19.5341 16.3911
    endloop
  endfacet
  facet normal -1 0 0
    outer loop
      vertex 18 19.5341 -16.3911
      vertex 18 15.3 -14.5
      vertex 18 15.3 -13.9
    endloop
  endfacet
  facet normal -1 -0 0
    outer loop
      vertex 18 18.0312 -18.0312
      vertex 18 15 -19.5
      vertex 18 15.3 -14.5
    endloop
  endfacet
  facet normal -1 0 0
    outer loop
      vertex 18 14.6262 -20.8884
      vertex 18 15 -19.5
      vertex 18 16.3911 -19.5341
    endloop
  endfacet
  facet normal -1 0 0
    outer loop
      vertex 18 12.75 -22.0836
      vertex 18 15 -19.5
      vertex 18 14.6262 -20.8884
    endloop
  endfacet
  facet normal -1 0 0
    outer loop
      vertex 18 10.7768 -23.1108
      vertex 18 15 -19.5
      vertex 18 12.75 -22.0836
    endloop
  endfacet
  facet normal -1 0 0
    outer loop
      vertex 18 8.72151 -23.9622
      vertex 18 15 -19.5
      vertex 18 10.7768 -23.1108
    endloop
  endfacet
  facet normal -1 0 0
    outer loop
      vertex 18 6.59988 -24.6311
      vertex 18 15 -19.5
      vertex 18 8.72151 -23.9622
    endloop
  endfacet
  facet normal -1 0 0
    outer loop
      vertex 18 4.42803 -25.1126
      vertex 18 15 -19.5
      vertex 18 6.59988 -24.6311
    endloop
  endfacet
  facet normal -1 0 0
    outer loop
      vertex 18 2.22247 -25.403
      vertex 18 15 -19.5
      vertex 18 4.42803 -25.1126
    endloop
  endfacet
  facet normal -1 0 0
    outer loop
      vertex 18 0 -25.5
      vertex 18 15 -19.5
      vertex 18 2.22247 -25.403
    endloop
  endfacet
  facet normal -1 0 0
    outer loop
      vertex 18 -2.22247 -25.403
      vertex 18 15 -19.5
      vertex 18 0 -25.5
    endloop
  endfacet
  facet normal -1 0 0
    outer loop
      vertex 18 -4.42803 -25.1126
      vertex 18 15 -19.5
      vertex 18 -2.22247 -25.403
    endloop
  endfacet
  facet normal -1 0 0
    outer loop
      vertex 18 -6.59988 -24.6311
      vertex 18 15 -19.5
      vertex 18 -4.42803 -25.1126
    endloop
  endfacet
  facet normal -1 -0 0
    outer loop
      vertex 18 15 -19.5
      vertex 18 -6.59988 -24.6311
      vertex 18 -27 -19.5
    endloop
  endfacet
  facet normal -1 -0 0
    outer loop
      vertex 18 19.5341 16.3911
      vertex 18 14.7 -13.9
      vertex 18 18.0312 18.0312
    endloop
  endfacet
  facet normal -1 -0 0
    outer loop
      vertex 18 18.0312 18.0312
      vertex 18 14.7 -13.9
      vertex 18 16.3911 19.5341
    endloop
  endfacet
  facet normal -1 -0 0
    outer loop
      vertex 18 16.3911 19.5341
      vertex 18 14.7 -13.9
      vertex 18 14.6262 20.8884
    endloop
  endfacet
  facet normal -1 -0 0
    outer loop
      vertex 18 15.3 -14.5
      vertex 18 15 -19.5
      vertex 18 15 -14.5
    endloop
  endfacet
  facet normal -1 0 0
    outer loop
      vertex 18 14.7 -13.9
      vertex 18 3.18782 0.278898
      vertex 18 3.15138 0.555674
    endloop
  endfacet
  facet normal -1 0 0
    outer loop
      vertex 18 3.00702 1.09446
      vertex 18 14.6262 20.8884
      vertex 18 3.09096 0.82822
    endloop
  endfacet
  facet normal -1 0 0
    outer loop
      vertex 18 2.45134 2.05692
      vertex 18 14.6262 20.8884
      vertex 18 2.62129 1.83544
    endloop
  endfacet
  facet normal -1 0 0
    outer loop
      vertex 18 2.26274 2.26274
      vertex 18 14.6262 20.8884
      vertex 18 2.45134 2.05692
    endloop
  endfacet
  facet normal -1 0 0
    outer loop
      vertex 18 2.05692 2.45134
      vertex 18 14.6262 20.8884
      vertex 18 2.26274 2.26274
    endloop
  endfacet
  facet normal -1 0 0
    outer loop
      vertex 18 1.83544 2.62129
      vertex 18 14.6262 20.8884
      vertex 18 2.05692 2.45134
    endloop
  endfacet
  facet normal -1 -0 0
    outer loop
      vertex 18 14.6262 20.8884
      vertex 18 1.83544 2.62129
      vertex 18 12.75 22.0836
    endloop
  endfacet
  facet normal -1 0 0
    outer loop
      vertex 18 1.6 2.77128
      vertex 18 12.75 22.0836
      vertex 18 1.83544 2.62129
    endloop
  endfacet
  facet normal -1 -0 0
    outer loop
      vertex 18 12.75 22.0836
      vertex 18 1.6 2.77128
      vertex 18 10.7768 23.1108
    endloop
  endfacet
  facet normal -1 0 0
    outer loop
      vertex 18 1.35238 2.90018
      vertex 18 10.7768 23.1108
      vertex 18 1.6 2.77128
    endloop
  endfacet
  facet normal -1 -0 0
    outer loop
      vertex 18 10.7768 23.1108
      vertex 18 1.35238 2.90018
      vertex 18 8.72151 23.9622
    endloop
  endfacet
  facet normal -1 0 0
    outer loop
      vertex 18 1.09446 3.00702
      vertex 18 8.72151 23.9622
      vertex 18 1.35238 2.90018
    endloop
  endfacet
  facet normal -1 -0 0
    outer loop
      vertex 18 8.72151 23.9622
      vertex 18 1.09446 3.00702
      vertex 18 6.59988 24.6311
    endloop
  endfacet
  facet normal -1 0 0
    outer loop
      vertex 18 0.82822 3.09096
      vertex 18 6.59988 24.6311
      vertex 18 1.09446 3.00702
    endloop
  endfacet
  facet normal -1 -0 0
    outer loop
      vertex 18 6.59988 24.6311
      vertex 18 0.82822 3.09096
      vertex 18 4.42803 25.1126
    endloop
  endfacet
  facet normal -1 0 0
    outer loop
      vertex 18 0.555674 3.15138
      vertex 18 4.42803 25.1126
      vertex 18 0.82822 3.09096
    endloop
  endfacet
  facet normal -1 -0 0
    outer loop
      vertex 18 4.42803 25.1126
      vertex 18 0.555674 3.15138
      vertex 18 2.22247 25.403
    endloop
  endfacet
  facet normal -1 0 0
    outer loop
      vertex 18 0.278898 3.18782
      vertex 18 2.22247 25.403
      vertex 18 0.555674 3.15138
    endloop
  endfacet
  facet normal -1 0 0
    outer loop
      vertex 18 0 3.2
      vertex 18 2.22247 25.403
      vertex 18 0.278898 3.18782
    endloop
  endfacet
  facet normal -1 0 0
    outer loop
      vertex 18 0 3.2
      vertex 18 0 25.5
      vertex 18 2.22247 25.403
    endloop
  endfacet
  facet normal -1 0 0
    outer loop
      vertex 18 -0.278898 3.18782
      vertex 18 0 25.5
      vertex 18 0 3.2
    endloop
  endfacet
  facet normal -1 0 0
    outer loop
      vertex 18 -2.22247 25.403
      vertex 18 -0.278898 3.18782
      vertex 18 -0.555674 3.15138
    endloop
  endfacet
  facet normal -1 0 0
    outer loop
      vertex 18 -4.42803 25.1126
      vertex 18 -0.555674 3.15138
      vertex 18 -0.82822 3.09096
    endloop
  endfacet
  facet normal -1 0 0
    outer loop
      vertex 18 -4.42803 25.1126
      vertex 18 -0.82822 3.09096
      vertex 18 -1.09446 3.00702
    endloop
  endfacet
  facet normal -1 0 0
    outer loop
      vertex 18 -4.42803 25.1126
      vertex 18 -1.09446 3.00702
      vertex 18 -1.35238 2.90018
    endloop
  endfacet
  facet normal -1 0 0
    outer loop
      vertex 18 -4.42803 25.1126
      vertex 18 -1.35238 2.90018
      vertex 18 -1.6 2.77128
    endloop
  endfacet
  facet normal -1 0 0
    outer loop
      vertex 18 -4.42803 25.1126
      vertex 18 -1.6 2.77128
      vertex 18 -1.83544 2.62129
    endloop
  endfacet
  facet normal -1 0 0
    outer loop
      vertex 18 -4.42803 25.1126
      vertex 18 -1.83544 2.62129
      vertex 18 -2.05692 2.45134
    endloop
  endfacet
  facet normal -1 0 0
    outer loop
      vertex 18 -0.278898 3.18782
      vertex 18 -2.22247 25.403
      vertex 18 0 25.5
    endloop
  endfacet
  facet normal -1 0 0
    outer loop
      vertex 18 -4.42803 25.1126
      vertex 18 -2.05692 2.45134
      vertex 18 -2.26274 2.26274
    endloop
  endfacet
  facet normal -1 0 0
    outer loop
      vertex 18 -4.42803 25.1126
      vertex 18 -2.26274 2.26274
      vertex 18 -2.45134 2.05692
    endloop
  endfacet
  facet normal -1 0 0
    outer loop
      vertex 18 -4.42803 25.1126
      vertex 18 -2.45134 2.05692
      vertex 18 -2.62129 1.83544
    endloop
  endfacet
  facet normal -1 0 0
    outer loop
      vertex 18 -4.42803 25.1126
      vertex 18 -2.62129 1.83544
      vertex 18 -2.77128 1.6
    endloop
  endfacet
  facet normal -1 0 0
    outer loop
      vertex 18 -4.42803 25.1126
      vertex 18 -2.77128 1.6
      vertex 18 -2.90018 1.35238
    endloop
  endfacet
  facet normal -1 0 0
    outer loop
      vertex 18 -4.42803 25.1126
      vertex 18 -2.90018 1.35238
      vertex 18 -3.00702 1.09446
    endloop
  endfacet
  facet normal -1 0 0
    outer loop
      vertex 18 -4.42803 25.1126
      vertex 18 -3.00702 1.09446
      vertex 18 -3.09096 0.82822
    endloop
  endfacet
  facet normal -1 0 0
    outer loop
      vertex 18 -4.42803 25.1126
      vertex 18 -3.09096 0.82822
      vertex 18 -3.15138 0.555674
    endloop
  endfacet
  facet normal -1 0 0
    outer loop
      vertex 18 -4.42803 25.1126
      vertex 18 -3.15138 0.555674
      vertex 18 -3.18782 0.278898
    endloop
  endfacet
  facet normal -1 0 0
    outer loop
      vertex 18 -4.42803 25.1126
      vertex 18 -3.18782 0.278898
      vertex 18 -3.2 0
    endloop
  endfacet
  facet normal -1 0 0
    outer loop
      vertex 18 -0.555674 3.15138
      vertex 18 -4.42803 25.1126
      vertex 18 -2.22247 25.403
    endloop
  endfacet
  facet normal 0 0.953723 -0.300686
    outer loop
      vertex 25 23.9622 -8.72151
      vertex 18 24.6311 -6.59988
      vertex 25 24.6311 -6.59988
    endloop
  endfacet
  facet normal 0 0.953723 -0.300686
    outer loop
      vertex 18 24.6311 -6.59988
      vertex 25 23.9622 -8.72151
      vertex 18 23.9622 -8.72151
    endloop
  endfacet
  facet normal 0 -0.923868 0.382711
    outer loop
      vertex 18 -23.9622 8.72151
      vertex 25 -23.1108 10.7768
      vertex 18 -23.1108 10.7768
    endloop
  endfacet
  facet normal 0 -0.923868 0.382711
    outer loop
      vertex 25 -23.1108 10.7768
      vertex 18 -23.9622 8.72151
      vertex 25 -23.9622 8.72151
    endloop
  endfacet
  facet normal 0 0.991443 -0.130541
    outer loop
      vertex 25 25.1126 -4.42803
      vertex 18 25.403 -2.22247
      vertex 25 25.403 -2.22247
    endloop
  endfacet
  facet normal 0 0.991443 -0.130541
    outer loop
      vertex 18 25.403 -2.22247
      vertex 25 25.1126 -4.42803
      vertex 18 25.1126 -4.42803
    endloop
  endfacet
  facet normal -0 0.0436036 0.999049
    outer loop
      vertex 18 2.22247 25.403
      vertex 25 0 25.5
      vertex 25 2.22247 25.403
    endloop
  endfacet
  facet normal 0 0.0436036 0.999049
    outer loop
      vertex 25 0 25.5
      vertex 18 2.22247 25.403
      vertex 18 0 25.5
    endloop
  endfacet
  facet normal 0 0.382711 -0.923868
    outer loop
      vertex 18 8.72151 -23.9622
      vertex 25 10.7768 -23.1108
      vertex 25 8.72151 -23.9622
    endloop
  endfacet
  facet normal 0 0.382711 -0.923868
    outer loop
      vertex 25 10.7768 -23.1108
      vertex 18 8.72151 -23.9622
      vertex 18 10.7768 -23.1108
    endloop
  endfacet
  facet normal 0 -0.216445 0.976295
    outer loop
      vertex 18 -4.42803 25.1126
      vertex 25 -6.59988 24.6311
      vertex 25 -4.42803 25.1126
    endloop
  endfacet
  facet normal 0 -0.216445 0.976295
    outer loop
      vertex 25 -6.59988 24.6311
      vertex 18 -4.42803 25.1126
      vertex 18 -6.59988 24.6311
    endloop
  endfacet
  facet normal 0 -0.216445 -0.976295
    outer loop
      vertex 18 -6.59988 -24.6311
      vertex 25 -4.42803 -25.1126
      vertex 25 -6.59988 -24.6311
    endloop
  endfacet
  facet normal -0 -0.216445 -0.976295
    outer loop
      vertex 25 -4.42803 -25.1126
      vertex 18 -6.59988 -24.6311
      vertex 18 -4.42803 -25.1126
    endloop
  endfacet
  facet normal 0 0.793344 0.608774
    outer loop
      vertex 25 20.8884 14.6262
      vertex 18 19.5341 16.3911
      vertex 25 19.5341 16.3911
    endloop
  endfacet
  facet normal 0 0.793344 0.608774
    outer loop
      vertex 18 19.5341 16.3911
      vertex 25 20.8884 14.6262
      vertex 18 20.8884 14.6262
    endloop
  endfacet
  facet normal -0 0 1
    outer loop
      vertex -18.01 15.3 -14.5
      vertex -18 15 -14.5
      vertex -18 15.3 -14.5
    endloop
  endfacet
  facet normal 0 0 1
    outer loop
      vertex -18.01 14.7 -14.5
      vertex -18 15 -14.5
      vertex -18.01 15.3 -14.5
    endloop
  endfacet
  facet normal 0 0 1
    outer loop
      vertex -18 15 -14.5
      vertex -18.01 14.7 -14.5
      vertex -18 14.7 -14.5
    endloop
  endfacet
  facet normal 0 0 1
    outer loop
      vertex 18 15 -14.5
      vertex 18.01 15.3 -14.5
      vertex 18 15.3 -14.5
    endloop
  endfacet
  facet normal 0 0 1
    outer loop
      vertex 18.01 15.3 -14.5
      vertex 18 15 -14.5
      vertex 18.01 14.7 -14.5
    endloop
  endfacet
  facet normal 0 0 1
    outer loop
      vertex 18 15 -14.5
      vertex 18 14.7 -14.5
      vertex 18.01 14.7 -14.5
    endloop
  endfacet
  facet normal -0 0 1
    outer loop
      vertex -18 15 -14.5
      vertex 18 14.7 -14.5
      vertex 18 15 -14.5
    endloop
  endfacet
  facet normal 0 0 1
    outer loop
      vertex 18 14.7 -14.5
      vertex -18 15 -14.5
      vertex -18 14.7 -14.5
    endloop
  endfacet
  facet normal 0 0 1
    outer loop
      vertex 18 14.7 -14.5
      vertex 3.4 -6 -14.5
      vertex 18 -27 -14.5
    endloop
  endfacet
  facet normal 0 0 1
    outer loop
      vertex 18 14.7 -14.5
      vertex 3.38706 -5.70367 -14.5
      vertex 3.4 -6 -14.5
    endloop
  endfacet
  facet normal 0 0 1
    outer loop
      vertex 18 14.7 -14.5
      vertex 3.34835 -5.4096 -14.5
      vertex 3.38706 -5.70367 -14.5
    endloop
  endfacet
  facet normal 0 0 1
    outer loop
      vertex 18 14.7 -14.5
      vertex 3.28415 -5.12002 -14.5
      vertex 3.34835 -5.4096 -14.5
    endloop
  endfacet
  facet normal 0 0 1
    outer loop
      vertex 18 14.7 -14.5
      vertex 3.19495 -4.83713 -14.5
      vertex 3.28415 -5.12002 -14.5
    endloop
  endfacet
  facet normal 0 0 1
    outer loop
      vertex 18 14.7 -14.5
      vertex 3.08145 -4.5631 -14.5
      vertex 3.19495 -4.83713 -14.5
    endloop
  endfacet
  facet normal 0 0 1
    outer loop
      vertex 18 14.7 -14.5
      vertex 2.94449 -4.3 -14.5
      vertex 3.08145 -4.5631 -14.5
    endloop
  endfacet
  facet normal -0 0 1
    outer loop
      vertex 1.64207 5.56001 -14.5
      vertex 2.94449 -4.3 -14.5
      vertex 18 14.7 -14.5
    endloop
  endfacet
  facet normal 0 0 1
    outer loop
      vertex 2.94449 -4.3 -14.5
      vertex 1.64207 5.56001 -14.5
      vertex 2.78512 -4.04984 -14.5
    endloop
  endfacet
  facet normal -0 0 1
    outer loop
      vertex 1.59748 5.41857 -14.5
      vertex 2.78512 -4.04984 -14.5
      vertex 1.64207 5.56001 -14.5
    endloop
  endfacet
  facet normal -0 0 1
    outer loop
      vertex 1.54072 5.28155 -14.5
      vertex 2.78512 -4.04984 -14.5
      vertex 1.59748 5.41857 -14.5
    endloop
  endfacet
  facet normal 0 0 1
    outer loop
      vertex 2.78512 -4.04984 -14.5
      vertex 1.54072 5.28155 -14.5
      vertex 2.60455 -3.81452 -14.5
    endloop
  endfacet
  facet normal 0 0 1
    outer loop
      vertex 1.69353 5.85184 -14.5
      vertex 18 14.7 -14.5
      vertex 1.7 6 -14.5
    endloop
  endfacet
  facet normal 0 0 1
    outer loop
      vertex 18 14.7 -14.5
      vertex 1.69353 6.14816 -14.5
      vertex 1.7 6 -14.5
    endloop
  endfacet
  facet normal 0 0 1
    outer loop
      vertex 18 14.7 -14.5
      vertex 1.67417 6.2952 -14.5
      vertex 1.69353 6.14816 -14.5
    endloop
  endfacet
  facet normal 0 0 1
    outer loop
      vertex 18 14.7 -14.5
      vertex 1.64207 6.43999 -14.5
      vertex 1.67417 6.2952 -14.5
    endloop
  endfacet
  facet normal 0 0 1
    outer loop
      vertex 18 14.7 -14.5
      vertex 1.59748 6.58143 -14.5
      vertex 1.64207 6.43999 -14.5
    endloop
  endfacet
  facet normal 0 0 1
    outer loop
      vertex 18 14.7 -14.5
      vertex 1.54072 6.71845 -14.5
      vertex 1.59748 6.58143 -14.5
    endloop
  endfacet
  facet normal 0 0 1
    outer loop
      vertex 18 14.7 -14.5
      vertex 1.47224 6.85 -14.5
      vertex 1.54072 6.71845 -14.5
    endloop
  endfacet
  facet normal 0 0 1
    outer loop
      vertex 18 14.7 -14.5
      vertex 1.39256 6.97508 -14.5
      vertex 1.47224 6.85 -14.5
    endloop
  endfacet
  facet normal 0 0 1
    outer loop
      vertex 18 14.7 -14.5
      vertex 1.30227 7.09274 -14.5
      vertex 1.39256 6.97508 -14.5
    endloop
  endfacet
  facet normal 0 0 1
    outer loop
      vertex 18 14.7 -14.5
      vertex 1.20208 7.20208 -14.5
      vertex 1.30227 7.09274 -14.5
    endloop
  endfacet
  facet normal 0 0 1
    outer loop
      vertex 18 14.7 -14.5
      vertex 1.09274 7.30227 -14.5
      vertex 1.20208 7.20208 -14.5
    endloop
  endfacet
  facet normal 0 0 1
    outer loop
      vertex 18 14.7 -14.5
      vertex 0.97508 7.39256 -14.5
      vertex 1.09274 7.30227 -14.5
    endloop
  endfacet
  facet normal 0 0 1
    outer loop
      vertex 18 14.7 -14.5
      vertex 0.849999 7.47224 -14.5
      vertex 0.97508 7.39256 -14.5
    endloop
  endfacet
  facet normal 0 0 1
    outer loop
      vertex 18 14.7 -14.5
      vertex 0.718451 7.54072 -14.5
      vertex 0.849999 7.47224 -14.5
    endloop
  endfacet
  facet normal 0 0 1
    outer loop
      vertex 18 14.7 -14.5
      vertex 0.581433 7.59748 -14.5
      vertex 0.718451 7.54072 -14.5
    endloop
  endfacet
  facet normal 0 0 1
    outer loop
      vertex 18 14.7 -14.5
      vertex 0.439992 7.64207 -14.5
      vertex 0.581433 7.59748 -14.5
    endloop
  endfacet
  facet normal 0 0 1
    outer loop
      vertex 18 14.7 -14.5
      vertex 0.295201 7.67417 -14.5
      vertex 0.439992 7.64207 -14.5
    endloop
  endfacet
  facet normal 0 0 1
    outer loop
      vertex 18 14.7 -14.5
      vertex 0.148165 7.69353 -14.5
      vertex 0.295201 7.67417 -14.5
    endloop
  endfacet
  facet normal 0 0 1
    outer loop
      vertex 18 14.7 -14.5
      vertex 0 7.7 -14.5
      vertex 0.148165 7.69353 -14.5
    endloop
  endfacet
  facet normal -0 0 1
    outer loop
      vertex -18 14.7 -14.5
      vertex 0 7.7 -14.5
      vertex 18 14.7 -14.5
    endloop
  endfacet
  facet normal 0 0 1
    outer loop
      vertex 0 7.7 -14.5
      vertex -18 14.7 -14.5
      vertex -0.148165 7.69353 -14.5
    endloop
  endfacet
  facet normal 0 0 1
    outer loop
      vertex -0.148165 7.69353 -14.5
      vertex -18 14.7 -14.5
      vertex -0.295201 7.67417 -14.5
    endloop
  endfacet
  facet normal 0 0 1
    outer loop
      vertex -0.295201 7.67417 -14.5
      vertex -18 14.7 -14.5
      vertex -0.439992 7.64207 -14.5
    endloop
  endfacet
  facet normal 0 0 1
    outer loop
      vertex -1.20208 4.79792 -14.5
      vertex -1.95016 -3.21488 -14.5
      vertex -1.7 -3.05551 -14.5
    endloop
  endfacet
  facet normal 0 0 1
    outer loop
      vertex -1.69353 5.85184 -14.5
      vertex -2.18548 -3.39545 -14.5
      vertex -1.95016 -3.21488 -14.5
    endloop
  endfacet
  facet normal 0 0 1
    outer loop
      vertex -18 14.7 -14.5
      vertex -1.7 6 -14.5
      vertex -1.69353 6.14816 -14.5
    endloop
  endfacet
  facet normal 0 0 1
    outer loop
      vertex -1.69353 5.85184 -14.5
      vertex -2.40416 -3.59584 -14.5
      vertex -2.18548 -3.39545 -14.5
    endloop
  endfacet
  facet normal 0 0 1
    outer loop
      vertex -1.69353 5.85184 -14.5
      vertex -2.60455 -3.81452 -14.5
      vertex -2.40416 -3.59584 -14.5
    endloop
  endfacet
  facet normal 0 0 1
    outer loop
      vertex -1.69353 5.85184 -14.5
      vertex -2.78512 -4.04984 -14.5
      vertex -2.60455 -3.81452 -14.5
    endloop
  endfacet
  facet normal 0 0 1
    outer loop
      vertex -1.69353 5.85184 -14.5
      vertex -2.94449 -4.3 -14.5
      vertex -2.78512 -4.04984 -14.5
    endloop
  endfacet
  facet normal 0 0 1
    outer loop
      vertex -1.69353 5.85184 -14.5
      vertex -18 14.7 -14.5
      vertex -2.94449 -4.3 -14.5
    endloop
  endfacet
  facet normal 0 0 1
    outer loop
      vertex -2.94449 -4.3 -14.5
      vertex -18 14.7 -14.5
      vertex -3.08145 -4.5631 -14.5
    endloop
  endfacet
  facet normal 0 0 1
    outer loop
      vertex -18 14.7 -14.5
      vertex -1.69353 6.14816 -14.5
      vertex -1.67417 6.2952 -14.5
    endloop
  endfacet
  facet normal 0 0 1
    outer loop
      vertex -3.08145 -4.5631 -14.5
      vertex -18 14.7 -14.5
      vertex -3.19495 -4.83713 -14.5
    endloop
  endfacet
  facet normal 0 0 1
    outer loop
      vertex -3.19495 -4.83713 -14.5
      vertex -18 14.7 -14.5
      vertex -3.28415 -5.12002 -14.5
    endloop
  endfacet
  facet normal 0 0 1
    outer loop
      vertex -3.38706 -5.70367 -14.5
      vertex -18 14.7 -14.5
      vertex -3.4 -6 -14.5
    endloop
  endfacet
  facet normal 0 0 1
    outer loop
      vertex -3.34835 -5.4096 -14.5
      vertex -18 14.7 -14.5
      vertex -3.38706 -5.70367 -14.5
    endloop
  endfacet
  facet normal 0 0 1
    outer loop
      vertex -3.28415 -5.12002 -14.5
      vertex -18 14.7 -14.5
      vertex -3.34835 -5.4096 -14.5
    endloop
  endfacet
  facet normal 0 0 1
    outer loop
      vertex -1.64207 6.43999 -14.5
      vertex -18 14.7 -14.5
      vertex -1.67417 6.2952 -14.5
    endloop
  endfacet
  facet normal 0 0 1
    outer loop
      vertex -1.59748 6.58143 -14.5
      vertex -18 14.7 -14.5
      vertex -1.64207 6.43999 -14.5
    endloop
  endfacet
  facet normal 0 0 1
    outer loop
      vertex -1.54072 6.71845 -14.5
      vertex -18 14.7 -14.5
      vertex -1.59748 6.58143 -14.5
    endloop
  endfacet
  facet normal 0 0 1
    outer loop
      vertex -1.47224 6.85 -14.5
      vertex -18 14.7 -14.5
      vertex -1.54072 6.71845 -14.5
    endloop
  endfacet
  facet normal 0 0 1
    outer loop
      vertex -1.39256 6.97508 -14.5
      vertex -18 14.7 -14.5
      vertex -1.47224 6.85 -14.5
    endloop
  endfacet
  facet normal 0 0 1
    outer loop
      vertex -1.30227 7.09274 -14.5
      vertex -18 14.7 -14.5
      vertex -1.39256 6.97508 -14.5
    endloop
  endfacet
  facet normal 0 0 1
    outer loop
      vertex -1.20208 7.20208 -14.5
      vertex -18 14.7 -14.5
      vertex -1.30227 7.09274 -14.5
    endloop
  endfacet
  facet normal 0 0 1
    outer loop
      vertex -1.09274 7.30227 -14.5
      vertex -18 14.7 -14.5
      vertex -1.20208 7.20208 -14.5
    endloop
  endfacet
  facet normal 0 0 1
    outer loop
      vertex -0.97508 7.39256 -14.5
      vertex -18 14.7 -14.5
      vertex -1.09274 7.30227 -14.5
    endloop
  endfacet
  facet normal 0 0 1
    outer loop
      vertex -0.849999 7.47224 -14.5
      vertex -18 14.7 -14.5
      vertex -0.97508 7.39256 -14.5
    endloop
  endfacet
  facet normal 0 0 1
    outer loop
      vertex -0.718451 7.54072 -14.5
      vertex -18 14.7 -14.5
      vertex -0.849999 7.47224 -14.5
    endloop
  endfacet
  facet normal 0 0 1
    outer loop
      vertex -0.581433 7.59748 -14.5
      vertex -18 14.7 -14.5
      vertex -0.718451 7.54072 -14.5
    endloop
  endfacet
  facet normal 0 0 1
    outer loop
      vertex -0.439992 7.64207 -14.5
      vertex -18 14.7 -14.5
      vertex -0.581433 7.59748 -14.5
    endloop
  endfacet
  facet normal -0 0 1
    outer loop
      vertex 3.38706 -6.29633 -14.5
      vertex 18 -27 -14.5
      vertex 3.4 -6 -14.5
    endloop
  endfacet
  facet normal -0 0 1
    outer loop
      vertex 3.34835 -6.5904 -14.5
      vertex 18 -27 -14.5
      vertex 3.38706 -6.29633 -14.5
    endloop
  endfacet
  facet normal -0 0 1
    outer loop
      vertex 3.28415 -6.87998 -14.5
      vertex 18 -27 -14.5
      vertex 3.34835 -6.5904 -14.5
    endloop
  endfacet
  facet normal -0 0 1
    outer loop
      vertex 3.19495 -7.16287 -14.5
      vertex 18 -27 -14.5
      vertex 3.28415 -6.87998 -14.5
    endloop
  endfacet
  facet normal -0 0 1
    outer loop
      vertex 3.08145 -7.4369 -14.5
      vertex 18 -27 -14.5
      vertex 3.19495 -7.16287 -14.5
    endloop
  endfacet
  facet normal -0 0 1
    outer loop
      vertex 2.94449 -7.7 -14.5
      vertex 18 -27 -14.5
      vertex 3.08145 -7.4369 -14.5
    endloop
  endfacet
  facet normal -0 0 1
    outer loop
      vertex 2.78512 -7.95016 -14.5
      vertex 18 -27 -14.5
      vertex 2.94449 -7.7 -14.5
    endloop
  endfacet
  facet normal -0 0 1
    outer loop
      vertex 2.60455 -8.18548 -14.5
      vertex 18 -27 -14.5
      vertex 2.78512 -7.95016 -14.5
    endloop
  endfacet
  facet normal -0 0 1
    outer loop
      vertex 2.40416 -8.40416 -14.5
      vertex 18 -27 -14.5
      vertex 2.60455 -8.18548 -14.5
    endloop
  endfacet
  facet normal -0 0 1
    outer loop
      vertex 2.18548 -8.60455 -14.5
      vertex 18 -27 -14.5
      vertex 2.40416 -8.40416 -14.5
    endloop
  endfacet
  facet normal -0 0 1
    outer loop
      vertex 1.95016 -8.78512 -14.5
      vertex 18 -27 -14.5
      vertex 2.18548 -8.60455 -14.5
    endloop
  endfacet
  facet normal -0 0 1
    outer loop
      vertex 1.7 -8.94449 -14.5
      vertex 18 -27 -14.5
      vertex 1.95016 -8.78512 -14.5
    endloop
  endfacet
  facet normal -0 0 1
    outer loop
      vertex 1.4369 -9.08145 -14.5
      vertex 18 -27 -14.5
      vertex 1.7 -8.94449 -14.5
    endloop
  endfacet
  facet normal -0 0 1
    outer loop
      vertex 1.16287 -9.19495 -14.5
      vertex 18 -27 -14.5
      vertex 1.4369 -9.08145 -14.5
    endloop
  endfacet
  facet normal -0 0 1
    outer loop
      vertex 0.879984 -9.28415 -14.5
      vertex 18 -27 -14.5
      vertex 1.16287 -9.19495 -14.5
    endloop
  endfacet
  facet normal -0 0 1
    outer loop
      vertex 0.590404 -9.34835 -14.5
      vertex 18 -27 -14.5
      vertex 0.879984 -9.28415 -14.5
    endloop
  endfacet
  facet normal -0 0 1
    outer loop
      vertex 0.296329 -9.38706 -14.5
      vertex 18 -27 -14.5
      vertex 0.590404 -9.34835 -14.5
    endloop
  endfacet
  facet normal -0 0 1
    outer loop
      vertex 0 -9.4 -14.5
      vertex 18 -27 -14.5
      vertex 0.296329 -9.38706 -14.5
    endloop
  endfacet
  facet normal 0 0 1
    outer loop
      vertex -18 -27 -14.5
      vertex 0 -9.4 -14.5
      vertex -0.296329 -9.38706 -14.5
    endloop
  endfacet
  facet normal 0 0 1
    outer loop
      vertex -18 -27 -14.5
      vertex -0.296329 -9.38706 -14.5
      vertex -0.590404 -9.34835 -14.5
    endloop
  endfacet
  facet normal 0 0 1
    outer loop
      vertex -18 -27 -14.5
      vertex -0.590404 -9.34835 -14.5
      vertex -0.879984 -9.28415 -14.5
    endloop
  endfacet
  facet normal 0 0 1
    outer loop
      vertex -18 -27 -14.5
      vertex -0.879984 -9.28415 -14.5
      vertex -1.16287 -9.19495 -14.5
    endloop
  endfacet
  facet normal 0 0 1
    outer loop
      vertex -18 -27 -14.5
      vertex -1.16287 -9.19495 -14.5
      vertex -1.4369 -9.08145 -14.5
    endloop
  endfacet
  facet normal 0 0 1
    outer loop
      vertex -18 -27 -14.5
      vertex -1.4369 -9.08145 -14.5
      vertex -1.7 -8.94449 -14.5
    endloop
  endfacet
  facet normal 0 0 1
    outer loop
      vertex -18 -27 -14.5
      vertex -1.7 -8.94449 -14.5
      vertex -1.95016 -8.78512 -14.5
    endloop
  endfacet
  facet normal 0 0 1
    outer loop
      vertex -18 -27 -14.5
      vertex -1.95016 -8.78512 -14.5
      vertex -2.18548 -8.60455 -14.5
    endloop
  endfacet
  facet normal 0 0 1
    outer loop
      vertex -18 -27 -14.5
      vertex -3.4 -6 -14.5
      vertex -18 14.7 -14.5
    endloop
  endfacet
  facet normal 0 0 1
    outer loop
      vertex -3.4 -6 -14.5
      vertex -18 -27 -14.5
      vertex -3.38706 -6.29633 -14.5
    endloop
  endfacet
  facet normal 0 0 1
    outer loop
      vertex -3.38706 -6.29633 -14.5
      vertex -18 -27 -14.5
      vertex -3.34835 -6.5904 -14.5
    endloop
  endfacet
  facet normal 0 0 1
    outer loop
      vertex -3.34835 -6.5904 -14.5
      vertex -18 -27 -14.5
      vertex -3.28415 -6.87998 -14.5
    endloop
  endfacet
  facet normal 0 0 1
    outer loop
      vertex -3.28415 -6.87998 -14.5
      vertex -18 -27 -14.5
      vertex -3.19495 -7.16287 -14.5
    endloop
  endfacet
  facet normal 0 0 1
    outer loop
      vertex -3.19495 -7.16287 -14.5
      vertex -18 -27 -14.5
      vertex -3.08145 -7.4369 -14.5
    endloop
  endfacet
  facet normal 0 0 1
    outer loop
      vertex -3.08145 -7.4369 -14.5
      vertex -18 -27 -14.5
      vertex -2.94449 -7.7 -14.5
    endloop
  endfacet
  facet normal 0 0 1
    outer loop
      vertex 0 -9.4 -14.5
      vertex -18 -27 -14.5
      vertex 18 -27 -14.5
    endloop
  endfacet
  facet normal 0 0 1
    outer loop
      vertex -2.40416 -8.40416 -14.5
      vertex -18 -27 -14.5
      vertex -2.18548 -8.60455 -14.5
    endloop
  endfacet
  facet normal 0 0 1
    outer loop
      vertex -2.60455 -8.18548 -14.5
      vertex -18 -27 -14.5
      vertex -2.40416 -8.40416 -14.5
    endloop
  endfacet
  facet normal 0 0 1
    outer loop
      vertex -2.78512 -7.95016 -14.5
      vertex -18 -27 -14.5
      vertex -2.60455 -8.18548 -14.5
    endloop
  endfacet
  facet normal 0 0 1
    outer loop
      vertex -2.94449 -7.7 -14.5
      vertex -18 -27 -14.5
      vertex -2.78512 -7.95016 -14.5
    endloop
  endfacet
  facet normal 0 0 1
    outer loop
      vertex 1.67417 5.7048 -14.5
      vertex 18 14.7 -14.5
      vertex 1.69353 5.85184 -14.5
    endloop
  endfacet
  facet normal 0 0 1
    outer loop
      vertex 1.64207 5.56001 -14.5
      vertex 18 14.7 -14.5
      vertex 1.67417 5.7048 -14.5
    endloop
  endfacet
  facet normal -0 0 1
    outer loop
      vertex 1.47224 5.15 -14.5
      vertex 2.60455 -3.81452 -14.5
      vertex 1.54072 5.28155 -14.5
    endloop
  endfacet
  facet normal 0 0 1
    outer loop
      vertex 2.60455 -3.81452 -14.5
      vertex 1.47224 5.15 -14.5
      vertex 2.40416 -3.59584 -14.5
    endloop
  endfacet
  facet normal -0 0 1
    outer loop
      vertex 1.39256 5.02492 -14.5
      vertex 2.40416 -3.59584 -14.5
      vertex 1.47224 5.15 -14.5
    endloop
  endfacet
  facet normal 0 0 1
    outer loop
      vertex 2.40416 -3.59584 -14.5
      vertex 1.39256 5.02492 -14.5
      vertex 2.18548 -3.39545 -14.5
    endloop
  endfacet
  facet normal -0 0 1
    outer loop
      vertex 1.30227 4.90726 -14.5
      vertex 2.18548 -3.39545 -14.5
      vertex 1.39256 5.02492 -14.5
    endloop
  endfacet
  facet normal 0 0 1
    outer loop
      vertex 2.18548 -3.39545 -14.5
      vertex 1.30227 4.90726 -14.5
      vertex 1.95016 -3.21488 -14.5
    endloop
  endfacet
  facet normal -0 0 1
    outer loop
      vertex 1.20208 4.79792 -14.5
      vertex 1.95016 -3.21488 -14.5
      vertex 1.30227 4.90726 -14.5
    endloop
  endfacet
  facet normal 0 0 1
    outer loop
      vertex 1.95016 -3.21488 -14.5
      vertex 1.20208 4.79792 -14.5
      vertex 1.7 -3.05551 -14.5
    endloop
  endfacet
  facet normal -0 0 1
    outer loop
      vertex 1.09274 4.69773 -14.5
      vertex 1.7 -3.05551 -14.5
      vertex 1.20208 4.79792 -14.5
    endloop
  endfacet
  facet normal -0 0 1
    outer loop
      vertex 0.97508 4.60744 -14.5
      vertex 1.7 -3.05551 -14.5
      vertex 1.09274 4.69773 -14.5
    endloop
  endfacet
  facet normal 0 0 1
    outer loop
      vertex 1.7 -3.05551 -14.5
      vertex 0.97508 4.60744 -14.5
      vertex 1.4369 -2.91855 -14.5
    endloop
  endfacet
  facet normal -0 0 1
    outer loop
      vertex 0.849999 4.52776 -14.5
      vertex 1.4369 -2.91855 -14.5
      vertex 0.97508 4.60744 -14.5
    endloop
  endfacet
  facet normal 0 0 1
    outer loop
      vertex 1.4369 -2.91855 -14.5
      vertex 0.849999 4.52776 -14.5
      vertex 1.16287 -2.80505 -14.5
    endloop
  endfacet
  facet normal -0 0 1
    outer loop
      vertex 0.718451 4.45928 -14.5
      vertex 1.16287 -2.80505 -14.5
      vertex 0.849999 4.52776 -14.5
    endloop
  endfacet
  facet normal 0 0 1
    outer loop
      vertex 1.16287 -2.80505 -14.5
      vertex 0.718451 4.45928 -14.5
      vertex 0.879984 -2.71585 -14.5
    endloop
  endfacet
  facet normal -0 0 1
    outer loop
      vertex 0.581433 4.40252 -14.5
      vertex 0.879984 -2.71585 -14.5
      vertex 0.718451 4.45928 -14.5
    endloop
  endfacet
  facet normal -0 0 1
    outer loop
      vertex 0.439992 4.35793 -14.5
      vertex 0.879984 -2.71585 -14.5
      vertex 0.581433 4.40252 -14.5
    endloop
  endfacet
  facet normal 0 0 1
    outer loop
      vertex 0.879984 -2.71585 -14.5
      vertex 0.439992 4.35793 -14.5
      vertex 0.590404 -2.65165 -14.5
    endloop
  endfacet
  facet normal -0 0 1
    outer loop
      vertex 0.295201 4.32583 -14.5
      vertex 0.590404 -2.65165 -14.5
      vertex 0.439992 4.35793 -14.5
    endloop
  endfacet
  facet normal 0 0 1
    outer loop
      vertex 0.590404 -2.65165 -14.5
      vertex 0.295201 4.32583 -14.5
      vertex 0.296329 -2.61294 -14.5
    endloop
  endfacet
  facet normal -0 0 1
    outer loop
      vertex 0.148165 4.30647 -14.5
      vertex 0.296329 -2.61294 -14.5
      vertex 0.295201 4.32583 -14.5
    endloop
  endfacet
  facet normal 0 0 1
    outer loop
      vertex 0 -2.6 -14.5
      vertex 0.148165 4.30647 -14.5
      vertex 0 4.3 -14.5
    endloop
  endfacet
  facet normal 0 0 1
    outer loop
      vertex 0.148165 4.30647 -14.5
      vertex 0 -2.6 -14.5
      vertex 0.296329 -2.61294 -14.5
    endloop
  endfacet
  facet normal 0 0 1
    outer loop
      vertex -0.148165 4.30647 -14.5
      vertex 0 -2.6 -14.5
      vertex 0 4.3 -14.5
    endloop
  endfacet
  facet normal 0 0 1
    outer loop
      vertex -0.296329 -2.61294 -14.5
      vertex -0.148165 4.30647 -14.5
      vertex -0.295201 4.32583 -14.5
    endloop
  endfacet
  facet normal 0 0 1
    outer loop
      vertex -0.148165 4.30647 -14.5
      vertex -0.296329 -2.61294 -14.5
      vertex 0 -2.6 -14.5
    endloop
  endfacet
  facet normal 0 0 1
    outer loop
      vertex -0.590404 -2.65165 -14.5
      vertex -0.295201 4.32583 -14.5
      vertex -0.439992 4.35793 -14.5
    endloop
  endfacet
  facet normal 0 0 1
    outer loop
      vertex -0.879984 -2.71585 -14.5
      vertex -0.439992 4.35793 -14.5
      vertex -0.581433 4.40252 -14.5
    endloop
  endfacet
  facet normal 0 0 1
    outer loop
      vertex -0.295201 4.32583 -14.5
      vertex -0.590404 -2.65165 -14.5
      vertex -0.296329 -2.61294 -14.5
    endloop
  endfacet
  facet normal 0 0 1
    outer loop
      vertex -0.879984 -2.71585 -14.5
      vertex -0.581433 4.40252 -14.5
      vertex -0.718451 4.45928 -14.5
    endloop
  endfacet
  facet normal 0 0 1
    outer loop
      vertex -1.16287 -2.80505 -14.5
      vertex -0.718451 4.45928 -14.5
      vertex -0.849999 4.52776 -14.5
    endloop
  endfacet
  facet normal 0 0 1
    outer loop
      vertex -0.439992 4.35793 -14.5
      vertex -0.879984 -2.71585 -14.5
      vertex -0.590404 -2.65165 -14.5
    endloop
  endfacet
  facet normal 0 0 1
    outer loop
      vertex -1.4369 -2.91855 -14.5
      vertex -0.849999 4.52776 -14.5
      vertex -0.97508 4.60744 -14.5
    endloop
  endfacet
  facet normal 0 0 1
    outer loop
      vertex -1.7 -3.05551 -14.5
      vertex -0.97508 4.60744 -14.5
      vertex -1.09274 4.69773 -14.5
    endloop
  endfacet
  facet normal 0 0 1
    outer loop
      vertex -0.718451 4.45928 -14.5
      vertex -1.16287 -2.80505 -14.5
      vertex -0.879984 -2.71585 -14.5
    endloop
  endfacet
  facet normal 0 0 1
    outer loop
      vertex -1.7 -3.05551 -14.5
      vertex -1.09274 4.69773 -14.5
      vertex -1.20208 4.79792 -14.5
    endloop
  endfacet
  facet normal 0 0 1
    outer loop
      vertex -1.95016 -3.21488 -14.5
      vertex -1.20208 4.79792 -14.5
      vertex -1.30227 4.90726 -14.5
    endloop
  endfacet
  facet normal 0 0 1
    outer loop
      vertex -1.95016 -3.21488 -14.5
      vertex -1.30227 4.90726 -14.5
      vertex -1.39256 5.02492 -14.5
    endloop
  endfacet
  facet normal 0 0 1
    outer loop
      vertex -0.849999 4.52776 -14.5
      vertex -1.4369 -2.91855 -14.5
      vertex -1.16287 -2.80505 -14.5
    endloop
  endfacet
  facet normal 0 0 1
    outer loop
      vertex -1.95016 -3.21488 -14.5
      vertex -1.39256 5.02492 -14.5
      vertex -1.47224 5.15 -14.5
    endloop
  endfacet
  facet normal 0 0 1
    outer loop
      vertex -1.95016 -3.21488 -14.5
      vertex -1.47224 5.15 -14.5
      vertex -1.54072 5.28155 -14.5
    endloop
  endfacet
  facet normal 0 0 1
    outer loop
      vertex -1.95016 -3.21488 -14.5
      vertex -1.54072 5.28155 -14.5
      vertex -1.59748 5.41857 -14.5
    endloop
  endfacet
  facet normal 0 0 1
    outer loop
      vertex -1.95016 -3.21488 -14.5
      vertex -1.59748 5.41857 -14.5
      vertex -1.64207 5.56001 -14.5
    endloop
  endfacet
  facet normal 0 0 1
    outer loop
      vertex -1.95016 -3.21488 -14.5
      vertex -1.64207 5.56001 -14.5
      vertex -1.67417 5.7048 -14.5
    endloop
  endfacet
  facet normal 0 0 1
    outer loop
      vertex -1.95016 -3.21488 -14.5
      vertex -1.67417 5.7048 -14.5
      vertex -1.69353 5.85184 -14.5
    endloop
  endfacet
  facet normal 0 0 1
    outer loop
      vertex -18 14.7 -14.5
      vertex -1.69353 5.85184 -14.5
      vertex -1.7 6 -14.5
    endloop
  endfacet
  facet normal 0 0 1
    outer loop
      vertex -0.97508 4.60744 -14.5
      vertex -1.7 -3.05551 -14.5
      vertex -1.4369 -2.91855 -14.5
    endloop
  endfacet
  facet normal 0 0 -1
    outer loop
      vertex 18 15 -19.5
      vertex 3.0882 5.72982 -19.5
      vertex 3.1 6 -19.5
    endloop
  endfacet
  facet normal 0 0 -1
    outer loop
      vertex 3.69603 -1.59525 -19.5
      vertex 3.0529 5.46169 -19.5
      vertex 3.0882 5.72982 -19.5
    endloop
  endfacet
  facet normal 0 0 -1
    outer loop
      vertex 3.69603 -1.59525 -19.5
      vertex 2.99437 5.19766 -19.5
      vertex 3.0529 5.46169 -19.5
    endloop
  endfacet
  facet normal 0 0 -1
    outer loop
      vertex 3.69603 -1.59525 -19.5
      vertex 2.91305 4.93974 -19.5
      vertex 2.99437 5.19766 -19.5
    endloop
  endfacet
  facet normal 0 0 -1
    outer loop
      vertex 2.37474 4.00736 -19.5
      vertex 3.29806 -1.28988 -19.5
      vertex 2.875 -1.02035 -19.5
    endloop
  endfacet
  facet normal 0 0 -1
    outer loop
      vertex 3.69603 -1.59525 -19.5
      vertex 2.80955 4.68988 -19.5
      vertex 2.91305 4.93974 -19.5
    endloop
  endfacet
  facet normal 0 0 -1
    outer loop
      vertex 3.69603 -1.59525 -19.5
      vertex 2.68468 4.45 -19.5
      vertex 2.80955 4.68988 -19.5
    endloop
  endfacet
  facet normal 0 0 -1
    outer loop
      vertex 3.69603 -1.59525 -19.5
      vertex 2.53937 4.22191 -19.5
      vertex 2.68468 4.45 -19.5
    endloop
  endfacet
  facet normal 0 0 -1
    outer loop
      vertex 1.99264 3.62526 -19.5
      vertex 2.875 -1.02035 -19.5
      vertex 2.43005 -0.788731 -19.5
    endloop
  endfacet
  facet normal 0 0 -1
    outer loop
      vertex 3.29806 -1.28988 -19.5
      vertex 2.37474 4.00736 -19.5
      vertex 2.53937 4.22191 -19.5
    endloop
  endfacet
  facet normal 0 0 -1
    outer loop
      vertex 2.875 -1.02035 -19.5
      vertex 2.19203 3.80797 -19.5
      vertex 2.37474 4.00736 -19.5
    endloop
  endfacet
  facet normal 0 0 -1
    outer loop
      vertex 2.875 -1.02035 -19.5
      vertex 1.99264 3.62526 -19.5
      vertex 2.19203 3.80797 -19.5
    endloop
  endfacet
  facet normal 0 0 -1
    outer loop
      vertex 1.77809 3.46063 -19.5
      vertex 2.43005 -0.788731 -19.5
      vertex 1.96662 -0.596768 -19.5
    endloop
  endfacet
  facet normal 0 0 -1
    outer loop
      vertex 2.43005 -0.788731 -19.5
      vertex 1.77809 3.46063 -19.5
      vertex 1.99264 3.62526 -19.5
    endloop
  endfacet
  facet normal 0 0 -1
    outer loop
      vertex 1.96662 -0.596768 -19.5
      vertex 1.55 3.31532 -19.5
      vertex 1.77809 3.46063 -19.5
    endloop
  endfacet
  facet normal 0 0 -1
    outer loop
      vertex 1.31012 3.19045 -19.5
      vertex 1.96662 -0.596768 -19.5
      vertex 1.48821 -0.445927 -19.5
    endloop
  endfacet
  facet normal 0 0 -1
    outer loop
      vertex 1.96662 -0.596768 -19.5
      vertex 1.31012 3.19045 -19.5
      vertex 1.55 3.31532 -19.5
    endloop
  endfacet
  facet normal 0 0 -1
    outer loop
      vertex 1.48821 -0.445927 -19.5
      vertex 1.06026 3.08695 -19.5
      vertex 1.31012 3.19045 -19.5
    endloop
  endfacet
  facet normal 0 0 -1
    outer loop
      vertex 0.998477 -0.337356 -19.5
      vertex 1.06026 3.08695 -19.5
      vertex 1.48821 -0.445927 -19.5
    endloop
  endfacet
  facet normal 0 0 -1
    outer loop
      vertex 0.998477 -0.337356 -19.5
      vertex 0.802339 3.00563 -19.5
      vertex 1.06026 3.08695 -19.5
    endloop
  endfacet
  facet normal 0 0 -1
    outer loop
      vertex 0.998477 -0.337356 -19.5
      vertex 0.538309 2.9471 -19.5
      vertex 0.802339 3.00563 -19.5
    endloop
  endfacet
  facet normal 0 0 -1
    outer loop
      vertex 0.501145 -0.271881 -19.5
      vertex 0.538309 2.9471 -19.5
      vertex 0.998477 -0.337356 -19.5
    endloop
  endfacet
  facet normal 0 0 -1
    outer loop
      vertex 0.501145 -0.271881 -19.5
      vertex 0.270183 2.9118 -19.5
      vertex 0.538309 2.9471 -19.5
    endloop
  endfacet
  facet normal 0 0 -1
    outer loop
      vertex 0 -0.25 -19.5
      vertex 0.270183 2.9118 -19.5
      vertex 0.501145 -0.271881 -19.5
    endloop
  endfacet
  facet normal 0 0 -1
    outer loop
      vertex 0 -0.25 -19.5
      vertex 0 2.9 -19.5
      vertex 0.270183 2.9118 -19.5
    endloop
  endfacet
  facet normal 0 0 -1
    outer loop
      vertex 0 -0.25 -19.5
      vertex -0.270183 2.9118 -19.5
      vertex 0 2.9 -19.5
    endloop
  endfacet
  facet normal 0 0 -1
    outer loop
      vertex -0.501145 -0.271881 -19.5
      vertex -0.270183 2.9118 -19.5
      vertex 0 -0.25 -19.5
    endloop
  endfacet
  facet normal 0 0 -1
    outer loop
      vertex -0.501145 -0.271881 -19.5
      vertex -0.538309 2.9471 -19.5
      vertex -0.270183 2.9118 -19.5
    endloop
  endfacet
  facet normal 0 0 -1
    outer loop
      vertex -0.998477 -0.337356 -19.5
      vertex -0.538309 2.9471 -19.5
      vertex -0.501145 -0.271881 -19.5
    endloop
  endfacet
  facet normal -0 0 -1
    outer loop
      vertex -0.538309 2.9471 -19.5
      vertex -0.998477 -0.337356 -19.5
      vertex -0.802339 3.00563 -19.5
    endloop
  endfacet
  facet normal 0 0 -1
    outer loop
      vertex -0.998477 -0.337356 -19.5
      vertex -1.06026 3.08695 -19.5
      vertex -0.802339 3.00563 -19.5
    endloop
  endfacet
  facet normal 0 0 -1
    outer loop
      vertex -1.48821 -0.445927 -19.5
      vertex -1.06026 3.08695 -19.5
      vertex -0.998477 -0.337356 -19.5
    endloop
  endfacet
  facet normal -0 0 -1
    outer loop
      vertex -1.06026 3.08695 -19.5
      vertex -1.48821 -0.445927 -19.5
      vertex -1.31012 3.19045 -19.5
    endloop
  endfacet
  facet normal 0 0 -1
    outer loop
      vertex -1.96662 -0.596768 -19.5
      vertex -1.31012 3.19045 -19.5
      vertex -1.48821 -0.445927 -19.5
    endloop
  endfacet
  facet normal -0 0 -1
    outer loop
      vertex -1.31012 3.19045 -19.5
      vertex -1.96662 -0.596768 -19.5
      vertex -1.55 3.31532 -19.5
    endloop
  endfacet
  facet normal -0 0 -1
    outer loop
      vertex -1.55 3.31532 -19.5
      vertex -1.96662 -0.596768 -19.5
      vertex -1.77809 3.46063 -19.5
    endloop
  endfacet
  facet normal 0 0 -1
    outer loop
      vertex -2.43005 -0.788731 -19.5
      vertex -1.77809 3.46063 -19.5
      vertex -1.96662 -0.596768 -19.5
    endloop
  endfacet
  facet normal -0 0 -1
    outer loop
      vertex -1.77809 3.46063 -19.5
      vertex -2.43005 -0.788731 -19.5
      vertex -1.99264 3.62526 -19.5
    endloop
  endfacet
  facet normal 0 0 -1
    outer loop
      vertex -2.875 -1.02035 -19.5
      vertex -1.99264 3.62526 -19.5
      vertex -2.43005 -0.788731 -19.5
    endloop
  endfacet
  facet normal -0 0 -1
    outer loop
      vertex -1.99264 3.62526 -19.5
      vertex -2.875 -1.02035 -19.5
      vertex -2.19203 3.80797 -19.5
    endloop
  endfacet
  facet normal -0 0 -1
    outer loop
      vertex -2.19203 3.80797 -19.5
      vertex -2.875 -1.02035 -19.5
      vertex -2.37474 4.00736 -19.5
    endloop
  endfacet
  facet normal 0 0 -1
    outer loop
      vertex -3.29806 -1.28988 -19.5
      vertex -2.37474 4.00736 -19.5
      vertex -2.875 -1.02035 -19.5
    endloop
  endfacet
  facet normal -0 0 -1
    outer loop
      vertex -2.37474 4.00736 -19.5
      vertex -3.29806 -1.28988 -19.5
      vertex -2.53937 4.22191 -19.5
    endloop
  endfacet
  facet normal 0 0 -1
    outer loop
      vertex -3.69603 -1.59525 -19.5
      vertex -2.53937 4.22191 -19.5
      vertex -3.29806 -1.28988 -19.5
    endloop
  endfacet
  facet normal -0 0 -1
    outer loop
      vertex -2.53937 4.22191 -19.5
      vertex -3.69603 -1.59525 -19.5
      vertex -2.68468 4.45 -19.5
    endloop
  endfacet
  facet normal -0 0 -1
    outer loop
      vertex -2.68468 4.45 -19.5
      vertex -3.69603 -1.59525 -19.5
      vertex -2.80955 4.68988 -19.5
    endloop
  endfacet
  facet normal 0 0 -1
    outer loop
      vertex -4.06586 -1.93414 -19.5
      vertex -2.80955 4.68988 -19.5
      vertex -3.69603 -1.59525 -19.5
    endloop
  endfacet
  facet normal -0 0 -1
    outer loop
      vertex -2.80955 4.68988 -19.5
      vertex -4.06586 -1.93414 -19.5
      vertex -2.91305 4.93974 -19.5
    endloop
  endfacet
  facet normal 0 0 -1
    outer loop
      vertex -4.40475 -2.30397 -19.5
      vertex -2.91305 4.93974 -19.5
      vertex -4.06586 -1.93414 -19.5
    endloop
  endfacet
  facet normal -0 0 -1
    outer loop
      vertex -2.91305 4.93974 -19.5
      vertex -4.40475 -2.30397 -19.5
      vertex -2.99437 5.19766 -19.5
    endloop
  endfacet
  facet normal 0 0 -1
    outer loop
      vertex 18 -27 -19.5
      vertex 5.75 -6 -19.5
      vertex 18 15 -19.5
    endloop
  endfacet
  facet normal 0 0 -1
    outer loop
      vertex 18 -27 -19.5
      vertex 5.72812 -6.50115 -19.5
      vertex 5.75 -6 -19.5
    endloop
  endfacet
  facet normal 0 0 -1
    outer loop
      vertex 18 -27 -19.5
      vertex 5.66264 -6.99848 -19.5
      vertex 5.72812 -6.50115 -19.5
    endloop
  endfacet
  facet normal 0 0 -1
    outer loop
      vertex 18 -27 -19.5
      vertex 5.55407 -7.48821 -19.5
      vertex 5.66264 -6.99848 -19.5
    endloop
  endfacet
  facet normal 0 0 -1
    outer loop
      vertex 18 -27 -19.5
      vertex 5.40323 -7.96662 -19.5
      vertex 5.55407 -7.48821 -19.5
    endloop
  endfacet
  facet normal 0 0 -1
    outer loop
      vertex 18 -27 -19.5
      vertex 5.21127 -8.43005 -19.5
      vertex 5.40323 -7.96662 -19.5
    endloop
  endfacet
  facet normal 0 0 -1
    outer loop
      vertex 18 -27 -19.5
      vertex 4.97965 -8.875 -19.5
      vertex 5.21127 -8.43005 -19.5
    endloop
  endfacet
  facet normal 0 0 -1
    outer loop
      vertex 18 -27 -19.5
      vertex 4.71012 -9.29806 -19.5
      vertex 4.97965 -8.875 -19.5
    endloop
  endfacet
  facet normal 0 0 -1
    outer loop
      vertex 18 -27 -19.5
      vertex 4.40475 -9.69603 -19.5
      vertex 4.71012 -9.29806 -19.5
    endloop
  endfacet
  facet normal 0 0 -1
    outer loop
      vertex 18 -27 -19.5
      vertex 4.06586 -10.0659 -19.5
      vertex 4.40475 -9.69603 -19.5
    endloop
  endfacet
  facet normal 0 0 -1
    outer loop
      vertex 18 -27 -19.5
      vertex 3.69603 -10.4048 -19.5
      vertex 4.06586 -10.0659 -19.5
    endloop
  endfacet
  facet normal 0 0 -1
    outer loop
      vertex 18 -27 -19.5
      vertex 3.29806 -10.7101 -19.5
      vertex 3.69603 -10.4048 -19.5
    endloop
  endfacet
  facet normal 0 0 -1
    outer loop
      vertex 18 -27 -19.5
      vertex 2.875 -10.9796 -19.5
      vertex 3.29806 -10.7101 -19.5
    endloop
  endfacet
  facet normal 0 0 -1
    outer loop
      vertex 18 -27 -19.5
      vertex 2.43005 -11.2113 -19.5
      vertex 2.875 -10.9796 -19.5
    endloop
  endfacet
  facet normal 0 0 -1
    outer loop
      vertex 18 -27 -19.5
      vertex 1.96662 -11.4032 -19.5
      vertex 2.43005 -11.2113 -19.5
    endloop
  endfacet
  facet normal 0 0 -1
    outer loop
      vertex 18 -27 -19.5
      vertex 1.48821 -11.5541 -19.5
      vertex 1.96662 -11.4032 -19.5
    endloop
  endfacet
  facet normal 0 0 -1
    outer loop
      vertex 18 -27 -19.5
      vertex 0.998477 -11.6626 -19.5
      vertex 1.48821 -11.5541 -19.5
    endloop
  endfacet
  facet normal 0 0 -1
    outer loop
      vertex 18 -27 -19.5
      vertex 0.501145 -11.7281 -19.5
      vertex 0.998477 -11.6626 -19.5
    endloop
  endfacet
  facet normal 0 0 -1
    outer loop
      vertex 18 -27 -19.5
      vertex 0 -11.75 -19.5
      vertex 0.501145 -11.7281 -19.5
    endloop
  endfacet
  facet normal 0 0 -1
    outer loop
      vertex -18 -27 -19.5
      vertex 0 -11.75 -19.5
      vertex 18 -27 -19.5
    endloop
  endfacet
  facet normal -0 0 -1
    outer loop
      vertex 0 -11.75 -19.5
      vertex -18 -27 -19.5
      vertex -0.501145 -11.7281 -19.5
    endloop
  endfacet
  facet normal -0 0 -1
    outer loop
      vertex -0.501145 -11.7281 -19.5
      vertex -18 -27 -19.5
      vertex -0.998477 -11.6626 -19.5
    endloop
  endfacet
  facet normal -0 0 -1
    outer loop
      vertex -0.998477 -11.6626 -19.5
      vertex -18 -27 -19.5
      vertex -1.48821 -11.5541 -19.5
    endloop
  endfacet
  facet normal -0 0 -1
    outer loop
      vertex -1.48821 -11.5541 -19.5
      vertex -18 -27 -19.5
      vertex -1.96662 -11.4032 -19.5
    endloop
  endfacet
  facet normal -0 0 -1
    outer loop
      vertex -1.96662 -11.4032 -19.5
      vertex -18 -27 -19.5
      vertex -2.43005 -11.2113 -19.5
    endloop
  endfacet
  facet normal -0 0 -1
    outer loop
      vertex -2.43005 -11.2113 -19.5
      vertex -18 -27 -19.5
      vertex -2.875 -10.9796 -19.5
    endloop
  endfacet
  facet normal -0 0 -1
    outer loop
      vertex -5.72812 -6.50115 -19.5
      vertex -18 -27 -19.5
      vertex -5.75 -6 -19.5
    endloop
  endfacet
  facet normal -0 0 -1
    outer loop
      vertex -5.66264 -6.99848 -19.5
      vertex -18 -27 -19.5
      vertex -5.72812 -6.50115 -19.5
    endloop
  endfacet
  facet normal -0 0 -1
    outer loop
      vertex -5.55407 -7.48821 -19.5
      vertex -18 -27 -19.5
      vertex -5.66264 -6.99848 -19.5
    endloop
  endfacet
  facet normal -0 0 -1
    outer loop
      vertex -5.40323 -7.96662 -19.5
      vertex -18 -27 -19.5
      vertex -5.55407 -7.48821 -19.5
    endloop
  endfacet
  facet normal -0 0 -1
    outer loop
      vertex -5.21127 -8.43005 -19.5
      vertex -18 -27 -19.5
      vertex -5.40323 -7.96662 -19.5
    endloop
  endfacet
  facet normal -0 0 -1
    outer loop
      vertex -4.97965 -8.875 -19.5
      vertex -18 -27 -19.5
      vertex -5.21127 -8.43005 -19.5
    endloop
  endfacet
  facet normal -0 0 -1
    outer loop
      vertex -4.71012 -9.29806 -19.5
      vertex -18 -27 -19.5
      vertex -4.97965 -8.875 -19.5
    endloop
  endfacet
  facet normal -0 0 -1
    outer loop
      vertex -4.40475 -9.69603 -19.5
      vertex -18 -27 -19.5
      vertex -4.71012 -9.29806 -19.5
    endloop
  endfacet
  facet normal -0 0 -1
    outer loop
      vertex -4.06586 -10.0659 -19.5
      vertex -18 -27 -19.5
      vertex -4.40475 -9.69603 -19.5
    endloop
  endfacet
  facet normal -0 0 -1
    outer loop
      vertex -3.69603 -10.4048 -19.5
      vertex -18 -27 -19.5
      vertex -4.06586 -10.0659 -19.5
    endloop
  endfacet
  facet normal -0 0 -1
    outer loop
      vertex -3.29806 -10.7101 -19.5
      vertex -18 -27 -19.5
      vertex -3.69603 -10.4048 -19.5
    endloop
  endfacet
  facet normal -0 0 -1
    outer loop
      vertex -2.875 -10.9796 -19.5
      vertex -18 -27 -19.5
      vertex -3.29806 -10.7101 -19.5
    endloop
  endfacet
  facet normal 0 0 -1
    outer loop
      vertex 5.72812 -5.49885 -19.5
      vertex 18 15 -19.5
      vertex 5.75 -6 -19.5
    endloop
  endfacet
  facet normal 0 0 -1
    outer loop
      vertex 5.66264 -5.00152 -19.5
      vertex 18 15 -19.5
      vertex 5.72812 -5.49885 -19.5
    endloop
  endfacet
  facet normal 0 0 -1
    outer loop
      vertex 5.55407 -4.51179 -19.5
      vertex 18 15 -19.5
      vertex 5.66264 -5.00152 -19.5
    endloop
  endfacet
  facet normal 0 0 -1
    outer loop
      vertex 5.40323 -4.03338 -19.5
      vertex 18 15 -19.5
      vertex 5.55407 -4.51179 -19.5
    endloop
  endfacet
  facet normal 0 0 -1
    outer loop
      vertex 5.21127 -3.56995 -19.5
      vertex 18 15 -19.5
      vertex 5.40323 -4.03338 -19.5
    endloop
  endfacet
  facet normal 0 0 -1
    outer loop
      vertex 4.97965 -3.125 -19.5
      vertex 18 15 -19.5
      vertex 5.21127 -3.56995 -19.5
    endloop
  endfacet
  facet normal 0 0 -1
    outer loop
      vertex 4.71012 -2.70194 -19.5
      vertex 18 15 -19.5
      vertex 4.97965 -3.125 -19.5
    endloop
  endfacet
  facet normal 0 0 -1
    outer loop
      vertex 3.0882 5.72982 -19.5
      vertex 4.71012 -2.70194 -19.5
      vertex 4.40475 -2.30397 -19.5
    endloop
  endfacet
  facet normal 0 0 -1
    outer loop
      vertex 3.0882 5.72982 -19.5
      vertex 4.40475 -2.30397 -19.5
      vertex 4.06586 -1.93414 -19.5
    endloop
  endfacet
  facet normal 0 0 -1
    outer loop
      vertex 3.0882 5.72982 -19.5
      vertex 4.06586 -1.93414 -19.5
      vertex 3.69603 -1.59525 -19.5
    endloop
  endfacet
  facet normal 0 0 -1
    outer loop
      vertex 2.53937 4.22191 -19.5
      vertex 3.69603 -1.59525 -19.5
      vertex 3.29806 -1.28988 -19.5
    endloop
  endfacet
  facet normal 0 0 -1
    outer loop
      vertex 3.0882 5.72982 -19.5
      vertex 18 15 -19.5
      vertex 4.71012 -2.70194 -19.5
    endloop
  endfacet
  facet normal 0 0 -1
    outer loop
      vertex 3.0882 6.27018 -19.5
      vertex 18 15 -19.5
      vertex 3.1 6 -19.5
    endloop
  endfacet
  facet normal 0 0 -1
    outer loop
      vertex 3.0529 6.53831 -19.5
      vertex 18 15 -19.5
      vertex 3.0882 6.27018 -19.5
    endloop
  endfacet
  facet normal 0 0 -1
    outer loop
      vertex 2.99437 6.80234 -19.5
      vertex 18 15 -19.5
      vertex 3.0529 6.53831 -19.5
    endloop
  endfacet
  facet normal 0 0 -1
    outer loop
      vertex 2.91305 7.06026 -19.5
      vertex 18 15 -19.5
      vertex 2.99437 6.80234 -19.5
    endloop
  endfacet
  facet normal 0 0 -1
    outer loop
      vertex 2.80955 7.31012 -19.5
      vertex 18 15 -19.5
      vertex 2.91305 7.06026 -19.5
    endloop
  endfacet
  facet normal 0 0 -1
    outer loop
      vertex 2.68468 7.55 -19.5
      vertex 18 15 -19.5
      vertex 2.80955 7.31012 -19.5
    endloop
  endfacet
  facet normal 0 0 -1
    outer loop
      vertex 2.53937 7.77809 -19.5
      vertex 18 15 -19.5
      vertex 2.68468 7.55 -19.5
    endloop
  endfacet
  facet normal 0 0 -1
    outer loop
      vertex 2.37474 7.99264 -19.5
      vertex 18 15 -19.5
      vertex 2.53937 7.77809 -19.5
    endloop
  endfacet
  facet normal 0 0 -1
    outer loop
      vertex 2.19203 8.19203 -19.5
      vertex 18 15 -19.5
      vertex 2.37474 7.99264 -19.5
    endloop
  endfacet
  facet normal 0 0 -1
    outer loop
      vertex 1.99264 8.37474 -19.5
      vertex 18 15 -19.5
      vertex 2.19203 8.19203 -19.5
    endloop
  endfacet
  facet normal 0 0 -1
    outer loop
      vertex 1.77809 8.53937 -19.5
      vertex 18 15 -19.5
      vertex 1.99264 8.37474 -19.5
    endloop
  endfacet
  facet normal 0 0 -1
    outer loop
      vertex 1.55 8.68468 -19.5
      vertex 18 15 -19.5
      vertex 1.77809 8.53937 -19.5
    endloop
  endfacet
  facet normal 0 0 -1
    outer loop
      vertex 1.31012 8.80955 -19.5
      vertex 18 15 -19.5
      vertex 1.55 8.68468 -19.5
    endloop
  endfacet
  facet normal 0 0 -1
    outer loop
      vertex 1.06026 8.91305 -19.5
      vertex 18 15 -19.5
      vertex 1.31012 8.80955 -19.5
    endloop
  endfacet
  facet normal 0 0 -1
    outer loop
      vertex 0.802339 8.99437 -19.5
      vertex 18 15 -19.5
      vertex 1.06026 8.91305 -19.5
    endloop
  endfacet
  facet normal 0 0 -1
    outer loop
      vertex 0.538309 9.0529 -19.5
      vertex 18 15 -19.5
      vertex 0.802339 8.99437 -19.5
    endloop
  endfacet
  facet normal 0 0 -1
    outer loop
      vertex 0.270183 9.0882 -19.5
      vertex 18 15 -19.5
      vertex 0.538309 9.0529 -19.5
    endloop
  endfacet
  facet normal 0 0 -1
    outer loop
      vertex 0 9.1 -19.5
      vertex 18 15 -19.5
      vertex 0.270183 9.0882 -19.5
    endloop
  endfacet
  facet normal 0 0 -1
    outer loop
      vertex -18 15 -19.5
      vertex 0 9.1 -19.5
      vertex -0.270183 9.0882 -19.5
    endloop
  endfacet
  facet normal 0 0 -1
    outer loop
      vertex -18 15 -19.5
      vertex -0.270183 9.0882 -19.5
      vertex -0.538309 9.0529 -19.5
    endloop
  endfacet
  facet normal 0 0 -1
    outer loop
      vertex -18 15 -19.5
      vertex -0.538309 9.0529 -19.5
      vertex -0.802339 8.99437 -19.5
    endloop
  endfacet
  facet normal 0 0 -1
    outer loop
      vertex -18 15 -19.5
      vertex -0.802339 8.99437 -19.5
      vertex -1.06026 8.91305 -19.5
    endloop
  endfacet
  facet normal 0 0 -1
    outer loop
      vertex -4.71012 -2.70194 -19.5
      vertex -2.99437 5.19766 -19.5
      vertex -4.40475 -2.30397 -19.5
    endloop
  endfacet
  facet normal -0 0 -1
    outer loop
      vertex -2.99437 5.19766 -19.5
      vertex -4.71012 -2.70194 -19.5
      vertex -3.0529 5.46169 -19.5
    endloop
  endfacet
  facet normal 0 0 -1
    outer loop
      vertex -18 15 -19.5
      vertex -3.0529 5.46169 -19.5
      vertex -4.71012 -2.70194 -19.5
    endloop
  endfacet
  facet normal 0 0 -1
    outer loop
      vertex -3.0529 5.46169 -19.5
      vertex -18 15 -19.5
      vertex -3.0882 5.72982 -19.5
    endloop
  endfacet
  facet normal 0 0 -1
    outer loop
      vertex -3.0882 5.72982 -19.5
      vertex -18 15 -19.5
      vertex -3.1 6 -19.5
    endloop
  endfacet
  facet normal 0 0 -1
    outer loop
      vertex -3.1 6 -19.5
      vertex -18 15 -19.5
      vertex -3.0882 6.27018 -19.5
    endloop
  endfacet
  facet normal 0 0 -1
    outer loop
      vertex -18 15 -19.5
      vertex -4.71012 -2.70194 -19.5
      vertex -4.97965 -3.125 -19.5
    endloop
  endfacet
  facet normal 0 0 -1
    outer loop
      vertex -18 15 -19.5
      vertex -4.97965 -3.125 -19.5
      vertex -5.21127 -3.56995 -19.5
    endloop
  endfacet
  facet normal 0 0 -1
    outer loop
      vertex -18 15 -19.5
      vertex -5.21127 -3.56995 -19.5
      vertex -5.40323 -4.03338 -19.5
    endloop
  endfacet
  facet normal 0 0 -1
    outer loop
      vertex -3.0882 6.27018 -19.5
      vertex -18 15 -19.5
      vertex -3.0529 6.53831 -19.5
    endloop
  endfacet
  facet normal 0 0 -1
    outer loop
      vertex -18 15 -19.5
      vertex -5.40323 -4.03338 -19.5
      vertex -5.55407 -4.51179 -19.5
    endloop
  endfacet
  facet normal 0 0 -1
    outer loop
      vertex -18 15 -19.5
      vertex -5.75 -6 -19.5
      vertex -18 -27 -19.5
    endloop
  endfacet
  facet normal 0 0 -1
    outer loop
      vertex -5.75 -6 -19.5
      vertex -18 15 -19.5
      vertex -5.72812 -5.49885 -19.5
    endloop
  endfacet
  facet normal 0 0 -1
    outer loop
      vertex -5.72812 -5.49885 -19.5
      vertex -18 15 -19.5
      vertex -5.66264 -5.00152 -19.5
    endloop
  endfacet
  facet normal 0 0 -1
    outer loop
      vertex -5.66264 -5.00152 -19.5
      vertex -18 15 -19.5
      vertex -5.55407 -4.51179 -19.5
    endloop
  endfacet
  facet normal 0 0 -1
    outer loop
      vertex -3.0529 6.53831 -19.5
      vertex -18 15 -19.5
      vertex -2.99437 6.80234 -19.5
    endloop
  endfacet
  facet normal 0 0 -1
    outer loop
      vertex -2.99437 6.80234 -19.5
      vertex -18 15 -19.5
      vertex -2.91305 7.06026 -19.5
    endloop
  endfacet
  facet normal 0 0 -1
    outer loop
      vertex 0 9.1 -19.5
      vertex -18 15 -19.5
      vertex 18 15 -19.5
    endloop
  endfacet
  facet normal 0 0 -1
    outer loop
      vertex -1.31012 8.80955 -19.5
      vertex -18 15 -19.5
      vertex -1.06026 8.91305 -19.5
    endloop
  endfacet
  facet normal 0 0 -1
    outer loop
      vertex -1.55 8.68468 -19.5
      vertex -18 15 -19.5
      vertex -1.31012 8.80955 -19.5
    endloop
  endfacet
  facet normal 0 0 -1
    outer loop
      vertex -1.77809 8.53937 -19.5
      vertex -18 15 -19.5
      vertex -1.55 8.68468 -19.5
    endloop
  endfacet
  facet normal 0 0 -1
    outer loop
      vertex -1.99264 8.37474 -19.5
      vertex -18 15 -19.5
      vertex -1.77809 8.53937 -19.5
    endloop
  endfacet
  facet normal 0 0 -1
    outer loop
      vertex -2.19203 8.19203 -19.5
      vertex -18 15 -19.5
      vertex -1.99264 8.37474 -19.5
    endloop
  endfacet
  facet normal 0 0 -1
    outer loop
      vertex -2.37474 7.99264 -19.5
      vertex -18 15 -19.5
      vertex -2.19203 8.19203 -19.5
    endloop
  endfacet
  facet normal 0 0 -1
    outer loop
      vertex -2.53937 7.77809 -19.5
      vertex -18 15 -19.5
      vertex -2.37474 7.99264 -19.5
    endloop
  endfacet
  facet normal 0 0 -1
    outer loop
      vertex -2.68468 7.55 -19.5
      vertex -18 15 -19.5
      vertex -2.53937 7.77809 -19.5
    endloop
  endfacet
  facet normal 0 0 -1
    outer loop
      vertex -2.80955 7.31012 -19.5
      vertex -18 15 -19.5
      vertex -2.68468 7.55 -19.5
    endloop
  endfacet
  facet normal 0 0 -1
    outer loop
      vertex -2.91305 7.06026 -19.5
      vertex -18 15 -19.5
      vertex -2.80955 7.31012 -19.5
    endloop
  endfacet
  facet normal 0 1 -0
    outer loop
      vertex 18 15 -19.5
      vertex -18 15 -14.5
      vertex 18 15 -14.5
    endloop
  endfacet
  facet normal 0 1 0
    outer loop
      vertex -18 15 -14.5
      vertex 18 15 -19.5
      vertex -18 15 -19.5
    endloop
  endfacet
  facet normal 0 -0.887015 -0.461741
    outer loop
      vertex -25 2.90018 1.35238
      vertex -18 2.77128 1.6
      vertex -25 2.77128 1.6
    endloop
  endfacet
  facet normal 0 -0.887015 -0.461741
    outer loop
      vertex -18 2.77128 1.6
      vertex -25 2.90018 1.35238
      vertex -18 2.90018 1.35238
    endloop
  endfacet
  facet normal 0 -0.216433 0.976298
    outer loop
      vertex -25 0.82822 -3.09096
      vertex -18 0.555674 -3.15138
      vertex -18 0.82822 -3.09096
    endloop
  endfacet
  facet normal 0 -0.216433 0.976298
    outer loop
      vertex -18 0.555674 -3.15138
      vertex -25 0.82822 -3.09096
      vertex -25 0.555674 -3.15138
    endloop
  endfacet
  facet normal 0 0.608767 -0.793349
    outer loop
      vertex -25 -2.05692 2.45134
      vertex -18 -1.83544 2.62129
      vertex -18 -2.05692 2.45134
    endloop
  endfacet
  facet normal 0 0.608767 -0.793349
    outer loop
      vertex -18 -1.83544 2.62129
      vertex -25 -2.05692 2.45134
      vertex -25 -1.83544 2.62129
    endloop
  endfacet
  facet normal 0 -0.300689 0.953722
    outer loop
      vertex -25 1.09446 -3.00702
      vertex -18 0.82822 -3.09096
      vertex -18 1.09446 -3.00702
    endloop
  endfacet
  facet normal 0 -0.300689 0.953722
    outer loop
      vertex -18 0.82822 -3.09096
      vertex -25 1.09446 -3.00702
      vertex -25 0.82822 -3.09096
    endloop
  endfacet
  facet normal 0 -0.0436303 0.999048
    outer loop
      vertex -25 0.278898 -3.18782
      vertex -18 0 -3.2
      vertex -18 0.278898 -3.18782
    endloop
  endfacet
  facet normal 0 -0.0436303 0.999048
    outer loop
      vertex -18 0 -3.2
      vertex -25 0.278898 -3.18782
      vertex -25 0 -3.2
    endloop
  endfacet
  facet normal 0 -0.675592 0.737276
    outer loop
      vertex -25 2.26274 -2.26274
      vertex -18 2.05692 -2.45134
      vertex -18 2.26274 -2.26274
    endloop
  endfacet
  facet normal 0 -0.675592 0.737276
    outer loop
      vertex -18 2.05692 -2.45134
      vertex -25 2.26274 -2.26274
      vertex -25 2.05692 -2.45134
    endloop
  endfacet
  facet normal -0 0.130532 0.991444
    outer loop
      vertex -25 -0.278898 -3.18782
      vertex -18 -0.555674 -3.15138
      vertex -18 -0.278898 -3.18782
    endloop
  endfacet
  facet normal 0 0.130532 0.991444
    outer loop
      vertex -18 -0.555674 -3.15138
      vertex -25 -0.278898 -3.18782
      vertex -25 -0.555674 -3.15138
    endloop
  endfacet
  facet normal 0 0.737276 0.675592
    outer loop
      vertex -18 -2.26274 -2.26274
      vertex -25 -2.45134 -2.05692
      vertex -18 -2.45134 -2.05692
    endloop
  endfacet
  facet normal 0 0.737276 0.675592
    outer loop
      vertex -25 -2.45134 -2.05692
      vertex -18 -2.26274 -2.26274
      vertex -25 -2.26274 -2.26274
    endloop
  endfacet
  facet normal 0 0.976298 0.216433
    outer loop
      vertex -18 -3.09096 -0.82822
      vertex -25 -3.15138 -0.555674
      vertex -18 -3.15138 -0.555674
    endloop
  endfacet
  facet normal 0 0.976298 0.216433
    outer loop
      vertex -25 -3.15138 -0.555674
      vertex -18 -3.09096 -0.82822
      vertex -25 -3.09096 -0.82822
    endloop
  endfacet
  facet normal 0 -0.999048 0.0436303
    outer loop
      vertex -25 3.18782 -0.278898
      vertex -18 3.2 0
      vertex -25 3.2 0
    endloop
  endfacet
  facet normal 0 -0.999048 0.0436303
    outer loop
      vertex -18 3.2 0
      vertex -25 3.18782 -0.278898
      vertex -18 3.18782 -0.278898
    endloop
  endfacet
  facet normal 0 0.793349 -0.608767
    outer loop
      vertex -18 -2.62129 1.83544
      vertex -25 -2.45134 2.05692
      vertex -18 -2.45134 2.05692
    endloop
  endfacet
  facet normal 0 0.793349 -0.608767
    outer loop
      vertex -25 -2.45134 2.05692
      vertex -18 -2.62129 1.83544
      vertex -25 -2.62129 1.83544
    endloop
  endfacet
  facet normal -0 0.216433 0.976298
    outer loop
      vertex -25 -0.555674 -3.15138
      vertex -18 -0.82822 -3.09096
      vertex -18 -0.555674 -3.15138
    endloop
  endfacet
  facet normal 0 0.216433 0.976298
    outer loop
      vertex -18 -0.82822 -3.09096
      vertex -25 -0.555674 -3.15138
      vertex -25 -0.82822 -3.09096
    endloop
  endfacet
  facet normal 0 0.0436303 -0.999048
    outer loop
      vertex -25 -0.278898 3.18782
      vertex -18 0 3.2
      vertex -18 -0.278898 3.18782
    endloop
  endfacet
  facet normal 0 0.0436303 -0.999048
    outer loop
      vertex -18 0 3.2
      vertex -25 -0.278898 3.18782
      vertex -25 0 3.2
    endloop
  endfacet
  facet normal -0 0.608767 0.793349
    outer loop
      vertex -25 -1.83544 -2.62129
      vertex -18 -2.05692 -2.45134
      vertex -18 -1.83544 -2.62129
    endloop
  endfacet
  facet normal 0 0.608767 0.793349
    outer loop
      vertex -18 -2.05692 -2.45134
      vertex -25 -1.83544 -2.62129
      vertex -25 -2.05692 -2.45134
    endloop
  endfacet
  facet normal 0 -0.675592 -0.737276
    outer loop
      vertex -25 2.05692 2.45134
      vertex -18 2.26274 2.26274
      vertex -18 2.05692 2.45134
    endloop
  endfacet
  facet normal -0 -0.675592 -0.737276
    outer loop
      vertex -18 2.26274 2.26274
      vertex -25 2.05692 2.45134
      vertex -25 2.26274 2.26274
    endloop
  endfacet
  facet normal -0 0.300689 0.953722
    outer loop
      vertex -25 -0.82822 -3.09096
      vertex -18 -1.09446 -3.00702
      vertex -18 -0.82822 -3.09096
    endloop
  endfacet
  facet normal 0 0.300689 0.953722
    outer loop
      vertex -18 -1.09446 -3.00702
      vertex -25 -0.82822 -3.09096
      vertex -25 -1.09446 -3.00702
    endloop
  endfacet
  facet normal 0 0.300689 -0.953722
    outer loop
      vertex -25 -1.09446 3.00702
      vertex -18 -0.82822 3.09096
      vertex -18 -1.09446 3.00702
    endloop
  endfacet
  facet normal 0 0.300689 -0.953722
    outer loop
      vertex -18 -0.82822 3.09096
      vertex -25 -1.09446 3.00702
      vertex -25 -0.82822 3.09096
    endloop
  endfacet
  facet normal 0 0.216433 -0.976298
    outer loop
      vertex -25 -0.82822 3.09096
      vertex -18 -0.555674 3.15138
      vertex -18 -0.82822 3.09096
    endloop
  endfacet
  facet normal 0 0.216433 -0.976298
    outer loop
      vertex -18 -0.555674 3.15138
      vertex -25 -0.82822 3.09096
      vertex -25 -0.555674 3.15138
    endloop
  endfacet
  facet normal 0 -0.300689 -0.953722
    outer loop
      vertex -25 0.82822 3.09096
      vertex -18 1.09446 3.00702
      vertex -18 0.82822 3.09096
    endloop
  endfacet
  facet normal -0 -0.300689 -0.953722
    outer loop
      vertex -18 1.09446 3.00702
      vertex -25 0.82822 3.09096
      vertex -25 1.09446 3.00702
    endloop
  endfacet
  facet normal 0 0.991444 0.130532
    outer loop
      vertex -18 -3.15138 -0.555674
      vertex -25 -3.18782 -0.278898
      vertex -18 -3.18782 -0.278898
    endloop
  endfacet
  facet normal 0 0.991444 0.130532
    outer loop
      vertex -25 -3.18782 -0.278898
      vertex -18 -3.15138 -0.555674
      vertex -25 -3.15138 -0.555674
    endloop
  endfacet
  facet normal 0 0.991444 -0.130532
    outer loop
      vertex -18 -3.18782 0.278898
      vertex -25 -3.15138 0.555674
      vertex -18 -3.15138 0.555674
    endloop
  endfacet
  facet normal 0 0.991444 -0.130532
    outer loop
      vertex -25 -3.15138 0.555674
      vertex -18 -3.18782 0.278898
      vertex -25 -3.18782 0.278898
    endloop
  endfacet
  facet normal 0 0.793349 0.608767
    outer loop
      vertex -18 -2.45134 -2.05692
      vertex -25 -2.62129 -1.83544
      vertex -18 -2.62129 -1.83544
    endloop
  endfacet
  facet normal 0 0.793349 0.608767
    outer loop
      vertex -25 -2.62129 -1.83544
      vertex -18 -2.45134 -2.05692
      vertex -25 -2.45134 -2.05692
    endloop
  endfacet
  facet normal -0 0.382702 0.923872
    outer loop
      vertex -25 -1.09446 -3.00702
      vertex -18 -1.35238 -2.90018
      vertex -18 -1.09446 -3.00702
    endloop
  endfacet
  facet normal 0 0.382702 0.923872
    outer loop
      vertex -18 -1.35238 -2.90018
      vertex -25 -1.09446 -3.00702
      vertex -25 -1.35238 -2.90018
    endloop
  endfacet
  facet normal 0 -0.843394 0.537295
    outer loop
      vertex -25 2.62129 -1.83544
      vertex -18 2.77128 -1.6
      vertex -25 2.77128 -1.6
    endloop
  endfacet
  facet normal 0 -0.843394 0.537295
    outer loop
      vertex -18 2.77128 -1.6
      vertex -25 2.62129 -1.83544
      vertex -18 2.62129 -1.83544
    endloop
  endfacet
  facet normal 0 -0.887015 0.461741
    outer loop
      vertex -25 2.77128 -1.6
      vertex -18 2.90018 -1.35238
      vertex -25 2.90018 -1.35238
    endloop
  endfacet
  facet normal 0 -0.887015 0.461741
    outer loop
      vertex -18 2.90018 -1.35238
      vertex -25 2.77128 -1.6
      vertex -18 2.77128 -1.6
    endloop
  endfacet
  facet normal 0 -0.793349 0.608767
    outer loop
      vertex -25 2.45134 -2.05692
      vertex -18 2.62129 -1.83544
      vertex -25 2.62129 -1.83544
    endloop
  endfacet
  facet normal 0 -0.793349 0.608767
    outer loop
      vertex -18 2.62129 -1.83544
      vertex -25 2.45134 -2.05692
      vertex -18 2.45134 -2.05692
    endloop
  endfacet
  facet normal 0 -0.608767 0.793349
    outer loop
      vertex -25 2.05692 -2.45134
      vertex -18 1.83544 -2.62129
      vertex -18 2.05692 -2.45134
    endloop
  endfacet
  facet normal 0 -0.608767 0.793349
    outer loop
      vertex -18 1.83544 -2.62129
      vertex -25 2.05692 -2.45134
      vertex -25 1.83544 -2.62129
    endloop
  endfacet
  facet normal 0 -0.537295 -0.843394
    outer loop
      vertex -25 1.6 2.77128
      vertex -18 1.83544 2.62129
      vertex -18 1.6 2.77128
    endloop
  endfacet
  facet normal -0 -0.537295 -0.843394
    outer loop
      vertex -18 1.83544 2.62129
      vertex -25 1.6 2.77128
      vertex -25 1.83544 2.62129
    endloop
  endfacet
  facet normal 0 -0.793349 -0.608767
    outer loop
      vertex -25 2.62129 1.83544
      vertex -18 2.45134 2.05692
      vertex -25 2.45134 2.05692
    endloop
  endfacet
  facet normal 0 -0.793349 -0.608767
    outer loop
      vertex -18 2.45134 2.05692
      vertex -25 2.62129 1.83544
      vertex -18 2.62129 1.83544
    endloop
  endfacet
  facet normal 0 -0.991444 -0.130532
    outer loop
      vertex -25 3.18782 0.278898
      vertex -18 3.15138 0.555674
      vertex -25 3.15138 0.555674
    endloop
  endfacet
  facet normal 0 -0.991444 -0.130532
    outer loop
      vertex -18 3.15138 0.555674
      vertex -25 3.18782 0.278898
      vertex -18 3.18782 0.278898
    endloop
  endfacet
  facet normal 0 0.382702 -0.923872
    outer loop
      vertex -25 -1.35238 2.90018
      vertex -18 -1.09446 3.00702
      vertex -18 -1.35238 2.90018
    endloop
  endfacet
  facet normal 0 0.382702 -0.923872
    outer loop
      vertex -18 -1.09446 3.00702
      vertex -25 -1.35238 2.90018
      vertex -25 -1.09446 3.00702
    endloop
  endfacet
  facet normal 0 0.923872 0.382702
    outer loop
      vertex -18 -2.90018 -1.35238
      vertex -25 -3.00702 -1.09446
      vertex -18 -3.00702 -1.09446
    endloop
  endfacet
  facet normal 0 0.923872 0.382702
    outer loop
      vertex -25 -3.00702 -1.09446
      vertex -18 -2.90018 -1.35238
      vertex -25 -2.90018 -1.35238
    endloop
  endfacet
  facet normal 0 -0.461741 -0.887015
    outer loop
      vertex -25 1.35238 2.90018
      vertex -18 1.6 2.77128
      vertex -18 1.35238 2.90018
    endloop
  endfacet
  facet normal -0 -0.461741 -0.887015
    outer loop
      vertex -18 1.6 2.77128
      vertex -25 1.35238 2.90018
      vertex -25 1.6 2.77128
    endloop
  endfacet
  facet normal 0 0.887015 0.461741
    outer loop
      vertex -18 -2.77128 -1.6
      vertex -25 -2.90018 -1.35238
      vertex -18 -2.90018 -1.35238
    endloop
  endfacet
  facet normal 0 0.887015 0.461741
    outer loop
      vertex -25 -2.90018 -1.35238
      vertex -18 -2.77128 -1.6
      vertex -25 -2.77128 -1.6
    endloop
  endfacet
  facet normal 0 -0.976298 -0.216433
    outer loop
      vertex -25 3.15138 0.555674
      vertex -18 3.09096 0.82822
      vertex -25 3.09096 0.82822
    endloop
  endfacet
  facet normal 0 -0.976298 -0.216433
    outer loop
      vertex -18 3.09096 0.82822
      vertex -25 3.15138 0.555674
      vertex -18 3.15138 0.555674
    endloop
  endfacet
  facet normal 0 0.737276 -0.675592
    outer loop
      vertex -18 -2.45134 2.05692
      vertex -25 -2.26274 2.26274
      vertex -18 -2.26274 2.26274
    endloop
  endfacet
  facet normal 0 0.737276 -0.675592
    outer loop
      vertex -25 -2.26274 2.26274
      vertex -18 -2.45134 2.05692
      vertex -25 -2.45134 2.05692
    endloop
  endfacet
  facet normal 0 0.843394 0.537295
    outer loop
      vertex -18 -2.62129 -1.83544
      vertex -25 -2.77128 -1.6
      vertex -18 -2.77128 -1.6
    endloop
  endfacet
  facet normal 0 0.843394 0.537295
    outer loop
      vertex -25 -2.77128 -1.6
      vertex -18 -2.62129 -1.83544
      vertex -25 -2.62129 -1.83544
    endloop
  endfacet
  facet normal 0 -0.382702 0.923872
    outer loop
      vertex -25 1.35238 -2.90018
      vertex -18 1.09446 -3.00702
      vertex -18 1.35238 -2.90018
    endloop
  endfacet
  facet normal 0 -0.382702 0.923872
    outer loop
      vertex -18 1.09446 -3.00702
      vertex -25 1.35238 -2.90018
      vertex -25 1.09446 -3.00702
    endloop
  endfacet
  facet normal 0 -0.216433 -0.976298
    outer loop
      vertex -25 0.555674 3.15138
      vertex -18 0.82822 3.09096
      vertex -18 0.555674 3.15138
    endloop
  endfacet
  facet normal -0 -0.216433 -0.976298
    outer loop
      vertex -18 0.82822 3.09096
      vertex -25 0.555674 3.15138
      vertex -25 0.82822 3.09096
    endloop
  endfacet
  facet normal -0 0.537295 0.843394
    outer loop
      vertex -25 -1.6 -2.77128
      vertex -18 -1.83544 -2.62129
      vertex -18 -1.6 -2.77128
    endloop
  endfacet
  facet normal 0 0.537295 0.843394
    outer loop
      vertex -18 -1.83544 -2.62129
      vertex -25 -1.6 -2.77128
      vertex -25 -1.83544 -2.62129
    endloop
  endfacet
  facet normal -0 0.675592 0.737276
    outer loop
      vertex -25 -2.05692 -2.45134
      vertex -18 -2.26274 -2.26274
      vertex -18 -2.05692 -2.45134
    endloop
  endfacet
  facet normal 0 0.675592 0.737276
    outer loop
      vertex -18 -2.26274 -2.26274
      vertex -25 -2.05692 -2.45134
      vertex -25 -2.26274 -2.26274
    endloop
  endfacet
  facet normal 0 0.843394 -0.537295
    outer loop
      vertex -18 -2.77128 1.6
      vertex -25 -2.62129 1.83544
      vertex -18 -2.62129 1.83544
    endloop
  endfacet
  facet normal 0 0.843394 -0.537295
    outer loop
      vertex -25 -2.62129 1.83544
      vertex -18 -2.77128 1.6
      vertex -25 -2.77128 1.6
    endloop
  endfacet
  facet normal 0 -0.923872 0.382702
    outer loop
      vertex -25 2.90018 -1.35238
      vertex -18 3.00702 -1.09446
      vertex -25 3.00702 -1.09446
    endloop
  endfacet
  facet normal 0 -0.923872 0.382702
    outer loop
      vertex -18 3.00702 -1.09446
      vertex -25 2.90018 -1.35238
      vertex -18 2.90018 -1.35238
    endloop
  endfacet
  facet normal 0 -0.537295 0.843394
    outer loop
      vertex -25 1.83544 -2.62129
      vertex -18 1.6 -2.77128
      vertex -18 1.83544 -2.62129
    endloop
  endfacet
  facet normal 0 -0.537295 0.843394
    outer loop
      vertex -18 1.6 -2.77128
      vertex -25 1.83544 -2.62129
      vertex -25 1.6 -2.77128
    endloop
  endfacet
  facet normal 0 0.999048 -0.0436303
    outer loop
      vertex -18 -3.2 0
      vertex -25 -3.18782 0.278898
      vertex -18 -3.18782 0.278898
    endloop
  endfacet
  facet normal 0 0.999048 -0.0436303
    outer loop
      vertex -25 -3.18782 0.278898
      vertex -18 -3.2 0
      vertex -25 -3.2 0
    endloop
  endfacet
  facet normal 0 -0.461741 0.887015
    outer loop
      vertex -25 1.6 -2.77128
      vertex -18 1.35238 -2.90018
      vertex -18 1.6 -2.77128
    endloop
  endfacet
  facet normal 0 -0.461741 0.887015
    outer loop
      vertex -18 1.35238 -2.90018
      vertex -25 1.6 -2.77128
      vertex -25 1.35238 -2.90018
    endloop
  endfacet
  facet normal 0 0.537295 -0.843394
    outer loop
      vertex -25 -1.83544 2.62129
      vertex -18 -1.6 2.77128
      vertex -18 -1.83544 2.62129
    endloop
  endfacet
  facet normal 0 0.537295 -0.843394
    outer loop
      vertex -18 -1.6 2.77128
      vertex -25 -1.83544 2.62129
      vertex -25 -1.6 2.77128
    endloop
  endfacet
  facet normal 0 0.953722 -0.300689
    outer loop
      vertex -18 -3.09096 0.82822
      vertex -25 -3.00702 1.09446
      vertex -18 -3.00702 1.09446
    endloop
  endfacet
  facet normal 0 0.953722 -0.300689
    outer loop
      vertex -25 -3.00702 1.09446
      vertex -18 -3.09096 0.82822
      vertex -25 -3.09096 0.82822
    endloop
  endfacet
  facet normal 0 -0.130532 0.991444
    outer loop
      vertex -25 0.555674 -3.15138
      vertex -18 0.278898 -3.18782
      vertex -18 0.555674 -3.15138
    endloop
  endfacet
  facet normal 0 -0.130532 0.991444
    outer loop
      vertex -18 0.278898 -3.18782
      vertex -25 0.555674 -3.15138
      vertex -25 0.278898 -3.18782
    endloop
  endfacet
  facet normal 0 -0.843394 -0.537295
    outer loop
      vertex -25 2.77128 1.6
      vertex -18 2.62129 1.83544
      vertex -25 2.62129 1.83544
    endloop
  endfacet
  facet normal 0 -0.843394 -0.537295
    outer loop
      vertex -18 2.62129 1.83544
      vertex -25 2.77128 1.6
      vertex -18 2.77128 1.6
    endloop
  endfacet
  facet normal 0 0.953722 0.300689
    outer loop
      vertex -18 -3.00702 -1.09446
      vertex -25 -3.09096 -0.82822
      vertex -18 -3.09096 -0.82822
    endloop
  endfacet
  facet normal 0 0.953722 0.300689
    outer loop
      vertex -25 -3.09096 -0.82822
      vertex -18 -3.00702 -1.09446
      vertex -25 -3.00702 -1.09446
    endloop
  endfacet
  facet normal 0 -0.737276 -0.675592
    outer loop
      vertex -25 2.45134 2.05692
      vertex -18 2.26274 2.26274
      vertex -25 2.26274 2.26274
    endloop
  endfacet
  facet normal 0 -0.737276 -0.675592
    outer loop
      vertex -18 2.26274 2.26274
      vertex -25 2.45134 2.05692
      vertex -18 2.45134 2.05692
    endloop
  endfacet
  facet normal 0 -0.953722 -0.300689
    outer loop
      vertex -25 3.09096 0.82822
      vertex -18 3.00702 1.09446
      vertex -25 3.00702 1.09446
    endloop
  endfacet
  facet normal 0 -0.953722 -0.300689
    outer loop
      vertex -18 3.00702 1.09446
      vertex -25 3.09096 0.82822
      vertex -18 3.09096 0.82822
    endloop
  endfacet
  facet normal 0 0.976298 -0.216433
    outer loop
      vertex -18 -3.15138 0.555674
      vertex -25 -3.09096 0.82822
      vertex -18 -3.09096 0.82822
    endloop
  endfacet
  facet normal 0 0.976298 -0.216433
    outer loop
      vertex -25 -3.09096 0.82822
      vertex -18 -3.15138 0.555674
      vertex -25 -3.15138 0.555674
    endloop
  endfacet
  facet normal 0 -0.999048 -0.0436303
    outer loop
      vertex -25 3.2 0
      vertex -18 3.18782 0.278898
      vertex -25 3.18782 0.278898
    endloop
  endfacet
  facet normal 0 -0.999048 -0.0436303
    outer loop
      vertex -18 3.18782 0.278898
      vertex -25 3.2 0
      vertex -18 3.2 0
    endloop
  endfacet
  facet normal 0 -0.976298 0.216433
    outer loop
      vertex -25 3.09096 -0.82822
      vertex -18 3.15138 -0.555674
      vertex -25 3.15138 -0.555674
    endloop
  endfacet
  facet normal 0 -0.976298 0.216433
    outer loop
      vertex -18 3.15138 -0.555674
      vertex -25 3.09096 -0.82822
      vertex -18 3.09096 -0.82822
    endloop
  endfacet
  facet normal 0 0.675592 -0.737276
    outer loop
      vertex -25 -2.26274 2.26274
      vertex -18 -2.05692 2.45134
      vertex -18 -2.26274 2.26274
    endloop
  endfacet
  facet normal 0 0.675592 -0.737276
    outer loop
      vertex -18 -2.05692 2.45134
      vertex -25 -2.26274 2.26274
      vertex -25 -2.05692 2.45134
    endloop
  endfacet
  facet normal -0 0.0436303 0.999048
    outer loop
      vertex -25 0 -3.2
      vertex -18 -0.278898 -3.18782
      vertex -18 0 -3.2
    endloop
  endfacet
  facet normal 0 0.0436303 0.999048
    outer loop
      vertex -18 -0.278898 -3.18782
      vertex -25 0 -3.2
      vertex -25 -0.278898 -3.18782
    endloop
  endfacet
  facet normal 0 0.999048 0.0436303
    outer loop
      vertex -18 -3.18782 -0.278898
      vertex -25 -3.2 0
      vertex -18 -3.2 0
    endloop
  endfacet
  facet normal 0 0.999048 0.0436303
    outer loop
      vertex -25 -3.2 0
      vertex -18 -3.18782 -0.278898
      vertex -25 -3.18782 -0.278898
    endloop
  endfacet
  facet normal 0 0.130532 -0.991444
    outer loop
      vertex -25 -0.555674 3.15138
      vertex -18 -0.278898 3.18782
      vertex -18 -0.555674 3.15138
    endloop
  endfacet
  facet normal 0 0.130532 -0.991444
    outer loop
      vertex -18 -0.278898 3.18782
      vertex -25 -0.555674 3.15138
      vertex -25 -0.278898 3.18782
    endloop
  endfacet
  facet normal 0 -0.991444 0.130532
    outer loop
      vertex -25 3.15138 -0.555674
      vertex -18 3.18782 -0.278898
      vertex -25 3.18782 -0.278898
    endloop
  endfacet
  facet normal 0 -0.991444 0.130532
    outer loop
      vertex -18 3.18782 -0.278898
      vertex -25 3.15138 -0.555674
      vertex -18 3.15138 -0.555674
    endloop
  endfacet
  facet normal -0 0.461741 0.887015
    outer loop
      vertex -25 -1.35238 -2.90018
      vertex -18 -1.6 -2.77128
      vertex -18 -1.35238 -2.90018
    endloop
  endfacet
  facet normal 0 0.461741 0.887015
    outer loop
      vertex -18 -1.6 -2.77128
      vertex -25 -1.35238 -2.90018
      vertex -25 -1.6 -2.77128
    endloop
  endfacet
  facet normal 0 -0.737276 0.675592
    outer loop
      vertex -25 2.26274 -2.26274
      vertex -18 2.45134 -2.05692
      vertex -25 2.45134 -2.05692
    endloop
  endfacet
  facet normal 0 -0.737276 0.675592
    outer loop
      vertex -18 2.45134 -2.05692
      vertex -25 2.26274 -2.26274
      vertex -18 2.26274 -2.26274
    endloop
  endfacet
  facet normal 0 -0.953722 0.300689
    outer loop
      vertex -25 3.00702 -1.09446
      vertex -18 3.09096 -0.82822
      vertex -25 3.09096 -0.82822
    endloop
  endfacet
  facet normal 0 -0.953722 0.300689
    outer loop
      vertex -18 3.09096 -0.82822
      vertex -25 3.00702 -1.09446
      vertex -18 3.00702 -1.09446
    endloop
  endfacet
  facet normal 0 -0.608767 -0.793349
    outer loop
      vertex -25 1.83544 2.62129
      vertex -18 2.05692 2.45134
      vertex -18 1.83544 2.62129
    endloop
  endfacet
  facet normal -0 -0.608767 -0.793349
    outer loop
      vertex -18 2.05692 2.45134
      vertex -25 1.83544 2.62129
      vertex -25 2.05692 2.45134
    endloop
  endfacet
  facet normal 0 -0.130532 -0.991444
    outer loop
      vertex -25 0.278898 3.18782
      vertex -18 0.555674 3.15138
      vertex -18 0.278898 3.18782
    endloop
  endfacet
  facet normal -0 -0.130532 -0.991444
    outer loop
      vertex -18 0.555674 3.15138
      vertex -25 0.278898 3.18782
      vertex -25 0.555674 3.15138
    endloop
  endfacet
  facet normal 0 -0.0436303 -0.999048
    outer loop
      vertex -25 0 3.2
      vertex -18 0.278898 3.18782
      vertex -18 0 3.2
    endloop
  endfacet
  facet normal -0 -0.0436303 -0.999048
    outer loop
      vertex -18 0.278898 3.18782
      vertex -25 0 3.2
      vertex -25 0.278898 3.18782
    endloop
  endfacet
  facet normal 0 0.923872 -0.382702
    outer loop
      vertex -18 -3.00702 1.09446
      vertex -25 -2.90018 1.35238
      vertex -18 -2.90018 1.35238
    endloop
  endfacet
  facet normal 0 0.923872 -0.382702
    outer loop
      vertex -25 -2.90018 1.35238
      vertex -18 -3.00702 1.09446
      vertex -25 -3.00702 1.09446
    endloop
  endfacet
  facet normal 0 -0.923872 -0.382702
    outer loop
      vertex -25 3.00702 1.09446
      vertex -18 2.90018 1.35238
      vertex -25 2.90018 1.35238
    endloop
  endfacet
  facet normal 0 -0.923872 -0.382702
    outer loop
      vertex -18 2.90018 1.35238
      vertex -25 3.00702 1.09446
      vertex -18 3.00702 1.09446
    endloop
  endfacet
  facet normal 0 0.461741 -0.887015
    outer loop
      vertex -25 -1.6 2.77128
      vertex -18 -1.35238 2.90018
      vertex -18 -1.6 2.77128
    endloop
  endfacet
  facet normal 0 0.461741 -0.887015
    outer loop
      vertex -18 -1.35238 2.90018
      vertex -25 -1.6 2.77128
      vertex -25 -1.35238 2.90018
    endloop
  endfacet
  facet normal 0 -0.382702 -0.923872
    outer loop
      vertex -25 1.09446 3.00702
      vertex -18 1.35238 2.90018
      vertex -18 1.09446 3.00702
    endloop
  endfacet
  facet normal -0 -0.382702 -0.923872
    outer loop
      vertex -18 1.35238 2.90018
      vertex -25 1.09446 3.00702
      vertex -25 1.35238 2.90018
    endloop
  endfacet
  facet normal 0 0.887015 -0.461741
    outer loop
      vertex -18 -2.90018 1.35238
      vertex -25 -2.77128 1.6
      vertex -18 -2.77128 1.6
    endloop
  endfacet
  facet normal 0 0.887015 -0.461741
    outer loop
      vertex -25 -2.77128 1.6
      vertex -18 -2.90018 1.35238
      vertex -25 -2.90018 1.35238
    endloop
  endfacet
  facet normal 0 -0.382702 -0.923872
    outer loop
      vertex 18 1.09446 3.00702
      vertex 25 1.35238 2.90018
      vertex 25 1.09446 3.00702
    endloop
  endfacet
  facet normal -0 -0.382702 -0.923872
    outer loop
      vertex 25 1.35238 2.90018
      vertex 18 1.09446 3.00702
      vertex 18 1.35238 2.90018
    endloop
  endfacet
  facet normal 0 -0.887015 -0.461741
    outer loop
      vertex 18 2.90018 1.35238
      vertex 25 2.77128 1.6
      vertex 18 2.77128 1.6
    endloop
  endfacet
  facet normal 0 -0.887015 -0.461741
    outer loop
      vertex 25 2.77128 1.6
      vertex 18 2.90018 1.35238
      vertex 25 2.90018 1.35238
    endloop
  endfacet
  facet normal 0 -0.216433 0.976298
    outer loop
      vertex 18 0.82822 -3.09096
      vertex 25 0.555674 -3.15138
      vertex 25 0.82822 -3.09096
    endloop
  endfacet
  facet normal 0 -0.216433 0.976298
    outer loop
      vertex 25 0.555674 -3.15138
      vertex 18 0.82822 -3.09096
      vertex 18 0.555674 -3.15138
    endloop
  endfacet
  facet normal 0 0.608767 -0.793349
    outer loop
      vertex 18 -2.05692 2.45134
      vertex 25 -1.83544 2.62129
      vertex 25 -2.05692 2.45134
    endloop
  endfacet
  facet normal 0 0.608767 -0.793349
    outer loop
      vertex 25 -1.83544 2.62129
      vertex 18 -2.05692 2.45134
      vertex 18 -1.83544 2.62129
    endloop
  endfacet
  facet normal 0 -0.300689 0.953722
    outer loop
      vertex 18 1.09446 -3.00702
      vertex 25 0.82822 -3.09096
      vertex 25 1.09446 -3.00702
    endloop
  endfacet
  facet normal 0 -0.300689 0.953722
    outer loop
      vertex 25 0.82822 -3.09096
      vertex 18 1.09446 -3.00702
      vertex 18 0.82822 -3.09096
    endloop
  endfacet
  facet normal 0 -0.0436303 0.999048
    outer loop
      vertex 18 0.278898 -3.18782
      vertex 25 0 -3.2
      vertex 25 0.278898 -3.18782
    endloop
  endfacet
  facet normal 0 -0.0436303 0.999048
    outer loop
      vertex 25 0 -3.2
      vertex 18 0.278898 -3.18782
      vertex 18 0 -3.2
    endloop
  endfacet
  facet normal 0 -0.675592 0.737276
    outer loop
      vertex 18 2.26274 -2.26274
      vertex 25 2.05692 -2.45134
      vertex 25 2.26274 -2.26274
    endloop
  endfacet
  facet normal 0 -0.675592 0.737276
    outer loop
      vertex 25 2.05692 -2.45134
      vertex 18 2.26274 -2.26274
      vertex 18 2.05692 -2.45134
    endloop
  endfacet
  facet normal -0 0.130532 0.991444
    outer loop
      vertex 18 -0.278898 -3.18782
      vertex 25 -0.555674 -3.15138
      vertex 25 -0.278898 -3.18782
    endloop
  endfacet
  facet normal 0 0.130532 0.991444
    outer loop
      vertex 25 -0.555674 -3.15138
      vertex 18 -0.278898 -3.18782
      vertex 18 -0.555674 -3.15138
    endloop
  endfacet
  facet normal 0 0.737276 0.675592
    outer loop
      vertex 25 -2.26274 -2.26274
      vertex 18 -2.45134 -2.05692
      vertex 25 -2.45134 -2.05692
    endloop
  endfacet
  facet normal 0 0.737276 0.675592
    outer loop
      vertex 18 -2.45134 -2.05692
      vertex 25 -2.26274 -2.26274
      vertex 18 -2.26274 -2.26274
    endloop
  endfacet
  facet normal 0 0.976298 0.216433
    outer loop
      vertex 25 -3.09096 -0.82822
      vertex 18 -3.15138 -0.555674
      vertex 25 -3.15138 -0.555674
    endloop
  endfacet
  facet normal 0 0.976298 0.216433
    outer loop
      vertex 18 -3.15138 -0.555674
      vertex 25 -3.09096 -0.82822
      vertex 18 -3.09096 -0.82822
    endloop
  endfacet
  facet normal 0 -0.999048 0.0436303
    outer loop
      vertex 18 3.18782 -0.278898
      vertex 25 3.2 0
      vertex 18 3.2 0
    endloop
  endfacet
  facet normal 0 -0.999048 0.0436303
    outer loop
      vertex 25 3.2 0
      vertex 18 3.18782 -0.278898
      vertex 25 3.18782 -0.278898
    endloop
  endfacet
  facet normal 0 0.793349 -0.608767
    outer loop
      vertex 25 -2.62129 1.83544
      vertex 18 -2.45134 2.05692
      vertex 25 -2.45134 2.05692
    endloop
  endfacet
  facet normal 0 0.793349 -0.608767
    outer loop
      vertex 18 -2.45134 2.05692
      vertex 25 -2.62129 1.83544
      vertex 18 -2.62129 1.83544
    endloop
  endfacet
  facet normal -0 0.216433 0.976298
    outer loop
      vertex 18 -0.555674 -3.15138
      vertex 25 -0.82822 -3.09096
      vertex 25 -0.555674 -3.15138
    endloop
  endfacet
  facet normal 0 0.216433 0.976298
    outer loop
      vertex 25 -0.82822 -3.09096
      vertex 18 -0.555674 -3.15138
      vertex 18 -0.82822 -3.09096
    endloop
  endfacet
  facet normal 0 0.0436303 -0.999048
    outer loop
      vertex 18 -0.278898 3.18782
      vertex 25 0 3.2
      vertex 25 -0.278898 3.18782
    endloop
  endfacet
  facet normal 0 0.0436303 -0.999048
    outer loop
      vertex 25 0 3.2
      vertex 18 -0.278898 3.18782
      vertex 18 0 3.2
    endloop
  endfacet
  facet normal -0 0.608767 0.793349
    outer loop
      vertex 18 -1.83544 -2.62129
      vertex 25 -2.05692 -2.45134
      vertex 25 -1.83544 -2.62129
    endloop
  endfacet
  facet normal 0 0.608767 0.793349
    outer loop
      vertex 25 -2.05692 -2.45134
      vertex 18 -1.83544 -2.62129
      vertex 18 -2.05692 -2.45134
    endloop
  endfacet
  facet normal 0 -0.675592 -0.737276
    outer loop
      vertex 18 2.05692 2.45134
      vertex 25 2.26274 2.26274
      vertex 25 2.05692 2.45134
    endloop
  endfacet
  facet normal -0 -0.675592 -0.737276
    outer loop
      vertex 25 2.26274 2.26274
      vertex 18 2.05692 2.45134
      vertex 18 2.26274 2.26274
    endloop
  endfacet
  facet normal -0 0.300689 0.953722
    outer loop
      vertex 18 -0.82822 -3.09096
      vertex 25 -1.09446 -3.00702
      vertex 25 -0.82822 -3.09096
    endloop
  endfacet
  facet normal 0 0.300689 0.953722
    outer loop
      vertex 25 -1.09446 -3.00702
      vertex 18 -0.82822 -3.09096
      vertex 18 -1.09446 -3.00702
    endloop
  endfacet
  facet normal 0 0.300689 -0.953722
    outer loop
      vertex 18 -1.09446 3.00702
      vertex 25 -0.82822 3.09096
      vertex 25 -1.09446 3.00702
    endloop
  endfacet
  facet normal 0 0.300689 -0.953722
    outer loop
      vertex 25 -0.82822 3.09096
      vertex 18 -1.09446 3.00702
      vertex 18 -0.82822 3.09096
    endloop
  endfacet
  facet normal 0 0.216433 -0.976298
    outer loop
      vertex 18 -0.82822 3.09096
      vertex 25 -0.555674 3.15138
      vertex 25 -0.82822 3.09096
    endloop
  endfacet
  facet normal 0 0.216433 -0.976298
    outer loop
      vertex 25 -0.555674 3.15138
      vertex 18 -0.82822 3.09096
      vertex 18 -0.555674 3.15138
    endloop
  endfacet
  facet normal 0 -0.300689 -0.953722
    outer loop
      vertex 18 0.82822 3.09096
      vertex 25 1.09446 3.00702
      vertex 25 0.82822 3.09096
    endloop
  endfacet
  facet normal -0 -0.300689 -0.953722
    outer loop
      vertex 25 1.09446 3.00702
      vertex 18 0.82822 3.09096
      vertex 18 1.09446 3.00702
    endloop
  endfacet
  facet normal 0 0.991444 0.130532
    outer loop
      vertex 25 -3.15138 -0.555674
      vertex 18 -3.18782 -0.278898
      vertex 25 -3.18782 -0.278898
    endloop
  endfacet
  facet normal 0 0.991444 0.130532
    outer loop
      vertex 18 -3.18782 -0.278898
      vertex 25 -3.15138 -0.555674
      vertex 18 -3.15138 -0.555674
    endloop
  endfacet
  facet normal 0 0.991444 -0.130532
    outer loop
      vertex 25 -3.18782 0.278898
      vertex 18 -3.15138 0.555674
      vertex 25 -3.15138 0.555674
    endloop
  endfacet
  facet normal 0 0.991444 -0.130532
    outer loop
      vertex 18 -3.15138 0.555674
      vertex 25 -3.18782 0.278898
      vertex 18 -3.18782 0.278898
    endloop
  endfacet
  facet normal -0 0.382702 0.923872
    outer loop
      vertex 18 -1.09446 -3.00702
      vertex 25 -1.35238 -2.90018
      vertex 25 -1.09446 -3.00702
    endloop
  endfacet
  facet normal 0 0.382702 0.923872
    outer loop
      vertex 25 -1.35238 -2.90018
      vertex 18 -1.09446 -3.00702
      vertex 18 -1.35238 -2.90018
    endloop
  endfacet
  facet normal 0 -0.843394 0.537295
    outer loop
      vertex 18 2.62129 -1.83544
      vertex 25 2.77128 -1.6
      vertex 18 2.77128 -1.6
    endloop
  endfacet
  facet normal 0 -0.843394 0.537295
    outer loop
      vertex 25 2.77128 -1.6
      vertex 18 2.62129 -1.83544
      vertex 25 2.62129 -1.83544
    endloop
  endfacet
  facet normal 0 -0.887015 0.461741
    outer loop
      vertex 18 2.77128 -1.6
      vertex 25 2.90018 -1.35238
      vertex 18 2.90018 -1.35238
    endloop
  endfacet
  facet normal 0 -0.887015 0.461741
    outer loop
      vertex 25 2.90018 -1.35238
      vertex 18 2.77128 -1.6
      vertex 25 2.77128 -1.6
    endloop
  endfacet
  facet normal 0 -0.793349 0.608767
    outer loop
      vertex 18 2.45134 -2.05692
      vertex 25 2.62129 -1.83544
      vertex 18 2.62129 -1.83544
    endloop
  endfacet
  facet normal 0 -0.793349 0.608767
    outer loop
      vertex 25 2.62129 -1.83544
      vertex 18 2.45134 -2.05692
      vertex 25 2.45134 -2.05692
    endloop
  endfacet
  facet normal 0 -0.537295 -0.843394
    outer loop
      vertex 18 1.6 2.77128
      vertex 25 1.83544 2.62129
      vertex 25 1.6 2.77128
    endloop
  endfacet
  facet normal -0 -0.537295 -0.843394
    outer loop
      vertex 25 1.83544 2.62129
      vertex 18 1.6 2.77128
      vertex 18 1.83544 2.62129
    endloop
  endfacet
  facet normal 0 -0.793349 -0.608767
    outer loop
      vertex 18 2.62129 1.83544
      vertex 25 2.45134 2.05692
      vertex 18 2.45134 2.05692
    endloop
  endfacet
  facet normal 0 -0.793349 -0.608767
    outer loop
      vertex 25 2.45134 2.05692
      vertex 18 2.62129 1.83544
      vertex 25 2.62129 1.83544
    endloop
  endfacet
  facet normal 0 -0.991444 -0.130532
    outer loop
      vertex 18 3.18782 0.278898
      vertex 25 3.15138 0.555674
      vertex 18 3.15138 0.555674
    endloop
  endfacet
  facet normal 0 -0.991444 -0.130532
    outer loop
      vertex 25 3.15138 0.555674
      vertex 18 3.18782 0.278898
      vertex 25 3.18782 0.278898
    endloop
  endfacet
  facet normal 0 0.382702 -0.923872
    outer loop
      vertex 18 -1.35238 2.90018
      vertex 25 -1.09446 3.00702
      vertex 25 -1.35238 2.90018
    endloop
  endfacet
  facet normal 0 0.382702 -0.923872
    outer loop
      vertex 25 -1.09446 3.00702
      vertex 18 -1.35238 2.90018
      vertex 18 -1.09446 3.00702
    endloop
  endfacet
  facet normal 0 0.923872 0.382702
    outer loop
      vertex 25 -2.90018 -1.35238
      vertex 18 -3.00702 -1.09446
      vertex 25 -3.00702 -1.09446
    endloop
  endfacet
  facet normal 0 0.923872 0.382702
    outer loop
      vertex 18 -3.00702 -1.09446
      vertex 25 -2.90018 -1.35238
      vertex 18 -2.90018 -1.35238
    endloop
  endfacet
  facet normal 0 -0.461741 -0.887015
    outer loop
      vertex 18 1.35238 2.90018
      vertex 25 1.6 2.77128
      vertex 25 1.35238 2.90018
    endloop
  endfacet
  facet normal -0 -0.461741 -0.887015
    outer loop
      vertex 25 1.6 2.77128
      vertex 18 1.35238 2.90018
      vertex 18 1.6 2.77128
    endloop
  endfacet
  facet normal 0 0.887015 0.461741
    outer loop
      vertex 25 -2.77128 -1.6
      vertex 18 -2.90018 -1.35238
      vertex 25 -2.90018 -1.35238
    endloop
  endfacet
  facet normal 0 0.887015 0.461741
    outer loop
      vertex 18 -2.90018 -1.35238
      vertex 25 -2.77128 -1.6
      vertex 18 -2.77128 -1.6
    endloop
  endfacet
  facet normal 0 -0.976298 -0.216433
    outer loop
      vertex 18 3.15138 0.555674
      vertex 25 3.09096 0.82822
      vertex 18 3.09096 0.82822
    endloop
  endfacet
  facet normal 0 -0.976298 -0.216433
    outer loop
      vertex 25 3.09096 0.82822
      vertex 18 3.15138 0.555674
      vertex 25 3.15138 0.555674
    endloop
  endfacet
  facet normal 0 0.737276 -0.675592
    outer loop
      vertex 25 -2.45134 2.05692
      vertex 18 -2.26274 2.26274
      vertex 25 -2.26274 2.26274
    endloop
  endfacet
  facet normal 0 0.737276 -0.675592
    outer loop
      vertex 18 -2.26274 2.26274
      vertex 25 -2.45134 2.05692
      vertex 18 -2.45134 2.05692
    endloop
  endfacet
  facet normal 0 0.843394 0.537295
    outer loop
      vertex 25 -2.62129 -1.83544
      vertex 18 -2.77128 -1.6
      vertex 25 -2.77128 -1.6
    endloop
  endfacet
  facet normal 0 0.843394 0.537295
    outer loop
      vertex 18 -2.77128 -1.6
      vertex 25 -2.62129 -1.83544
      vertex 18 -2.62129 -1.83544
    endloop
  endfacet
  facet normal 0 -0.382702 0.923872
    outer loop
      vertex 18 1.35238 -2.90018
      vertex 25 1.09446 -3.00702
      vertex 25 1.35238 -2.90018
    endloop
  endfacet
  facet normal 0 -0.382702 0.923872
    outer loop
      vertex 25 1.09446 -3.00702
      vertex 18 1.35238 -2.90018
      vertex 18 1.09446 -3.00702
    endloop
  endfacet
  facet normal 0 -0.216433 -0.976298
    outer loop
      vertex 18 0.555674 3.15138
      vertex 25 0.82822 3.09096
      vertex 25 0.555674 3.15138
    endloop
  endfacet
  facet normal -0 -0.216433 -0.976298
    outer loop
      vertex 25 0.82822 3.09096
      vertex 18 0.555674 3.15138
      vertex 18 0.82822 3.09096
    endloop
  endfacet
  facet normal -0 0.537295 0.843394
    outer loop
      vertex 18 -1.6 -2.77128
      vertex 25 -1.83544 -2.62129
      vertex 25 -1.6 -2.77128
    endloop
  endfacet
  facet normal 0 0.537295 0.843394
    outer loop
      vertex 25 -1.83544 -2.62129
      vertex 18 -1.6 -2.77128
      vertex 18 -1.83544 -2.62129
    endloop
  endfacet
  facet normal -0 0.675592 0.737276
    outer loop
      vertex 18 -2.05692 -2.45134
      vertex 25 -2.26274 -2.26274
      vertex 25 -2.05692 -2.45134
    endloop
  endfacet
  facet normal 0 0.675592 0.737276
    outer loop
      vertex 25 -2.26274 -2.26274
      vertex 18 -2.05692 -2.45134
      vertex 18 -2.26274 -2.26274
    endloop
  endfacet
  facet normal 0 -0.608767 0.793349
    outer loop
      vertex 18 2.05692 -2.45134
      vertex 25 1.83544 -2.62129
      vertex 25 2.05692 -2.45134
    endloop
  endfacet
  facet normal 0 -0.608767 0.793349
    outer loop
      vertex 25 1.83544 -2.62129
      vertex 18 2.05692 -2.45134
      vertex 18 1.83544 -2.62129
    endloop
  endfacet
  facet normal 0 0.843394 -0.537295
    outer loop
      vertex 25 -2.77128 1.6
      vertex 18 -2.62129 1.83544
      vertex 25 -2.62129 1.83544
    endloop
  endfacet
  facet normal 0 0.843394 -0.537295
    outer loop
      vertex 18 -2.62129 1.83544
      vertex 25 -2.77128 1.6
      vertex 18 -2.77128 1.6
    endloop
  endfacet
  facet normal 0 -0.923872 0.382702
    outer loop
      vertex 18 2.90018 -1.35238
      vertex 25 3.00702 -1.09446
      vertex 18 3.00702 -1.09446
    endloop
  endfacet
  facet normal 0 -0.923872 0.382702
    outer loop
      vertex 25 3.00702 -1.09446
      vertex 18 2.90018 -1.35238
      vertex 25 2.90018 -1.35238
    endloop
  endfacet
  facet normal 0 -0.537295 0.843394
    outer loop
      vertex 18 1.83544 -2.62129
      vertex 25 1.6 -2.77128
      vertex 25 1.83544 -2.62129
    endloop
  endfacet
  facet normal 0 -0.537295 0.843394
    outer loop
      vertex 25 1.6 -2.77128
      vertex 18 1.83544 -2.62129
      vertex 18 1.6 -2.77128
    endloop
  endfacet
  facet normal 0 0.999048 -0.0436303
    outer loop
      vertex 25 -3.2 0
      vertex 18 -3.18782 0.278898
      vertex 25 -3.18782 0.278898
    endloop
  endfacet
  facet normal 0 0.999048 -0.0436303
    outer loop
      vertex 18 -3.18782 0.278898
      vertex 25 -3.2 0
      vertex 18 -3.2 0
    endloop
  endfacet
  facet normal 0 -0.461741 0.887015
    outer loop
      vertex 18 1.6 -2.77128
      vertex 25 1.35238 -2.90018
      vertex 25 1.6 -2.77128
    endloop
  endfacet
  facet normal 0 -0.461741 0.887015
    outer loop
      vertex 25 1.35238 -2.90018
      vertex 18 1.6 -2.77128
      vertex 18 1.35238 -2.90018
    endloop
  endfacet
  facet normal 0 0.537295 -0.843394
    outer loop
      vertex 18 -1.83544 2.62129
      vertex 25 -1.6 2.77128
      vertex 25 -1.83544 2.62129
    endloop
  endfacet
  facet normal 0 0.537295 -0.843394
    outer loop
      vertex 25 -1.6 2.77128
      vertex 18 -1.83544 2.62129
      vertex 18 -1.6 2.77128
    endloop
  endfacet
  facet normal 0 0.953722 -0.300689
    outer loop
      vertex 25 -3.09096 0.82822
      vertex 18 -3.00702 1.09446
      vertex 25 -3.00702 1.09446
    endloop
  endfacet
  facet normal 0 0.953722 -0.300689
    outer loop
      vertex 18 -3.00702 1.09446
      vertex 25 -3.09096 0.82822
      vertex 18 -3.09096 0.82822
    endloop
  endfacet
  facet normal 0 -0.130532 0.991444
    outer loop
      vertex 18 0.555674 -3.15138
      vertex 25 0.278898 -3.18782
      vertex 25 0.555674 -3.15138
    endloop
  endfacet
  facet normal 0 -0.130532 0.991444
    outer loop
      vertex 25 0.278898 -3.18782
      vertex 18 0.555674 -3.15138
      vertex 18 0.278898 -3.18782
    endloop
  endfacet
  facet normal 0 -0.843394 -0.537295
    outer loop
      vertex 18 2.77128 1.6
      vertex 25 2.62129 1.83544
      vertex 18 2.62129 1.83544
    endloop
  endfacet
  facet normal 0 -0.843394 -0.537295
    outer loop
      vertex 25 2.62129 1.83544
      vertex 18 2.77128 1.6
      vertex 25 2.77128 1.6
    endloop
  endfacet
  facet normal 0 0.953722 0.300689
    outer loop
      vertex 25 -3.00702 -1.09446
      vertex 18 -3.09096 -0.82822
      vertex 25 -3.09096 -0.82822
    endloop
  endfacet
  facet normal 0 0.953722 0.300689
    outer loop
      vertex 18 -3.09096 -0.82822
      vertex 25 -3.00702 -1.09446
      vertex 18 -3.00702 -1.09446
    endloop
  endfacet
  facet normal 0 -0.737276 -0.675592
    outer loop
      vertex 18 2.45134 2.05692
      vertex 25 2.26274 2.26274
      vertex 18 2.26274 2.26274
    endloop
  endfacet
  facet normal 0 -0.737276 -0.675592
    outer loop
      vertex 25 2.26274 2.26274
      vertex 18 2.45134 2.05692
      vertex 25 2.45134 2.05692
    endloop
  endfacet
  facet normal 0 -0.953722 -0.300689
    outer loop
      vertex 18 3.09096 0.82822
      vertex 25 3.00702 1.09446
      vertex 18 3.00702 1.09446
    endloop
  endfacet
  facet normal 0 -0.953722 -0.300689
    outer loop
      vertex 25 3.00702 1.09446
      vertex 18 3.09096 0.82822
      vertex 25 3.09096 0.82822
    endloop
  endfacet
  facet normal 0 0.976298 -0.216433
    outer loop
      vertex 25 -3.15138 0.555674
      vertex 18 -3.09096 0.82822
      vertex 25 -3.09096 0.82822
    endloop
  endfacet
  facet normal 0 0.976298 -0.216433
    outer loop
      vertex 18 -3.09096 0.82822
      vertex 25 -3.15138 0.555674
      vertex 18 -3.15138 0.555674
    endloop
  endfacet
  facet normal 0 -0.999048 -0.0436303
    outer loop
      vertex 18 3.2 0
      vertex 25 3.18782 0.278898
      vertex 18 3.18782 0.278898
    endloop
  endfacet
  facet normal 0 -0.999048 -0.0436303
    outer loop
      vertex 25 3.18782 0.278898
      vertex 18 3.2 0
      vertex 25 3.2 0
    endloop
  endfacet
  facet normal 0 -0.976298 0.216433
    outer loop
      vertex 18 3.09096 -0.82822
      vertex 25 3.15138 -0.555674
      vertex 18 3.15138 -0.555674
    endloop
  endfacet
  facet normal 0 -0.976298 0.216433
    outer loop
      vertex 25 3.15138 -0.555674
      vertex 18 3.09096 -0.82822
      vertex 25 3.09096 -0.82822
    endloop
  endfacet
  facet normal 0 0.675592 -0.737276
    outer loop
      vertex 18 -2.26274 2.26274
      vertex 25 -2.05692 2.45134
      vertex 25 -2.26274 2.26274
    endloop
  endfacet
  facet normal 0 0.675592 -0.737276
    outer loop
      vertex 25 -2.05692 2.45134
      vertex 18 -2.26274 2.26274
      vertex 18 -2.05692 2.45134
    endloop
  endfacet
  facet normal -0 0.0436303 0.999048
    outer loop
      vertex 18 0 -3.2
      vertex 25 -0.278898 -3.18782
      vertex 25 0 -3.2
    endloop
  endfacet
  facet normal 0 0.0436303 0.999048
    outer loop
      vertex 25 -0.278898 -3.18782
      vertex 18 0 -3.2
      vertex 18 -0.278898 -3.18782
    endloop
  endfacet
  facet normal 0 0.999048 0.0436303
    outer loop
      vertex 25 -3.18782 -0.278898
      vertex 18 -3.2 0
      vertex 25 -3.2 0
    endloop
  endfacet
  facet normal 0 0.999048 0.0436303
    outer loop
      vertex 18 -3.2 0
      vertex 25 -3.18782 -0.278898
      vertex 18 -3.18782 -0.278898
    endloop
  endfacet
  facet normal 0 0.130532 -0.991444
    outer loop
      vertex 18 -0.555674 3.15138
      vertex 25 -0.278898 3.18782
      vertex 25 -0.555674 3.15138
    endloop
  endfacet
  facet normal 0 0.130532 -0.991444
    outer loop
      vertex 25 -0.278898 3.18782
      vertex 18 -0.555674 3.15138
      vertex 18 -0.278898 3.18782
    endloop
  endfacet
  facet normal 0 -0.991444 0.130532
    outer loop
      vertex 18 3.15138 -0.555674
      vertex 25 3.18782 -0.278898
      vertex 18 3.18782 -0.278898
    endloop
  endfacet
  facet normal 0 -0.991444 0.130532
    outer loop
      vertex 25 3.18782 -0.278898
      vertex 18 3.15138 -0.555674
      vertex 25 3.15138 -0.555674
    endloop
  endfacet
  facet normal -0 0.461741 0.887015
    outer loop
      vertex 18 -1.35238 -2.90018
      vertex 25 -1.6 -2.77128
      vertex 25 -1.35238 -2.90018
    endloop
  endfacet
  facet normal 0 0.461741 0.887015
    outer loop
      vertex 25 -1.6 -2.77128
      vertex 18 -1.35238 -2.90018
      vertex 18 -1.6 -2.77128
    endloop
  endfacet
  facet normal 0 -0.737276 0.675592
    outer loop
      vertex 18 2.26274 -2.26274
      vertex 25 2.45134 -2.05692
      vertex 18 2.45134 -2.05692
    endloop
  endfacet
  facet normal 0 -0.737276 0.675592
    outer loop
      vertex 25 2.45134 -2.05692
      vertex 18 2.26274 -2.26274
      vertex 25 2.26274 -2.26274
    endloop
  endfacet
  facet normal 0 -0.953722 0.300689
    outer loop
      vertex 18 3.00702 -1.09446
      vertex 25 3.09096 -0.82822
      vertex 18 3.09096 -0.82822
    endloop
  endfacet
  facet normal 0 -0.953722 0.300689
    outer loop
      vertex 25 3.09096 -0.82822
      vertex 18 3.00702 -1.09446
      vertex 25 3.00702 -1.09446
    endloop
  endfacet
  facet normal 0 -0.608767 -0.793349
    outer loop
      vertex 18 1.83544 2.62129
      vertex 25 2.05692 2.45134
      vertex 25 1.83544 2.62129
    endloop
  endfacet
  facet normal -0 -0.608767 -0.793349
    outer loop
      vertex 25 2.05692 2.45134
      vertex 18 1.83544 2.62129
      vertex 18 2.05692 2.45134
    endloop
  endfacet
  facet normal 0 -0.130532 -0.991444
    outer loop
      vertex 18 0.278898 3.18782
      vertex 25 0.555674 3.15138
      vertex 25 0.278898 3.18782
    endloop
  endfacet
  facet normal -0 -0.130532 -0.991444
    outer loop
      vertex 25 0.555674 3.15138
      vertex 18 0.278898 3.18782
      vertex 18 0.555674 3.15138
    endloop
  endfacet
  facet normal 0 -0.0436303 -0.999048
    outer loop
      vertex 18 0 3.2
      vertex 25 0.278898 3.18782
      vertex 25 0 3.2
    endloop
  endfacet
  facet normal -0 -0.0436303 -0.999048
    outer loop
      vertex 25 0.278898 3.18782
      vertex 18 0 3.2
      vertex 18 0.278898 3.18782
    endloop
  endfacet
  facet normal 0 0.793349 0.608767
    outer loop
      vertex 25 -2.45134 -2.05692
      vertex 18 -2.62129 -1.83544
      vertex 25 -2.62129 -1.83544
    endloop
  endfacet
  facet normal 0 0.793349 0.608767
    outer loop
      vertex 18 -2.62129 -1.83544
      vertex 25 -2.45134 -2.05692
      vertex 18 -2.45134 -2.05692
    endloop
  endfacet
  facet normal 0 0.923872 -0.382702
    outer loop
      vertex 25 -3.00702 1.09446
      vertex 18 -2.90018 1.35238
      vertex 25 -2.90018 1.35238
    endloop
  endfacet
  facet normal 0 0.923872 -0.382702
    outer loop
      vertex 18 -2.90018 1.35238
      vertex 25 -3.00702 1.09446
      vertex 18 -3.00702 1.09446
    endloop
  endfacet
  facet normal 0 -0.923872 -0.382702
    outer loop
      vertex 18 3.00702 1.09446
      vertex 25 2.90018 1.35238
      vertex 18 2.90018 1.35238
    endloop
  endfacet
  facet normal 0 -0.923872 -0.382702
    outer loop
      vertex 25 2.90018 1.35238
      vertex 18 3.00702 1.09446
      vertex 25 3.00702 1.09446
    endloop
  endfacet
  facet normal 0 0.461741 -0.887015
    outer loop
      vertex 18 -1.6 2.77128
      vertex 25 -1.35238 2.90018
      vertex 25 -1.6 2.77128
    endloop
  endfacet
  facet normal 0 0.461741 -0.887015
    outer loop
      vertex 25 -1.35238 2.90018
      vertex 18 -1.6 2.77128
      vertex 18 -1.35238 2.90018
    endloop
  endfacet
  facet normal 0 0.887015 -0.461741
    outer loop
      vertex 25 -2.90018 1.35238
      vertex 18 -2.77128 1.6
      vertex 25 -2.77128 1.6
    endloop
  endfacet
  facet normal 0 0.887015 -0.461741
    outer loop
      vertex 18 -2.77128 1.6
      vertex 25 -2.90018 1.35238
      vertex 18 -2.90018 1.35238
    endloop
  endfacet
  facet normal -0.991443 -0.130538 0
    outer loop
      vertex 1.69353 6.14816 -17.3
      vertex 1.67417 6.2952 -14.5
      vertex 1.67417 6.2952 -17.3
    endloop
  endfacet
  facet normal -0.991443 -0.130538 0
    outer loop
      vertex 1.67417 6.2952 -14.5
      vertex 1.69353 6.14816 -17.3
      vertex 1.69353 6.14816 -14.5
    endloop
  endfacet
  facet normal -0.999048 -0.0436274 0
    outer loop
      vertex 1.7 6 -17.3
      vertex 1.69353 6.14816 -14.5
      vertex 1.69353 6.14816 -17.3
    endloop
  endfacet
  facet normal -0.999048 -0.0436274 0
    outer loop
      vertex 1.69353 6.14816 -14.5
      vertex 1.7 6 -17.3
      vertex 1.7 6 -14.5
    endloop
  endfacet
  facet normal -0.976295 -0.216445 0
    outer loop
      vertex 1.67417 6.2952 -17.3
      vertex 1.64207 6.43999 -14.5
      vertex 1.64207 6.43999 -17.3
    endloop
  endfacet
  facet normal -0.976295 -0.216445 0
    outer loop
      vertex 1.64207 6.43999 -14.5
      vertex 1.67417 6.2952 -17.3
      vertex 1.67417 6.2952 -14.5
    endloop
  endfacet
  facet normal -0.130542 0.991443 0
    outer loop
      vertex 0.295201 4.32583 -17.3
      vertex 0.148165 4.30647 -14.5
      vertex 0.295201 4.32583 -14.5
    endloop
  endfacet
  facet normal -0.130542 0.991443 0
    outer loop
      vertex 0.148165 4.30647 -14.5
      vertex 0.295201 4.32583 -17.3
      vertex 0.148165 4.30647 -17.3
    endloop
  endfacet
  facet normal -0.300668 0.953729 0
    outer loop
      vertex 0.581433 4.40252 -17.3
      vertex 0.439992 4.35793 -14.5
      vertex 0.581433 4.40252 -14.5
    endloop
  endfacet
  facet normal -0.300668 0.953729 0
    outer loop
      vertex 0.439992 4.35793 -14.5
      vertex 0.581433 4.40252 -17.3
      vertex 0.439992 4.35793 -17.3
    endloop
  endfacet
  facet normal 0.953728 -0.30067 0
    outer loop
      vertex -1.64207 6.43999 -14.5
      vertex -1.59748 6.58143 -17.3
      vertex -1.59748 6.58143 -14.5
    endloop
  endfacet
  facet normal 0.953728 -0.30067 0
    outer loop
      vertex -1.59748 6.58143 -17.3
      vertex -1.64207 6.43999 -14.5
      vertex -1.64207 6.43999 -17.3
    endloop
  endfacet
  facet normal 0.793333 0.608788 0
    outer loop
      vertex -1.30227 4.90726 -14.5
      vertex -1.39256 5.02492 -17.3
      vertex -1.39256 5.02492 -14.5
    endloop
  endfacet
  facet normal 0.793333 0.608788 0
    outer loop
      vertex -1.39256 5.02492 -17.3
      vertex -1.30227 4.90726 -14.5
      vertex -1.30227 4.90726 -17.3
    endloop
  endfacet
  facet normal -0.953728 -0.30067 0
    outer loop
      vertex 1.64207 6.43999 -17.3
      vertex 1.59748 6.58143 -14.5
      vertex 1.59748 6.58143 -17.3
    endloop
  endfacet
  facet normal -0.953728 -0.30067 0
    outer loop
      vertex 1.59748 6.58143 -14.5
      vertex 1.64207 6.43999 -17.3
      vertex 1.64207 6.43999 -14.5
    endloop
  endfacet
  facet normal -0.793333 -0.608788 0
    outer loop
      vertex 1.39256 6.97508 -17.3
      vertex 1.30227 7.09274 -14.5
      vertex 1.30227 7.09274 -17.3
    endloop
  endfacet
  facet normal -0.793333 -0.608788 0
    outer loop
      vertex 1.30227 7.09274 -14.5
      vertex 1.39256 6.97508 -17.3
      vertex 1.39256 6.97508 -14.5
    endloop
  endfacet
  facet normal 0.537274 -0.843408 0
    outer loop
      vertex -0.97508 7.39256 -17.3
      vertex -0.849999 7.47224 -14.5
      vertex -0.97508 7.39256 -14.5
    endloop
  endfacet
  facet normal 0.537274 -0.843408 0
    outer loop
      vertex -0.849999 7.47224 -14.5
      vertex -0.97508 7.39256 -17.3
      vertex -0.849999 7.47224 -17.3
    endloop
  endfacet
  facet normal 0.300668 -0.953729 0
    outer loop
      vertex -0.581433 7.59748 -17.3
      vertex -0.439992 7.64207 -14.5
      vertex -0.581433 7.59748 -14.5
    endloop
  endfacet
  facet normal 0.300668 -0.953729 0
    outer loop
      vertex -0.439992 7.64207 -14.5
      vertex -0.581433 7.59748 -17.3
      vertex -0.439992 7.64207 -17.3
    endloop
  endfacet
  facet normal 0.216444 -0.976295 0
    outer loop
      vertex -0.439992 7.64207 -17.3
      vertex -0.295201 7.67417 -14.5
      vertex -0.439992 7.64207 -14.5
    endloop
  endfacet
  facet normal 0.216444 -0.976295 0
    outer loop
      vertex -0.295201 7.67417 -14.5
      vertex -0.439992 7.64207 -17.3
      vertex -0.295201 7.67417 -17.3
    endloop
  endfacet
  facet normal 0.923869 0.382709 0
    outer loop
      vertex -1.54072 5.28155 -14.5
      vertex -1.59748 5.41857 -17.3
      vertex -1.59748 5.41857 -14.5
    endloop
  endfacet
  facet normal 0.923869 0.382709 0
    outer loop
      vertex -1.59748 5.41857 -17.3
      vertex -1.54072 5.28155 -14.5
      vertex -1.54072 5.28155 -17.3
    endloop
  endfacet
  facet normal -0.843406 -0.537277 0
    outer loop
      vertex 1.47224 6.85 -17.3
      vertex 1.39256 6.97508 -14.5
      vertex 1.39256 6.97508 -17.3
    endloop
  endfacet
  facet normal -0.843406 -0.537277 0
    outer loop
      vertex 1.39256 6.97508 -14.5
      vertex 1.47224 6.85 -17.3
      vertex 1.47224 6.85 -14.5
    endloop
  endfacet
  facet normal -0.953728 0.30067 0
    outer loop
      vertex 1.59748 5.41857 -17.3
      vertex 1.64207 5.56001 -14.5
      vertex 1.64207 5.56001 -17.3
    endloop
  endfacet
  facet normal -0.953728 0.30067 0
    outer loop
      vertex 1.64207 5.56001 -14.5
      vertex 1.59748 5.41857 -17.3
      vertex 1.59748 5.41857 -14.5
    endloop
  endfacet
  facet normal -0.675584 -0.737283 0
    outer loop
      vertex 1.09274 7.30227 -17.3
      vertex 1.20208 7.20208 -14.5
      vertex 1.09274 7.30227 -14.5
    endloop
  endfacet
  facet normal -0.675584 -0.737283 -0
    outer loop
      vertex 1.20208 7.20208 -14.5
      vertex 1.09274 7.30227 -17.3
      vertex 1.20208 7.20208 -17.3
    endloop
  endfacet
  facet normal -0.537274 -0.843408 0
    outer loop
      vertex 0.849999 7.47224 -17.3
      vertex 0.97508 7.39256 -14.5
      vertex 0.849999 7.47224 -14.5
    endloop
  endfacet
  facet normal -0.537274 -0.843408 -0
    outer loop
      vertex 0.97508 7.39256 -14.5
      vertex 0.849999 7.47224 -17.3
      vertex 0.97508 7.39256 -17.3
    endloop
  endfacet
  facet normal -0.999048 0.0436274 0
    outer loop
      vertex 1.69353 5.85184 -17.3
      vertex 1.7 6 -14.5
      vertex 1.7 6 -17.3
    endloop
  endfacet
  facet normal -0.999048 0.0436274 0
    outer loop
      vertex 1.7 6 -14.5
      vertex 1.69353 5.85184 -17.3
      vertex 1.69353 5.85184 -14.5
    endloop
  endfacet
  facet normal 0.216444 0.976295 -0
    outer loop
      vertex -0.295201 4.32583 -17.3
      vertex -0.439992 4.35793 -14.5
      vertex -0.295201 4.32583 -14.5
    endloop
  endfacet
  facet normal 0.216444 0.976295 0
    outer loop
      vertex -0.439992 4.35793 -14.5
      vertex -0.295201 4.32583 -17.3
      vertex -0.439992 4.35793 -17.3
    endloop
  endfacet
  facet normal -0.608788 -0.793333 0
    outer loop
      vertex 0.97508 7.39256 -17.3
      vertex 1.09274 7.30227 -14.5
      vertex 0.97508 7.39256 -14.5
    endloop
  endfacet
  facet normal -0.608788 -0.793333 -0
    outer loop
      vertex 1.09274 7.30227 -14.5
      vertex 0.97508 7.39256 -17.3
      vertex 1.09274 7.30227 -17.3
    endloop
  endfacet
  facet normal 0.953728 0.30067 0
    outer loop
      vertex -1.59748 5.41857 -14.5
      vertex -1.64207 5.56001 -17.3
      vertex -1.64207 5.56001 -14.5
    endloop
  endfacet
  facet normal 0.953728 0.30067 0
    outer loop
      vertex -1.64207 5.56001 -17.3
      vertex -1.59748 5.41857 -14.5
      vertex -1.59748 5.41857 -17.3
    endloop
  endfacet
  facet normal 0.608788 -0.793333 0
    outer loop
      vertex -1.09274 7.30227 -17.3
      vertex -0.97508 7.39256 -14.5
      vertex -1.09274 7.30227 -14.5
    endloop
  endfacet
  facet normal 0.608788 -0.793333 0
    outer loop
      vertex -0.97508 7.39256 -14.5
      vertex -1.09274 7.30227 -17.3
      vertex -0.97508 7.39256 -17.3
    endloop
  endfacet
  facet normal -0.216444 0.976295 0
    outer loop
      vertex 0.439992 4.35793 -17.3
      vertex 0.295201 4.32583 -14.5
      vertex 0.439992 4.35793 -14.5
    endloop
  endfacet
  facet normal -0.216444 0.976295 0
    outer loop
      vertex 0.295201 4.32583 -14.5
      vertex 0.439992 4.35793 -17.3
      vertex 0.295201 4.32583 -17.3
    endloop
  endfacet
  facet normal -0.043626 -0.999048 0
    outer loop
      vertex 0 7.7 -17.3
      vertex 0.148165 7.69353 -14.5
      vertex 0 7.7 -14.5
    endloop
  endfacet
  facet normal -0.043626 -0.999048 -0
    outer loop
      vertex 0.148165 7.69353 -14.5
      vertex 0 7.7 -17.3
      vertex 0.148165 7.69353 -17.3
    endloop
  endfacet
  facet normal 0.382714 0.923867 -0
    outer loop
      vertex -0.581433 4.40252 -17.3
      vertex -0.718451 4.45928 -14.5
      vertex -0.581433 4.40252 -14.5
    endloop
  endfacet
  facet normal 0.382714 0.923867 0
    outer loop
      vertex -0.718451 4.45928 -14.5
      vertex -0.581433 4.40252 -17.3
      vertex -0.718451 4.45928 -17.3
    endloop
  endfacet
  facet normal -0.461751 0.88701 0
    outer loop
      vertex 0.849999 4.52776 -17.3
      vertex 0.718451 4.45928 -14.5
      vertex 0.849999 4.52776 -14.5
    endloop
  endfacet
  facet normal -0.461751 0.88701 0
    outer loop
      vertex 0.718451 4.45928 -14.5
      vertex 0.849999 4.52776 -17.3
      vertex 0.718451 4.45928 -17.3
    endloop
  endfacet
  facet normal 0.043626 -0.999048 0
    outer loop
      vertex -0.148165 7.69353 -17.3
      vertex 0 7.7 -14.5
      vertex -0.148165 7.69353 -14.5
    endloop
  endfacet
  facet normal 0.043626 -0.999048 0
    outer loop
      vertex 0 7.7 -14.5
      vertex -0.148165 7.69353 -17.3
      vertex 0 7.7 -17.3
    endloop
  endfacet
  facet normal 0.537274 0.843408 -0
    outer loop
      vertex -0.849999 4.52776 -17.3
      vertex -0.97508 4.60744 -14.5
      vertex -0.849999 4.52776 -14.5
    endloop
  endfacet
  facet normal 0.537274 0.843408 0
    outer loop
      vertex -0.97508 4.60744 -14.5
      vertex -0.849999 4.52776 -17.3
      vertex -0.97508 4.60744 -17.3
    endloop
  endfacet
  facet normal -0.043626 0.999048 0
    outer loop
      vertex 0.148165 4.30647 -17.3
      vertex 0 4.3 -14.5
      vertex 0.148165 4.30647 -14.5
    endloop
  endfacet
  facet normal -0.043626 0.999048 0
    outer loop
      vertex 0 4.3 -14.5
      vertex 0.148165 4.30647 -17.3
      vertex 0 4.3 -17.3
    endloop
  endfacet
  facet normal 0.887012 0.461745 0
    outer loop
      vertex -1.47224 5.15 -14.5
      vertex -1.54072 5.28155 -17.3
      vertex -1.54072 5.28155 -14.5
    endloop
  endfacet
  facet normal 0.887012 0.461745 0
    outer loop
      vertex -1.54072 5.28155 -17.3
      vertex -1.47224 5.15 -14.5
      vertex -1.47224 5.15 -17.3
    endloop
  endfacet
  facet normal -0.461751 -0.88701 0
    outer loop
      vertex 0.718451 7.54072 -17.3
      vertex 0.849999 7.47224 -14.5
      vertex 0.718451 7.54072 -14.5
    endloop
  endfacet
  facet normal -0.461751 -0.88701 -0
    outer loop
      vertex 0.849999 7.47224 -14.5
      vertex 0.718451 7.54072 -17.3
      vertex 0.849999 7.47224 -17.3
    endloop
  endfacet
  facet normal -0.675584 0.737283 0
    outer loop
      vertex 1.20208 4.79792 -17.3
      vertex 1.09274 4.69773 -14.5
      vertex 1.20208 4.79792 -14.5
    endloop
  endfacet
  facet normal -0.675584 0.737283 0
    outer loop
      vertex 1.09274 4.69773 -14.5
      vertex 1.20208 4.79792 -17.3
      vertex 1.09274 4.69773 -17.3
    endloop
  endfacet
  facet normal -0.537274 0.843408 0
    outer loop
      vertex 0.97508 4.60744 -17.3
      vertex 0.849999 4.52776 -14.5
      vertex 0.97508 4.60744 -14.5
    endloop
  endfacet
  facet normal -0.537274 0.843408 0
    outer loop
      vertex 0.849999 4.52776 -14.5
      vertex 0.97508 4.60744 -17.3
      vertex 0.849999 4.52776 -17.3
    endloop
  endfacet
  facet normal -0.793333 0.608788 0
    outer loop
      vertex 1.30227 4.90726 -17.3
      vertex 1.39256 5.02492 -14.5
      vertex 1.39256 5.02492 -17.3
    endloop
  endfacet
  facet normal -0.793333 0.608788 0
    outer loop
      vertex 1.39256 5.02492 -14.5
      vertex 1.30227 4.90726 -17.3
      vertex 1.30227 4.90726 -14.5
    endloop
  endfacet
  facet normal -0.608788 0.793333 0
    outer loop
      vertex 1.09274 4.69773 -17.3
      vertex 0.97508 4.60744 -14.5
      vertex 1.09274 4.69773 -14.5
    endloop
  endfacet
  facet normal -0.608788 0.793333 0
    outer loop
      vertex 0.97508 4.60744 -14.5
      vertex 1.09274 4.69773 -17.3
      vertex 0.97508 4.60744 -17.3
    endloop
  endfacet
  facet normal -0.923869 -0.382709 0
    outer loop
      vertex 1.59748 6.58143 -17.3
      vertex 1.54072 6.71845 -14.5
      vertex 1.54072 6.71845 -17.3
    endloop
  endfacet
  facet normal -0.923869 -0.382709 0
    outer loop
      vertex 1.54072 6.71845 -14.5
      vertex 1.59748 6.58143 -17.3
      vertex 1.59748 6.58143 -14.5
    endloop
  endfacet
  facet normal -0.737283 -0.675584 0
    outer loop
      vertex 1.30227 7.09274 -17.3
      vertex 1.20208 7.20208 -14.5
      vertex 1.20208 7.20208 -17.3
    endloop
  endfacet
  facet normal -0.737283 -0.675584 0
    outer loop
      vertex 1.20208 7.20208 -14.5
      vertex 1.30227 7.09274 -17.3
      vertex 1.30227 7.09274 -14.5
    endloop
  endfacet
  facet normal 0.923869 -0.382709 0
    outer loop
      vertex -1.59748 6.58143 -14.5
      vertex -1.54072 6.71845 -17.3
      vertex -1.54072 6.71845 -14.5
    endloop
  endfacet
  facet normal 0.923869 -0.382709 0
    outer loop
      vertex -1.54072 6.71845 -17.3
      vertex -1.59748 6.58143 -14.5
      vertex -1.59748 6.58143 -17.3
    endloop
  endfacet
  facet normal -0.382714 0.923867 0
    outer loop
      vertex 0.718451 4.45928 -17.3
      vertex 0.581433 4.40252 -14.5
      vertex 0.718451 4.45928 -14.5
    endloop
  endfacet
  facet normal -0.382714 0.923867 0
    outer loop
      vertex 0.581433 4.40252 -14.5
      vertex 0.718451 4.45928 -17.3
      vertex 0.581433 4.40252 -17.3
    endloop
  endfacet
  facet normal -0.887012 -0.461745 0
    outer loop
      vertex 1.54072 6.71845 -17.3
      vertex 1.47224 6.85 -14.5
      vertex 1.47224 6.85 -17.3
    endloop
  endfacet
  facet normal -0.887012 -0.461745 0
    outer loop
      vertex 1.47224 6.85 -14.5
      vertex 1.54072 6.71845 -17.3
      vertex 1.54072 6.71845 -14.5
    endloop
  endfacet
  facet normal 0.675584 -0.737283 0
    outer loop
      vertex -1.20208 7.20208 -17.3
      vertex -1.09274 7.30227 -14.5
      vertex -1.20208 7.20208 -14.5
    endloop
  endfacet
  facet normal 0.675584 -0.737283 0
    outer loop
      vertex -1.09274 7.30227 -14.5
      vertex -1.20208 7.20208 -17.3
      vertex -1.09274 7.30227 -17.3
    endloop
  endfacet
  facet normal 0.675584 0.737283 -0
    outer loop
      vertex -1.09274 4.69773 -17.3
      vertex -1.20208 4.79792 -14.5
      vertex -1.09274 4.69773 -14.5
    endloop
  endfacet
  facet normal 0.675584 0.737283 0
    outer loop
      vertex -1.20208 4.79792 -14.5
      vertex -1.09274 4.69773 -17.3
      vertex -1.20208 4.79792 -17.3
    endloop
  endfacet
  facet normal -0.130542 -0.991443 0
    outer loop
      vertex 0.148165 7.69353 -17.3
      vertex 0.295201 7.67417 -14.5
      vertex 0.148165 7.69353 -14.5
    endloop
  endfacet
  facet normal -0.130542 -0.991443 -0
    outer loop
      vertex 0.295201 7.67417 -14.5
      vertex 0.148165 7.69353 -17.3
      vertex 0.295201 7.67417 -17.3
    endloop
  endfacet
  facet normal 0.461751 -0.88701 0
    outer loop
      vertex -0.849999 7.47224 -17.3
      vertex -0.718451 7.54072 -14.5
      vertex -0.849999 7.47224 -14.5
    endloop
  endfacet
  facet normal 0.461751 -0.88701 0
    outer loop
      vertex -0.718451 7.54072 -14.5
      vertex -0.849999 7.47224 -17.3
      vertex -0.718451 7.54072 -17.3
    endloop
  endfacet
  facet normal 0.382714 -0.923867 0
    outer loop
      vertex -0.718451 7.54072 -17.3
      vertex -0.581433 7.59748 -14.5
      vertex -0.718451 7.54072 -14.5
    endloop
  endfacet
  facet normal 0.382714 -0.923867 0
    outer loop
      vertex -0.581433 7.59748 -14.5
      vertex -0.718451 7.54072 -17.3
      vertex -0.581433 7.59748 -17.3
    endloop
  endfacet
  facet normal 0.991443 -0.130538 0
    outer loop
      vertex -1.69353 6.14816 -14.5
      vertex -1.67417 6.2952 -17.3
      vertex -1.67417 6.2952 -14.5
    endloop
  endfacet
  facet normal 0.991443 -0.130538 0
    outer loop
      vertex -1.67417 6.2952 -17.3
      vertex -1.69353 6.14816 -14.5
      vertex -1.69353 6.14816 -17.3
    endloop
  endfacet
  facet normal 0.976295 -0.216445 0
    outer loop
      vertex -1.67417 6.2952 -14.5
      vertex -1.64207 6.43999 -17.3
      vertex -1.64207 6.43999 -14.5
    endloop
  endfacet
  facet normal 0.976295 -0.216445 0
    outer loop
      vertex -1.64207 6.43999 -17.3
      vertex -1.67417 6.2952 -14.5
      vertex -1.67417 6.2952 -17.3
    endloop
  endfacet
  facet normal -0.923869 0.382709 0
    outer loop
      vertex 1.54072 5.28155 -17.3
      vertex 1.59748 5.41857 -14.5
      vertex 1.59748 5.41857 -17.3
    endloop
  endfacet
  facet normal -0.923869 0.382709 0
    outer loop
      vertex 1.59748 5.41857 -14.5
      vertex 1.54072 5.28155 -17.3
      vertex 1.54072 5.28155 -14.5
    endloop
  endfacet
  facet normal -0.216444 -0.976295 0
    outer loop
      vertex 0.295201 7.67417 -17.3
      vertex 0.439992 7.64207 -14.5
      vertex 0.295201 7.67417 -14.5
    endloop
  endfacet
  facet normal -0.216444 -0.976295 -0
    outer loop
      vertex 0.439992 7.64207 -14.5
      vertex 0.295201 7.67417 -17.3
      vertex 0.439992 7.64207 -17.3
    endloop
  endfacet
  facet normal 0.793333 -0.608788 0
    outer loop
      vertex -1.39256 6.97508 -14.5
      vertex -1.30227 7.09274 -17.3
      vertex -1.30227 7.09274 -14.5
    endloop
  endfacet
  facet normal 0.793333 -0.608788 0
    outer loop
      vertex -1.30227 7.09274 -17.3
      vertex -1.39256 6.97508 -14.5
      vertex -1.39256 6.97508 -17.3
    endloop
  endfacet
  facet normal 0.999048 0.0436274 0
    outer loop
      vertex -1.69353 5.85184 -14.5
      vertex -1.7 6 -17.3
      vertex -1.7 6 -14.5
    endloop
  endfacet
  facet normal 0.999048 0.0436274 0
    outer loop
      vertex -1.7 6 -17.3
      vertex -1.69353 5.85184 -14.5
      vertex -1.69353 5.85184 -17.3
    endloop
  endfacet
  facet normal 0.130542 0.991443 -0
    outer loop
      vertex -0.148165 4.30647 -17.3
      vertex -0.295201 4.32583 -14.5
      vertex -0.148165 4.30647 -14.5
    endloop
  endfacet
  facet normal 0.130542 0.991443 0
    outer loop
      vertex -0.295201 4.32583 -14.5
      vertex -0.148165 4.30647 -17.3
      vertex -0.295201 4.32583 -17.3
    endloop
  endfacet
  facet normal 0.461751 0.88701 -0
    outer loop
      vertex -0.718451 4.45928 -17.3
      vertex -0.849999 4.52776 -14.5
      vertex -0.718451 4.45928 -14.5
    endloop
  endfacet
  facet normal 0.461751 0.88701 0
    outer loop
      vertex -0.849999 4.52776 -14.5
      vertex -0.718451 4.45928 -17.3
      vertex -0.849999 4.52776 -17.3
    endloop
  endfacet
  facet normal -0.976295 0.216445 0
    outer loop
      vertex 1.64207 5.56001 -17.3
      vertex 1.67417 5.7048 -14.5
      vertex 1.67417 5.7048 -17.3
    endloop
  endfacet
  facet normal -0.976295 0.216445 0
    outer loop
      vertex 1.67417 5.7048 -14.5
      vertex 1.64207 5.56001 -17.3
      vertex 1.64207 5.56001 -14.5
    endloop
  endfacet
  facet normal 0.737283 0.675584 0
    outer loop
      vertex -1.20208 4.79792 -14.5
      vertex -1.30227 4.90726 -17.3
      vertex -1.30227 4.90726 -14.5
    endloop
  endfacet
  facet normal 0.737283 0.675584 0
    outer loop
      vertex -1.30227 4.90726 -17.3
      vertex -1.20208 4.79792 -14.5
      vertex -1.20208 4.79792 -17.3
    endloop
  endfacet
  facet normal 0.976295 0.216445 0
    outer loop
      vertex -1.64207 5.56001 -14.5
      vertex -1.67417 5.7048 -17.3
      vertex -1.67417 5.7048 -14.5
    endloop
  endfacet
  facet normal 0.976295 0.216445 0
    outer loop
      vertex -1.67417 5.7048 -17.3
      vertex -1.64207 5.56001 -14.5
      vertex -1.64207 5.56001 -17.3
    endloop
  endfacet
  facet normal -0.887012 0.461745 0
    outer loop
      vertex 1.47224 5.15 -17.3
      vertex 1.54072 5.28155 -14.5
      vertex 1.54072 5.28155 -17.3
    endloop
  endfacet
  facet normal -0.887012 0.461745 0
    outer loop
      vertex 1.54072 5.28155 -14.5
      vertex 1.47224 5.15 -17.3
      vertex 1.47224 5.15 -14.5
    endloop
  endfacet
  facet normal -0.382714 -0.923867 0
    outer loop
      vertex 0.581433 7.59748 -17.3
      vertex 0.718451 7.54072 -14.5
      vertex 0.581433 7.59748 -14.5
    endloop
  endfacet
  facet normal -0.382714 -0.923867 -0
    outer loop
      vertex 0.718451 7.54072 -14.5
      vertex 0.581433 7.59748 -17.3
      vertex 0.718451 7.54072 -17.3
    endloop
  endfacet
  facet normal -0.300668 -0.953729 0
    outer loop
      vertex 0.439992 7.64207 -17.3
      vertex 0.581433 7.59748 -14.5
      vertex 0.439992 7.64207 -14.5
    endloop
  endfacet
  facet normal -0.300668 -0.953729 -0
    outer loop
      vertex 0.581433 7.59748 -14.5
      vertex 0.439992 7.64207 -17.3
      vertex 0.581433 7.59748 -17.3
    endloop
  endfacet
  facet normal 0.737283 -0.675584 0
    outer loop
      vertex -1.30227 7.09274 -14.5
      vertex -1.20208 7.20208 -17.3
      vertex -1.20208 7.20208 -14.5
    endloop
  endfacet
  facet normal 0.737283 -0.675584 0
    outer loop
      vertex -1.20208 7.20208 -17.3
      vertex -1.30227 7.09274 -14.5
      vertex -1.30227 7.09274 -17.3
    endloop
  endfacet
  facet normal 0.130542 -0.991443 0
    outer loop
      vertex -0.295201 7.67417 -17.3
      vertex -0.148165 7.69353 -14.5
      vertex -0.295201 7.67417 -14.5
    endloop
  endfacet
  facet normal 0.130542 -0.991443 0
    outer loop
      vertex -0.148165 7.69353 -14.5
      vertex -0.295201 7.67417 -17.3
      vertex -0.148165 7.69353 -17.3
    endloop
  endfacet
  facet normal 0.608788 0.793333 -0
    outer loop
      vertex -0.97508 4.60744 -17.3
      vertex -1.09274 4.69773 -14.5
      vertex -0.97508 4.60744 -14.5
    endloop
  endfacet
  facet normal 0.608788 0.793333 0
    outer loop
      vertex -1.09274 4.69773 -14.5
      vertex -0.97508 4.60744 -17.3
      vertex -1.09274 4.69773 -17.3
    endloop
  endfacet
  facet normal -0.843406 0.537277 0
    outer loop
      vertex 1.39256 5.02492 -17.3
      vertex 1.47224 5.15 -14.5
      vertex 1.47224 5.15 -17.3
    endloop
  endfacet
  facet normal -0.843406 0.537277 0
    outer loop
      vertex 1.47224 5.15 -14.5
      vertex 1.39256 5.02492 -17.3
      vertex 1.39256 5.02492 -14.5
    endloop
  endfacet
  facet normal 0.300668 0.953729 -0
    outer loop
      vertex -0.439992 4.35793 -17.3
      vertex -0.581433 4.40252 -14.5
      vertex -0.439992 4.35793 -14.5
    endloop
  endfacet
  facet normal 0.300668 0.953729 0
    outer loop
      vertex -0.581433 4.40252 -14.5
      vertex -0.439992 4.35793 -17.3
      vertex -0.581433 4.40252 -17.3
    endloop
  endfacet
  facet normal 0.991443 0.130538 0
    outer loop
      vertex -1.67417 5.7048 -14.5
      vertex -1.69353 5.85184 -17.3
      vertex -1.69353 5.85184 -14.5
    endloop
  endfacet
  facet normal 0.991443 0.130538 0
    outer loop
      vertex -1.69353 5.85184 -17.3
      vertex -1.67417 5.7048 -14.5
      vertex -1.67417 5.7048 -17.3
    endloop
  endfacet
  facet normal 0.843406 0.537277 0
    outer loop
      vertex -1.39256 5.02492 -14.5
      vertex -1.47224 5.15 -17.3
      vertex -1.47224 5.15 -14.5
    endloop
  endfacet
  facet normal 0.843406 0.537277 0
    outer loop
      vertex -1.47224 5.15 -17.3
      vertex -1.39256 5.02492 -14.5
      vertex -1.39256 5.02492 -17.3
    endloop
  endfacet
  facet normal 0.999048 -0.0436274 0
    outer loop
      vertex -1.7 6 -14.5
      vertex -1.69353 6.14816 -17.3
      vertex -1.69353 6.14816 -14.5
    endloop
  endfacet
  facet normal 0.999048 -0.0436274 0
    outer loop
      vertex -1.69353 6.14816 -17.3
      vertex -1.7 6 -14.5
      vertex -1.7 6 -17.3
    endloop
  endfacet
  facet normal 0.887012 -0.461745 0
    outer loop
      vertex -1.54072 6.71845 -14.5
      vertex -1.47224 6.85 -17.3
      vertex -1.47224 6.85 -14.5
    endloop
  endfacet
  facet normal 0.887012 -0.461745 0
    outer loop
      vertex -1.47224 6.85 -17.3
      vertex -1.54072 6.71845 -14.5
      vertex -1.54072 6.71845 -17.3
    endloop
  endfacet
  facet normal -0.991443 0.130538 0
    outer loop
      vertex 1.67417 5.7048 -17.3
      vertex 1.69353 5.85184 -14.5
      vertex 1.69353 5.85184 -17.3
    endloop
  endfacet
  facet normal -0.991443 0.130538 0
    outer loop
      vertex 1.69353 5.85184 -14.5
      vertex 1.67417 5.7048 -17.3
      vertex 1.67417 5.7048 -14.5
    endloop
  endfacet
  facet normal -0.737283 0.675584 0
    outer loop
      vertex 1.20208 4.79792 -17.3
      vertex 1.30227 4.90726 -14.5
      vertex 1.30227 4.90726 -17.3
    endloop
  endfacet
  facet normal -0.737283 0.675584 0
    outer loop
      vertex 1.30227 4.90726 -14.5
      vertex 1.20208 4.79792 -17.3
      vertex 1.20208 4.79792 -14.5
    endloop
  endfacet
  facet normal 0.043626 0.999048 -0
    outer loop
      vertex 0 4.3 -17.3
      vertex -0.148165 4.30647 -14.5
      vertex 0 4.3 -14.5
    endloop
  endfacet
  facet normal 0.043626 0.999048 0
    outer loop
      vertex -0.148165 4.30647 -14.5
      vertex 0 4.3 -17.3
      vertex -0.148165 4.30647 -17.3
    endloop
  endfacet
  facet normal 0.843406 -0.537277 0
    outer loop
      vertex -1.47224 6.85 -14.5
      vertex -1.39256 6.97508 -17.3
      vertex -1.39256 6.97508 -14.5
    endloop
  endfacet
  facet normal 0.843406 -0.537277 0
    outer loop
      vertex -1.39256 6.97508 -17.3
      vertex -1.47224 6.85 -14.5
      vertex -1.47224 6.85 -17.3
    endloop
  endfacet
  facet normal -0.991445 -0.130526 0
    outer loop
      vertex 3.0882 6.27018 -19.5
      vertex 3.0529 6.53831 -17.3
      vertex 3.0529 6.53831 -19.5
    endloop
  endfacet
  facet normal -0.991445 -0.130526 0
    outer loop
      vertex 3.0529 6.53831 -17.3
      vertex 3.0882 6.27018 -19.5
      vertex 3.0882 6.27018 -17.3
    endloop
  endfacet
  facet normal -0.999048 -0.043633 0
    outer loop
      vertex 3.1 6 -19.5
      vertex 3.0882 6.27018 -17.3
      vertex 3.0882 6.27018 -19.5
    endloop
  endfacet
  facet normal -0.999048 -0.043633 0
    outer loop
      vertex 3.0882 6.27018 -17.3
      vertex 3.1 6 -19.5
      vertex 3.1 6 -17.3
    endloop
  endfacet
  facet normal -0.976299 -0.216425 0
    outer loop
      vertex 3.0529 6.53831 -19.5
      vertex 2.99437 6.80234 -17.3
      vertex 2.99437 6.80234 -19.5
    endloop
  endfacet
  facet normal -0.976299 -0.216425 0
    outer loop
      vertex 2.99437 6.80234 -17.3
      vertex 3.0529 6.53831 -19.5
      vertex 3.0529 6.53831 -17.3
    endloop
  endfacet
  facet normal -0.999048 0.043633 0
    outer loop
      vertex 3.0882 5.72982 -19.5
      vertex 3.1 6 -17.3
      vertex 3.1 6 -19.5
    endloop
  endfacet
  facet normal -0.999048 0.043633 0
    outer loop
      vertex 3.1 6 -17.3
      vertex 3.0882 5.72982 -19.5
      vertex 3.0882 5.72982 -17.3
    endloop
  endfacet
  facet normal 0.793353 -0.608761 0
    outer loop
      vertex -2.53937 7.77809 -17.3
      vertex -2.37474 7.99264 -19.5
      vertex -2.37474 7.99264 -17.3
    endloop
  endfacet
  facet normal 0.793353 -0.608761 0
    outer loop
      vertex -2.37474 7.99264 -19.5
      vertex -2.53937 7.77809 -17.3
      vertex -2.53937 7.77809 -19.5
    endloop
  endfacet
  facet normal 0.300698 -0.953719 0
    outer loop
      vertex -1.06026 8.91305 -19.5
      vertex -0.802339 8.99437 -17.3
      vertex -1.06026 8.91305 -17.3
    endloop
  endfacet
  facet normal 0.300698 -0.953719 0
    outer loop
      vertex -0.802339 8.99437 -17.3
      vertex -1.06026 8.91305 -19.5
      vertex -0.802339 8.99437 -19.5
    endloop
  endfacet
  facet normal -0.216425 0.976299 0
    outer loop
      vertex 0.802339 3.00563 -19.5
      vertex 0.538309 2.9471 -17.3
      vertex 0.802339 3.00563 -17.3
    endloop
  endfacet
  facet normal -0.216425 0.976299 0
    outer loop
      vertex 0.538309 2.9471 -17.3
      vertex 0.802339 3.00563 -19.5
      vertex 0.538309 2.9471 -19.5
    endloop
  endfacet
  facet normal -0.953719 0.3007 0
    outer loop
      vertex 2.91305 4.93974 -19.5
      vertex 2.99437 5.19766 -17.3
      vertex 2.99437 5.19766 -19.5
    endloop
  endfacet
  facet normal -0.953719 0.3007 0
    outer loop
      vertex 2.99437 5.19766 -17.3
      vertex 2.91305 4.93974 -19.5
      vertex 2.91305 4.93974 -17.3
    endloop
  endfacet
  facet normal -0.300698 0.953719 0
    outer loop
      vertex 1.06026 3.08695 -19.5
      vertex 0.802339 3.00563 -17.3
      vertex 1.06026 3.08695 -17.3
    endloop
  endfacet
  facet normal -0.300698 0.953719 0
    outer loop
      vertex 0.802339 3.00563 -17.3
      vertex 1.06026 3.08695 -19.5
      vertex 0.802339 3.00563 -19.5
    endloop
  endfacet
  facet normal 0.608761 -0.793353 0
    outer loop
      vertex -1.99264 8.37474 -19.5
      vertex -1.77809 8.53937 -17.3
      vertex -1.99264 8.37474 -17.3
    endloop
  endfacet
  facet normal 0.608761 -0.793353 0
    outer loop
      vertex -1.77809 8.53937 -17.3
      vertex -1.99264 8.37474 -19.5
      vertex -1.77809 8.53937 -19.5
    endloop
  endfacet
  facet normal -0.84339 0.537301 0
    outer loop
      vertex 2.53937 4.22191 -19.5
      vertex 2.68468 4.45 -17.3
      vertex 2.68468 4.45 -19.5
    endloop
  endfacet
  facet normal -0.84339 0.537301 0
    outer loop
      vertex 2.68468 4.45 -17.3
      vertex 2.53937 4.22191 -19.5
      vertex 2.53937 4.22191 -17.3
    endloop
  endfacet
  facet normal 0.793353 0.608761 0
    outer loop
      vertex -2.37474 4.00736 -17.3
      vertex -2.53937 4.22191 -19.5
      vertex -2.53937 4.22191 -17.3
    endloop
  endfacet
  facet normal 0.793353 0.608761 0
    outer loop
      vertex -2.53937 4.22191 -19.5
      vertex -2.37474 4.00736 -17.3
      vertex -2.37474 4.00736 -19.5
    endloop
  endfacet
  facet normal 0.737272 0.675596 0
    outer loop
      vertex -2.19203 3.80797 -17.3
      vertex -2.37474 4.00736 -19.5
      vertex -2.37474 4.00736 -17.3
    endloop
  endfacet
  facet normal 0.737272 0.675596 0
    outer loop
      vertex -2.37474 4.00736 -19.5
      vertex -2.19203 3.80797 -17.3
      vertex -2.19203 3.80797 -19.5
    endloop
  endfacet
  facet normal 0.675596 -0.737272 0
    outer loop
      vertex -2.19203 8.19203 -19.5
      vertex -1.99264 8.37474 -17.3
      vertex -2.19203 8.19203 -17.3
    endloop
  endfacet
  facet normal 0.675596 -0.737272 0
    outer loop
      vertex -1.99264 8.37474 -17.3
      vertex -2.19203 8.19203 -19.5
      vertex -1.99264 8.37474 -19.5
    endloop
  endfacet
  facet normal 0.216425 -0.976299 0
    outer loop
      vertex -0.802339 8.99437 -19.5
      vertex -0.538309 9.0529 -17.3
      vertex -0.802339 8.99437 -17.3
    endloop
  endfacet
  facet normal 0.216425 -0.976299 0
    outer loop
      vertex -0.538309 9.0529 -17.3
      vertex -0.802339 8.99437 -19.5
      vertex -0.538309 9.0529 -19.5
    endloop
  endfacet
  facet normal -0.300698 -0.953719 0
    outer loop
      vertex 0.802339 8.99437 -19.5
      vertex 1.06026 8.91305 -17.3
      vertex 0.802339 8.99437 -17.3
    endloop
  endfacet
  facet normal -0.300698 -0.953719 -0
    outer loop
      vertex 1.06026 8.91305 -17.3
      vertex 0.802339 8.99437 -19.5
      vertex 1.06026 8.91305 -19.5
    endloop
  endfacet
  facet normal -0.675596 -0.737272 0
    outer loop
      vertex 1.99264 8.37474 -19.5
      vertex 2.19203 8.19203 -17.3
      vertex 1.99264 8.37474 -17.3
    endloop
  endfacet
  facet normal -0.675596 -0.737272 -0
    outer loop
      vertex 2.19203 8.19203 -17.3
      vertex 1.99264 8.37474 -19.5
      vertex 2.19203 8.19203 -19.5
    endloop
  endfacet
  facet normal -0.537301 -0.84339 0
    outer loop
      vertex 1.55 8.68468 -19.5
      vertex 1.77809 8.53937 -17.3
      vertex 1.55 8.68468 -17.3
    endloop
  endfacet
  facet normal -0.537301 -0.84339 -0
    outer loop
      vertex 1.77809 8.53937 -17.3
      vertex 1.55 8.68468 -19.5
      vertex 1.77809 8.53937 -19.5
    endloop
  endfacet
  facet normal -0.887016 0.461738 0
    outer loop
      vertex 2.68468 4.45 -19.5
      vertex 2.80955 4.68988 -17.3
      vertex 2.80955 4.68988 -19.5
    endloop
  endfacet
  facet normal -0.887016 0.461738 0
    outer loop
      vertex 2.80955 4.68988 -17.3
      vertex 2.68468 4.45 -19.5
      vertex 2.68468 4.45 -17.3
    endloop
  endfacet
  facet normal -0.976299 0.216425 0
    outer loop
      vertex 2.99437 5.19766 -19.5
      vertex 3.0529 5.46169 -17.3
      vertex 3.0529 5.46169 -19.5
    endloop
  endfacet
  facet normal -0.976299 0.216425 0
    outer loop
      vertex 3.0529 5.46169 -17.3
      vertex 2.99437 5.19766 -19.5
      vertex 2.99437 5.19766 -17.3
    endloop
  endfacet
  facet normal -0.737272 -0.675596 0
    outer loop
      vertex 2.37474 7.99264 -19.5
      vertex 2.19203 8.19203 -17.3
      vertex 2.19203 8.19203 -19.5
    endloop
  endfacet
  facet normal -0.737272 -0.675596 0
    outer loop
      vertex 2.19203 8.19203 -17.3
      vertex 2.37474 7.99264 -19.5
      vertex 2.37474 7.99264 -17.3
    endloop
  endfacet
  facet normal -0.0436325 0.999048 0
    outer loop
      vertex 0.270183 2.9118 -19.5
      vertex 0 2.9 -17.3
      vertex 0.270183 2.9118 -17.3
    endloop
  endfacet
  facet normal -0.0436325 0.999048 0
    outer loop
      vertex 0 2.9 -17.3
      vertex 0.270183 2.9118 -19.5
      vertex 0 2.9 -19.5
    endloop
  endfacet
  facet normal 0.887016 0.461738 0
    outer loop
      vertex -2.68468 4.45 -17.3
      vertex -2.80955 4.68988 -19.5
      vertex -2.80955 4.68988 -17.3
    endloop
  endfacet
  facet normal 0.887016 0.461738 0
    outer loop
      vertex -2.80955 4.68988 -19.5
      vertex -2.68468 4.45 -17.3
      vertex -2.68468 4.45 -19.5
    endloop
  endfacet
  facet normal -0.130528 0.991445 0
    outer loop
      vertex 0.538309 2.9471 -19.5
      vertex 0.270183 2.9118 -17.3
      vertex 0.538309 2.9471 -17.3
    endloop
  endfacet
  facet normal -0.130528 0.991445 0
    outer loop
      vertex 0.270183 2.9118 -17.3
      vertex 0.538309 2.9471 -19.5
      vertex 0.270183 2.9118 -19.5
    endloop
  endfacet
  facet normal 0.130528 0.991445 -0
    outer loop
      vertex -0.270183 2.9118 -19.5
      vertex -0.538309 2.9471 -17.3
      vertex -0.270183 2.9118 -17.3
    endloop
  endfacet
  facet normal 0.130528 0.991445 0
    outer loop
      vertex -0.538309 2.9471 -17.3
      vertex -0.270183 2.9118 -19.5
      vertex -0.538309 2.9471 -19.5
    endloop
  endfacet
  facet normal 0.976299 0.216425 0
    outer loop
      vertex -2.99437 5.19766 -17.3
      vertex -3.0529 5.46169 -19.5
      vertex -3.0529 5.46169 -17.3
    endloop
  endfacet
  facet normal 0.976299 0.216425 0
    outer loop
      vertex -3.0529 5.46169 -19.5
      vertex -2.99437 5.19766 -17.3
      vertex -2.99437 5.19766 -19.5
    endloop
  endfacet
  facet normal 0.976299 -0.216425 0
    outer loop
      vertex -3.0529 6.53831 -17.3
      vertex -2.99437 6.80234 -19.5
      vertex -2.99437 6.80234 -17.3
    endloop
  endfacet
  facet normal 0.976299 -0.216425 0
    outer loop
      vertex -2.99437 6.80234 -19.5
      vertex -3.0529 6.53831 -17.3
      vertex -3.0529 6.53831 -19.5
    endloop
  endfacet
  facet normal -0.887016 -0.461738 0
    outer loop
      vertex 2.80955 7.31012 -19.5
      vertex 2.68468 7.55 -17.3
      vertex 2.68468 7.55 -19.5
    endloop
  endfacet
  facet normal -0.887016 -0.461738 0
    outer loop
      vertex 2.68468 7.55 -17.3
      vertex 2.80955 7.31012 -19.5
      vertex 2.80955 7.31012 -17.3
    endloop
  endfacet
  facet normal -0.923874 -0.382698 0
    outer loop
      vertex 2.91305 7.06026 -19.5
      vertex 2.80955 7.31012 -17.3
      vertex 2.80955 7.31012 -19.5
    endloop
  endfacet
  facet normal -0.923874 -0.382698 0
    outer loop
      vertex 2.80955 7.31012 -17.3
      vertex 2.91305 7.06026 -19.5
      vertex 2.91305 7.06026 -17.3
    endloop
  endfacet
  facet normal -0.382698 0.923874 0
    outer loop
      vertex 1.31012 3.19045 -19.5
      vertex 1.06026 3.08695 -17.3
      vertex 1.31012 3.19045 -17.3
    endloop
  endfacet
  facet normal -0.382698 0.923874 0
    outer loop
      vertex 1.06026 3.08695 -17.3
      vertex 1.31012 3.19045 -19.5
      vertex 1.06026 3.08695 -19.5
    endloop
  endfacet
  facet normal -0.793353 -0.608761 0
    outer loop
      vertex 2.53937 7.77809 -19.5
      vertex 2.37474 7.99264 -17.3
      vertex 2.37474 7.99264 -19.5
    endloop
  endfacet
  facet normal -0.793353 -0.608761 0
    outer loop
      vertex 2.37474 7.99264 -17.3
      vertex 2.53937 7.77809 -19.5
      vertex 2.53937 7.77809 -17.3
    endloop
  endfacet
  facet normal -0.382698 -0.923874 0
    outer loop
      vertex 1.06026 8.91305 -19.5
      vertex 1.31012 8.80955 -17.3
      vertex 1.06026 8.91305 -17.3
    endloop
  endfacet
  facet normal -0.382698 -0.923874 -0
    outer loop
      vertex 1.31012 8.80955 -17.3
      vertex 1.06026 8.91305 -19.5
      vertex 1.31012 8.80955 -19.5
    endloop
  endfacet
  facet normal 0.999048 0.043633 0
    outer loop
      vertex -3.0882 5.72982 -17.3
      vertex -3.1 6 -19.5
      vertex -3.1 6 -17.3
    endloop
  endfacet
  facet normal 0.999048 0.043633 0
    outer loop
      vertex -3.1 6 -19.5
      vertex -3.0882 5.72982 -17.3
      vertex -3.0882 5.72982 -19.5
    endloop
  endfacet
  facet normal -0.608761 -0.793353 0
    outer loop
      vertex 1.77809 8.53937 -19.5
      vertex 1.99264 8.37474 -17.3
      vertex 1.77809 8.53937 -17.3
    endloop
  endfacet
  facet normal -0.608761 -0.793353 -0
    outer loop
      vertex 1.99264 8.37474 -17.3
      vertex 1.77809 8.53937 -19.5
      vertex 1.99264 8.37474 -19.5
    endloop
  endfacet
  facet normal -0.461738 -0.887016 0
    outer loop
      vertex 1.31012 8.80955 -19.5
      vertex 1.55 8.68468 -17.3
      vertex 1.31012 8.80955 -17.3
    endloop
  endfacet
  facet normal -0.461738 -0.887016 -0
    outer loop
      vertex 1.55 8.68468 -17.3
      vertex 1.31012 8.80955 -19.5
      vertex 1.55 8.68468 -19.5
    endloop
  endfacet
  facet normal -0.953719 -0.3007 0
    outer loop
      vertex 2.99437 6.80234 -19.5
      vertex 2.91305 7.06026 -17.3
      vertex 2.91305 7.06026 -19.5
    endloop
  endfacet
  facet normal -0.953719 -0.3007 0
    outer loop
      vertex 2.91305 7.06026 -17.3
      vertex 2.99437 6.80234 -19.5
      vertex 2.99437 6.80234 -17.3
    endloop
  endfacet
  facet normal 0.991445 0.130526 0
    outer loop
      vertex -3.0529 5.46169 -17.3
      vertex -3.0882 5.72982 -19.5
      vertex -3.0882 5.72982 -17.3
    endloop
  endfacet
  facet normal 0.991445 0.130526 0
    outer loop
      vertex -3.0882 5.72982 -19.5
      vertex -3.0529 5.46169 -17.3
      vertex -3.0529 5.46169 -19.5
    endloop
  endfacet
  facet normal -0.923874 0.382698 0
    outer loop
      vertex 2.80955 4.68988 -19.5
      vertex 2.91305 4.93974 -17.3
      vertex 2.91305 4.93974 -19.5
    endloop
  endfacet
  facet normal -0.923874 0.382698 0
    outer loop
      vertex 2.91305 4.93974 -17.3
      vertex 2.80955 4.68988 -19.5
      vertex 2.80955 4.68988 -17.3
    endloop
  endfacet
  facet normal -0.608761 0.793353 0
    outer loop
      vertex 1.99264 3.62526 -19.5
      vertex 1.77809 3.46063 -17.3
      vertex 1.99264 3.62526 -17.3
    endloop
  endfacet
  facet normal -0.608761 0.793353 0
    outer loop
      vertex 1.77809 3.46063 -17.3
      vertex 1.99264 3.62526 -19.5
      vertex 1.77809 3.46063 -19.5
    endloop
  endfacet
  facet normal 0.991445 -0.130526 0
    outer loop
      vertex -3.0882 6.27018 -17.3
      vertex -3.0529 6.53831 -19.5
      vertex -3.0529 6.53831 -17.3
    endloop
  endfacet
  facet normal 0.991445 -0.130526 0
    outer loop
      vertex -3.0529 6.53831 -19.5
      vertex -3.0882 6.27018 -17.3
      vertex -3.0882 6.27018 -19.5
    endloop
  endfacet
  facet normal 0.130528 -0.991445 0
    outer loop
      vertex -0.538309 9.0529 -19.5
      vertex -0.270183 9.0882 -17.3
      vertex -0.538309 9.0529 -17.3
    endloop
  endfacet
  facet normal 0.130528 -0.991445 0
    outer loop
      vertex -0.270183 9.0882 -17.3
      vertex -0.538309 9.0529 -19.5
      vertex -0.270183 9.0882 -19.5
    endloop
  endfacet
  facet normal 0.0436325 -0.999048 0
    outer loop
      vertex -0.270183 9.0882 -19.5
      vertex 0 9.1 -17.3
      vertex -0.270183 9.0882 -17.3
    endloop
  endfacet
  facet normal 0.0436325 -0.999048 0
    outer loop
      vertex 0 9.1 -17.3
      vertex -0.270183 9.0882 -19.5
      vertex 0 9.1 -19.5
    endloop
  endfacet
  facet normal 0.382698 -0.923874 0
    outer loop
      vertex -1.31012 8.80955 -19.5
      vertex -1.06026 8.91305 -17.3
      vertex -1.31012 8.80955 -17.3
    endloop
  endfacet
  facet normal 0.382698 -0.923874 0
    outer loop
      vertex -1.06026 8.91305 -17.3
      vertex -1.31012 8.80955 -19.5
      vertex -1.06026 8.91305 -19.5
    endloop
  endfacet
  facet normal 0.887016 -0.461738 0
    outer loop
      vertex -2.80955 7.31012 -17.3
      vertex -2.68468 7.55 -19.5
      vertex -2.68468 7.55 -17.3
    endloop
  endfacet
  facet normal 0.887016 -0.461738 0
    outer loop
      vertex -2.68468 7.55 -19.5
      vertex -2.80955 7.31012 -17.3
      vertex -2.80955 7.31012 -19.5
    endloop
  endfacet
  facet normal 0.675596 0.737272 -0
    outer loop
      vertex -1.99264 3.62526 -19.5
      vertex -2.19203 3.80797 -17.3
      vertex -1.99264 3.62526 -17.3
    endloop
  endfacet
  facet normal 0.675596 0.737272 0
    outer loop
      vertex -2.19203 3.80797 -17.3
      vertex -1.99264 3.62526 -19.5
      vertex -2.19203 3.80797 -19.5
    endloop
  endfacet
  facet normal 0.300698 0.953719 -0
    outer loop
      vertex -0.802339 3.00563 -19.5
      vertex -1.06026 3.08695 -17.3
      vertex -0.802339 3.00563 -17.3
    endloop
  endfacet
  facet normal 0.300698 0.953719 0
    outer loop
      vertex -1.06026 3.08695 -17.3
      vertex -0.802339 3.00563 -19.5
      vertex -1.06026 3.08695 -19.5
    endloop
  endfacet
  facet normal -0.675596 0.737272 0
    outer loop
      vertex 2.19203 3.80797 -19.5
      vertex 1.99264 3.62526 -17.3
      vertex 2.19203 3.80797 -17.3
    endloop
  endfacet
  facet normal -0.675596 0.737272 0
    outer loop
      vertex 1.99264 3.62526 -17.3
      vertex 2.19203 3.80797 -19.5
      vertex 1.99264 3.62526 -19.5
    endloop
  endfacet
  facet normal -0.461738 0.887016 0
    outer loop
      vertex 1.55 3.31532 -19.5
      vertex 1.31012 3.19045 -17.3
      vertex 1.55 3.31532 -17.3
    endloop
  endfacet
  facet normal -0.461738 0.887016 0
    outer loop
      vertex 1.31012 3.19045 -17.3
      vertex 1.55 3.31532 -19.5
      vertex 1.31012 3.19045 -19.5
    endloop
  endfacet
  facet normal 0.84339 0.537301 0
    outer loop
      vertex -2.53937 4.22191 -17.3
      vertex -2.68468 4.45 -19.5
      vertex -2.68468 4.45 -17.3
    endloop
  endfacet
  facet normal 0.84339 0.537301 0
    outer loop
      vertex -2.68468 4.45 -19.5
      vertex -2.53937 4.22191 -17.3
      vertex -2.53937 4.22191 -19.5
    endloop
  endfacet
  facet normal 0.0436325 0.999048 -0
    outer loop
      vertex 0 2.9 -19.5
      vertex -0.270183 2.9118 -17.3
      vertex 0 2.9 -17.3
    endloop
  endfacet
  facet normal 0.0436325 0.999048 0
    outer loop
      vertex -0.270183 2.9118 -17.3
      vertex 0 2.9 -19.5
      vertex -0.270183 2.9118 -19.5
    endloop
  endfacet
  facet normal 0.737272 -0.675596 0
    outer loop
      vertex -2.37474 7.99264 -17.3
      vertex -2.19203 8.19203 -19.5
      vertex -2.19203 8.19203 -17.3
    endloop
  endfacet
  facet normal 0.737272 -0.675596 0
    outer loop
      vertex -2.19203 8.19203 -19.5
      vertex -2.37474 7.99264 -17.3
      vertex -2.37474 7.99264 -19.5
    endloop
  endfacet
  facet normal -0.737272 0.675596 0
    outer loop
      vertex 2.19203 3.80797 -19.5
      vertex 2.37474 4.00736 -17.3
      vertex 2.37474 4.00736 -19.5
    endloop
  endfacet
  facet normal -0.737272 0.675596 0
    outer loop
      vertex 2.37474 4.00736 -17.3
      vertex 2.19203 3.80797 -19.5
      vertex 2.19203 3.80797 -17.3
    endloop
  endfacet
  facet normal -0.793353 0.608761 0
    outer loop
      vertex 2.37474 4.00736 -19.5
      vertex 2.53937 4.22191 -17.3
      vertex 2.53937 4.22191 -19.5
    endloop
  endfacet
  facet normal -0.793353 0.608761 0
    outer loop
      vertex 2.53937 4.22191 -17.3
      vertex 2.37474 4.00736 -19.5
      vertex 2.37474 4.00736 -17.3
    endloop
  endfacet
  facet normal -0.84339 -0.537301 0
    outer loop
      vertex 2.68468 7.55 -19.5
      vertex 2.53937 7.77809 -17.3
      vertex 2.53937 7.77809 -19.5
    endloop
  endfacet
  facet normal -0.84339 -0.537301 0
    outer loop
      vertex 2.53937 7.77809 -17.3
      vertex 2.68468 7.55 -19.5
      vertex 2.68468 7.55 -17.3
    endloop
  endfacet
  facet normal 0.84339 -0.537301 0
    outer loop
      vertex -2.68468 7.55 -17.3
      vertex -2.53937 7.77809 -19.5
      vertex -2.53937 7.77809 -17.3
    endloop
  endfacet
  facet normal 0.84339 -0.537301 0
    outer loop
      vertex -2.53937 7.77809 -19.5
      vertex -2.68468 7.55 -17.3
      vertex -2.68468 7.55 -19.5
    endloop
  endfacet
  facet normal 0.923874 0.382698 0
    outer loop
      vertex -2.80955 4.68988 -17.3
      vertex -2.91305 4.93974 -19.5
      vertex -2.91305 4.93974 -17.3
    endloop
  endfacet
  facet normal 0.923874 0.382698 0
    outer loop
      vertex -2.91305 4.93974 -19.5
      vertex -2.80955 4.68988 -17.3
      vertex -2.80955 4.68988 -19.5
    endloop
  endfacet
  facet normal 0.953719 -0.3007 0
    outer loop
      vertex -2.99437 6.80234 -17.3
      vertex -2.91305 7.06026 -19.5
      vertex -2.91305 7.06026 -17.3
    endloop
  endfacet
  facet normal 0.953719 -0.3007 0
    outer loop
      vertex -2.91305 7.06026 -19.5
      vertex -2.99437 6.80234 -17.3
      vertex -2.99437 6.80234 -19.5
    endloop
  endfacet
  facet normal 0.537301 -0.84339 0
    outer loop
      vertex -1.77809 8.53937 -19.5
      vertex -1.55 8.68468 -17.3
      vertex -1.77809 8.53937 -17.3
    endloop
  endfacet
  facet normal 0.537301 -0.84339 0
    outer loop
      vertex -1.55 8.68468 -17.3
      vertex -1.77809 8.53937 -19.5
      vertex -1.55 8.68468 -19.5
    endloop
  endfacet
  facet normal -0.0436325 -0.999048 0
    outer loop
      vertex 0 9.1 -19.5
      vertex 0.270183 9.0882 -17.3
      vertex 0 9.1 -17.3
    endloop
  endfacet
  facet normal -0.0436325 -0.999048 -0
    outer loop
      vertex 0.270183 9.0882 -17.3
      vertex 0 9.1 -19.5
      vertex 0.270183 9.0882 -19.5
    endloop
  endfacet
  facet normal 0.537301 0.84339 -0
    outer loop
      vertex -1.55 3.31532 -19.5
      vertex -1.77809 3.46063 -17.3
      vertex -1.55 3.31532 -17.3
    endloop
  endfacet
  facet normal 0.537301 0.84339 0
    outer loop
      vertex -1.77809 3.46063 -17.3
      vertex -1.55 3.31532 -19.5
      vertex -1.77809 3.46063 -19.5
    endloop
  endfacet
  facet normal 0.461738 0.887016 -0
    outer loop
      vertex -1.31012 3.19045 -19.5
      vertex -1.55 3.31532 -17.3
      vertex -1.31012 3.19045 -17.3
    endloop
  endfacet
  facet normal 0.461738 0.887016 0
    outer loop
      vertex -1.55 3.31532 -17.3
      vertex -1.31012 3.19045 -19.5
      vertex -1.55 3.31532 -19.5
    endloop
  endfacet
  facet normal 0 0 -1
    outer loop
      vertex 1.7 6 -17.3
      vertex 3.1 6 -17.3
      vertex 3.0882 5.72982 -17.3
    endloop
  endfacet
  facet normal 0 0 -1
    outer loop
      vertex 1.69353 5.85184 -17.3
      vertex 3.0882 5.72982 -17.3
      vertex 3.0529 5.46169 -17.3
    endloop
  endfacet
  facet normal 0 0 -1
    outer loop
      vertex 3.1 6 -17.3
      vertex 1.7 6 -17.3
      vertex 3.0882 6.27018 -17.3
    endloop
  endfacet
  facet normal 0 0 -1
    outer loop
      vertex 1.67417 5.7048 -17.3
      vertex 3.0529 5.46169 -17.3
      vertex 2.99437 5.19766 -17.3
    endloop
  endfacet
  facet normal 0 0 -1
    outer loop
      vertex 1.69353 6.14816 -17.3
      vertex 3.0882 6.27018 -17.3
      vertex 1.7 6 -17.3
    endloop
  endfacet
  facet normal 0 0 -1
    outer loop
      vertex 1.64207 5.56001 -17.3
      vertex 2.99437 5.19766 -17.3
      vertex 2.91305 4.93974 -17.3
    endloop
  endfacet
  facet normal -0 0 -1
    outer loop
      vertex 3.0882 6.27018 -17.3
      vertex 1.69353 6.14816 -17.3
      vertex 3.0529 6.53831 -17.3
    endloop
  endfacet
  facet normal 0 0 -1
    outer loop
      vertex 1.59748 5.41857 -17.3
      vertex 2.91305 4.93974 -17.3
      vertex 2.80955 4.68988 -17.3
    endloop
  endfacet
  facet normal 0 0 -1
    outer loop
      vertex 1.67417 6.2952 -17.3
      vertex 3.0529 6.53831 -17.3
      vertex 1.69353 6.14816 -17.3
    endloop
  endfacet
  facet normal 0 0 -1
    outer loop
      vertex 1.54072 5.28155 -17.3
      vertex 2.80955 4.68988 -17.3
      vertex 2.68468 4.45 -17.3
    endloop
  endfacet
  facet normal -0 0 -1
    outer loop
      vertex 3.0529 6.53831 -17.3
      vertex 1.67417 6.2952 -17.3
      vertex 2.99437 6.80234 -17.3
    endloop
  endfacet
  facet normal 0 0 -1
    outer loop
      vertex 1.47224 5.15 -17.3
      vertex 2.68468 4.45 -17.3
      vertex 2.53937 4.22191 -17.3
    endloop
  endfacet
  facet normal 0 0 -1
    outer loop
      vertex 1.64207 6.43999 -17.3
      vertex 2.99437 6.80234 -17.3
      vertex 1.67417 6.2952 -17.3
    endloop
  endfacet
  facet normal 0 0 -1
    outer loop
      vertex 1.39256 5.02492 -17.3
      vertex 2.53937 4.22191 -17.3
      vertex 2.37474 4.00736 -17.3
    endloop
  endfacet
  facet normal -0 0 -1
    outer loop
      vertex 2.99437 6.80234 -17.3
      vertex 1.64207 6.43999 -17.3
      vertex 2.91305 7.06026 -17.3
    endloop
  endfacet
  facet normal 0 0 -1
    outer loop
      vertex 1.30227 4.90726 -17.3
      vertex 2.37474 4.00736 -17.3
      vertex 2.19203 3.80797 -17.3
    endloop
  endfacet
  facet normal 0 0 -1
    outer loop
      vertex 1.59748 6.58143 -17.3
      vertex 2.91305 7.06026 -17.3
      vertex 1.64207 6.43999 -17.3
    endloop
  endfacet
  facet normal 0 0 -1
    outer loop
      vertex 1.20208 4.79792 -17.3
      vertex 2.19203 3.80797 -17.3
      vertex 1.99264 3.62526 -17.3
    endloop
  endfacet
  facet normal -0 0 -1
    outer loop
      vertex 2.91305 7.06026 -17.3
      vertex 1.59748 6.58143 -17.3
      vertex 2.80955 7.31012 -17.3
    endloop
  endfacet
  facet normal 0 0 -1
    outer loop
      vertex 1.09274 4.69773 -17.3
      vertex 1.99264 3.62526 -17.3
      vertex 1.77809 3.46063 -17.3
    endloop
  endfacet
  facet normal 0 0 -1
    outer loop
      vertex 1.54072 6.71845 -17.3
      vertex 2.80955 7.31012 -17.3
      vertex 1.59748 6.58143 -17.3
    endloop
  endfacet
  facet normal -0 0 -1
    outer loop
      vertex 2.80955 7.31012 -17.3
      vertex 1.54072 6.71845 -17.3
      vertex 2.68468 7.55 -17.3
    endloop
  endfacet
  facet normal 0 0 -1
    outer loop
      vertex 3.0882 5.72982 -17.3
      vertex 1.69353 5.85184 -17.3
      vertex 1.7 6 -17.3
    endloop
  endfacet
  facet normal 0 0 -1
    outer loop
      vertex 3.0529 5.46169 -17.3
      vertex 1.67417 5.7048 -17.3
      vertex 1.69353 5.85184 -17.3
    endloop
  endfacet
  facet normal 0 0 -1
    outer loop
      vertex 2.99437 5.19766 -17.3
      vertex 1.64207 5.56001 -17.3
      vertex 1.67417 5.7048 -17.3
    endloop
  endfacet
  facet normal 0 0 -1
    outer loop
      vertex 2.91305 4.93974 -17.3
      vertex 1.59748 5.41857 -17.3
      vertex 1.64207 5.56001 -17.3
    endloop
  endfacet
  facet normal 0 0 -1
    outer loop
      vertex 0.97508 4.60744 -17.3
      vertex 1.77809 3.46063 -17.3
      vertex 1.55 3.31532 -17.3
    endloop
  endfacet
  facet normal 0 0 -1
    outer loop
      vertex 2.80955 4.68988 -17.3
      vertex 1.54072 5.28155 -17.3
      vertex 1.59748 5.41857 -17.3
    endloop
  endfacet
  facet normal 0 0 -1
    outer loop
      vertex 2.68468 4.45 -17.3
      vertex 1.47224 5.15 -17.3
      vertex 1.54072 5.28155 -17.3
    endloop
  endfacet
  facet normal 0 0 -1
    outer loop
      vertex 2.53937 4.22191 -17.3
      vertex 1.39256 5.02492 -17.3
      vertex 1.47224 5.15 -17.3
    endloop
  endfacet
  facet normal 0 0 -1
    outer loop
      vertex 0.849999 4.52776 -17.3
      vertex 1.55 3.31532 -17.3
      vertex 1.31012 3.19045 -17.3
    endloop
  endfacet
  facet normal 0 0 -1
    outer loop
      vertex 2.37474 4.00736 -17.3
      vertex 1.30227 4.90726 -17.3
      vertex 1.39256 5.02492 -17.3
    endloop
  endfacet
  facet normal 0 0 -1
    outer loop
      vertex 2.19203 3.80797 -17.3
      vertex 1.20208 4.79792 -17.3
      vertex 1.30227 4.90726 -17.3
    endloop
  endfacet
  facet normal 0 0 -1
    outer loop
      vertex 1.99264 3.62526 -17.3
      vertex 1.09274 4.69773 -17.3
      vertex 1.20208 4.79792 -17.3
    endloop
  endfacet
  facet normal 0 0 -1
    outer loop
      vertex 0.718451 4.45928 -17.3
      vertex 1.31012 3.19045 -17.3
      vertex 1.06026 3.08695 -17.3
    endloop
  endfacet
  facet normal 0 0 -1
    outer loop
      vertex 1.77809 3.46063 -17.3
      vertex 0.97508 4.60744 -17.3
      vertex 1.09274 4.69773 -17.3
    endloop
  endfacet
  facet normal 0 0 -1
    outer loop
      vertex 1.55 3.31532 -17.3
      vertex 0.849999 4.52776 -17.3
      vertex 0.97508 4.60744 -17.3
    endloop
  endfacet
  facet normal 0 0 -1
    outer loop
      vertex 0.581433 4.40252 -17.3
      vertex 1.06026 3.08695 -17.3
      vertex 0.802339 3.00563 -17.3
    endloop
  endfacet
  facet normal 0 0 -1
    outer loop
      vertex 1.31012 3.19045 -17.3
      vertex 0.718451 4.45928 -17.3
      vertex 0.849999 4.52776 -17.3
    endloop
  endfacet
  facet normal 0 0 -1
    outer loop
      vertex 1.06026 3.08695 -17.3
      vertex 0.581433 4.40252 -17.3
      vertex 0.718451 4.45928 -17.3
    endloop
  endfacet
  facet normal 0 0 -1
    outer loop
      vertex 0.439992 4.35793 -17.3
      vertex 0.802339 3.00563 -17.3
      vertex 0.538309 2.9471 -17.3
    endloop
  endfacet
  facet normal 0 0 -1
    outer loop
      vertex 0.802339 3.00563 -17.3
      vertex 0.439992 4.35793 -17.3
      vertex 0.581433 4.40252 -17.3
    endloop
  endfacet
  facet normal 0 0 -1
    outer loop
      vertex 0.538309 2.9471 -17.3
      vertex 0.295201 4.32583 -17.3
      vertex 0.439992 4.35793 -17.3
    endloop
  endfacet
  facet normal 0 0 -1
    outer loop
      vertex 0.270183 2.9118 -17.3
      vertex 0.295201 4.32583 -17.3
      vertex 0.538309 2.9471 -17.3
    endloop
  endfacet
  facet normal 0 0 -1
    outer loop
      vertex 0.270183 2.9118 -17.3
      vertex 0.148165 4.30647 -17.3
      vertex 0.295201 4.32583 -17.3
    endloop
  endfacet
  facet normal 0 0 -1
    outer loop
      vertex 0 2.9 -17.3
      vertex 0.148165 4.30647 -17.3
      vertex 0.270183 2.9118 -17.3
    endloop
  endfacet
  facet normal 0 0 -1
    outer loop
      vertex 0 2.9 -17.3
      vertex 0 4.3 -17.3
      vertex 0.148165 4.30647 -17.3
    endloop
  endfacet
  facet normal 0 0 -1
    outer loop
      vertex 0 2.9 -17.3
      vertex -0.148165 4.30647 -17.3
      vertex 0 4.3 -17.3
    endloop
  endfacet
  facet normal 0 0 -1
    outer loop
      vertex -0.270183 2.9118 -17.3
      vertex -0.148165 4.30647 -17.3
      vertex 0 2.9 -17.3
    endloop
  endfacet
  facet normal 0 0 -1
    outer loop
      vertex -0.270183 2.9118 -17.3
      vertex -0.295201 4.32583 -17.3
      vertex -0.148165 4.30647 -17.3
    endloop
  endfacet
  facet normal 0 0 -1
    outer loop
      vertex -0.538309 2.9471 -17.3
      vertex -0.295201 4.32583 -17.3
      vertex -0.270183 2.9118 -17.3
    endloop
  endfacet
  facet normal -0 0 -1
    outer loop
      vertex -0.295201 4.32583 -17.3
      vertex -0.538309 2.9471 -17.3
      vertex -0.439992 4.35793 -17.3
    endloop
  endfacet
  facet normal 0 0 -1
    outer loop
      vertex -0.802339 3.00563 -17.3
      vertex -0.439992 4.35793 -17.3
      vertex -0.538309 2.9471 -17.3
    endloop
  endfacet
  facet normal -0 0 -1
    outer loop
      vertex -0.439992 4.35793 -17.3
      vertex -0.802339 3.00563 -17.3
      vertex -0.581433 4.40252 -17.3
    endloop
  endfacet
  facet normal 0 0 -1
    outer loop
      vertex -1.06026 3.08695 -17.3
      vertex -0.581433 4.40252 -17.3
      vertex -0.802339 3.00563 -17.3
    endloop
  endfacet
  facet normal -0 0 -1
    outer loop
      vertex -0.581433 4.40252 -17.3
      vertex -1.06026 3.08695 -17.3
      vertex -0.718451 4.45928 -17.3
    endloop
  endfacet
  facet normal 0 0 -1
    outer loop
      vertex -1.31012 3.19045 -17.3
      vertex -0.718451 4.45928 -17.3
      vertex -1.06026 3.08695 -17.3
    endloop
  endfacet
  facet normal -0 0 -1
    outer loop
      vertex -0.718451 4.45928 -17.3
      vertex -1.31012 3.19045 -17.3
      vertex -0.849999 4.52776 -17.3
    endloop
  endfacet
  facet normal 0 0 -1
    outer loop
      vertex -1.55 3.31532 -17.3
      vertex -0.849999 4.52776 -17.3
      vertex -1.31012 3.19045 -17.3
    endloop
  endfacet
  facet normal -0 0 -1
    outer loop
      vertex -0.849999 4.52776 -17.3
      vertex -1.55 3.31532 -17.3
      vertex -0.97508 4.60744 -17.3
    endloop
  endfacet
  facet normal 0 0 -1
    outer loop
      vertex -1.77809 3.46063 -17.3
      vertex -0.97508 4.60744 -17.3
      vertex -1.55 3.31532 -17.3
    endloop
  endfacet
  facet normal -0 0 -1
    outer loop
      vertex -0.97508 4.60744 -17.3
      vertex -1.77809 3.46063 -17.3
      vertex -1.09274 4.69773 -17.3
    endloop
  endfacet
  facet normal 0 0 -1
    outer loop
      vertex -1.99264 3.62526 -17.3
      vertex -1.09274 4.69773 -17.3
      vertex -1.77809 3.46063 -17.3
    endloop
  endfacet
  facet normal -0 0 -1
    outer loop
      vertex -1.09274 4.69773 -17.3
      vertex -1.99264 3.62526 -17.3
      vertex -1.20208 4.79792 -17.3
    endloop
  endfacet
  facet normal 0 0 -1
    outer loop
      vertex -2.19203 3.80797 -17.3
      vertex -1.20208 4.79792 -17.3
      vertex -1.99264 3.62526 -17.3
    endloop
  endfacet
  facet normal -0 0 -1
    outer loop
      vertex -1.20208 4.79792 -17.3
      vertex -2.19203 3.80797 -17.3
      vertex -1.30227 4.90726 -17.3
    endloop
  endfacet
  facet normal 0 0 -1
    outer loop
      vertex -2.37474 4.00736 -17.3
      vertex -1.30227 4.90726 -17.3
      vertex -2.19203 3.80797 -17.3
    endloop
  endfacet
  facet normal -0 0 -1
    outer loop
      vertex -1.30227 4.90726 -17.3
      vertex -2.37474 4.00736 -17.3
      vertex -1.39256 5.02492 -17.3
    endloop
  endfacet
  facet normal 0 0 -1
    outer loop
      vertex -2.53937 4.22191 -17.3
      vertex -1.39256 5.02492 -17.3
      vertex -2.37474 4.00736 -17.3
    endloop
  endfacet
  facet normal -0 0 -1
    outer loop
      vertex -1.39256 5.02492 -17.3
      vertex -2.53937 4.22191 -17.3
      vertex -1.47224 5.15 -17.3
    endloop
  endfacet
  facet normal -0 0 -1
    outer loop
      vertex -1.47224 5.15 -17.3
      vertex -2.68468 4.45 -17.3
      vertex -1.54072 5.28155 -17.3
    endloop
  endfacet
  facet normal 0 0 -1
    outer loop
      vertex -2.68468 4.45 -17.3
      vertex -1.47224 5.15 -17.3
      vertex -2.53937 4.22191 -17.3
    endloop
  endfacet
  facet normal 0 0 -1
    outer loop
      vertex 1.47224 6.85 -17.3
      vertex 2.68468 7.55 -17.3
      vertex 1.54072 6.71845 -17.3
    endloop
  endfacet
  facet normal -0 0 -1
    outer loop
      vertex 2.68468 7.55 -17.3
      vertex 1.47224 6.85 -17.3
      vertex 2.53937 7.77809 -17.3
    endloop
  endfacet
  facet normal 0 0 -1
    outer loop
      vertex 1.39256 6.97508 -17.3
      vertex 2.53937 7.77809 -17.3
      vertex 1.47224 6.85 -17.3
    endloop
  endfacet
  facet normal -0 0 -1
    outer loop
      vertex 2.53937 7.77809 -17.3
      vertex 1.39256 6.97508 -17.3
      vertex 2.37474 7.99264 -17.3
    endloop
  endfacet
  facet normal 0 0 -1
    outer loop
      vertex 1.30227 7.09274 -17.3
      vertex 2.37474 7.99264 -17.3
      vertex 1.39256 6.97508 -17.3
    endloop
  endfacet
  facet normal -0 0 -1
    outer loop
      vertex 2.37474 7.99264 -17.3
      vertex 1.30227 7.09274 -17.3
      vertex 2.19203 8.19203 -17.3
    endloop
  endfacet
  facet normal 0 0 -1
    outer loop
      vertex 1.20208 7.20208 -17.3
      vertex 2.19203 8.19203 -17.3
      vertex 1.30227 7.09274 -17.3
    endloop
  endfacet
  facet normal -0 0 -1
    outer loop
      vertex 2.19203 8.19203 -17.3
      vertex 1.20208 7.20208 -17.3
      vertex 1.99264 8.37474 -17.3
    endloop
  endfacet
  facet normal 0 0 -1
    outer loop
      vertex 1.09274 7.30227 -17.3
      vertex 1.99264 8.37474 -17.3
      vertex 1.20208 7.20208 -17.3
    endloop
  endfacet
  facet normal -0 0 -1
    outer loop
      vertex 1.99264 8.37474 -17.3
      vertex 1.09274 7.30227 -17.3
      vertex 1.77809 8.53937 -17.3
    endloop
  endfacet
  facet normal 0 0 -1
    outer loop
      vertex 0.97508 7.39256 -17.3
      vertex 1.77809 8.53937 -17.3
      vertex 1.09274 7.30227 -17.3
    endloop
  endfacet
  facet normal -0 0 -1
    outer loop
      vertex 1.77809 8.53937 -17.3
      vertex 0.97508 7.39256 -17.3
      vertex 1.55 8.68468 -17.3
    endloop
  endfacet
  facet normal 0 0 -1
    outer loop
      vertex 0.849999 7.47224 -17.3
      vertex 1.55 8.68468 -17.3
      vertex 0.97508 7.39256 -17.3
    endloop
  endfacet
  facet normal -0 0 -1
    outer loop
      vertex 1.55 8.68468 -17.3
      vertex 0.849999 7.47224 -17.3
      vertex 1.31012 8.80955 -17.3
    endloop
  endfacet
  facet normal 0 0 -1
    outer loop
      vertex 0.718451 7.54072 -17.3
      vertex 1.31012 8.80955 -17.3
      vertex 0.849999 7.47224 -17.3
    endloop
  endfacet
  facet normal -0 0 -1
    outer loop
      vertex 1.31012 8.80955 -17.3
      vertex 0.718451 7.54072 -17.3
      vertex 1.06026 8.91305 -17.3
    endloop
  endfacet
  facet normal 0 0 -1
    outer loop
      vertex 0.581433 7.59748 -17.3
      vertex 1.06026 8.91305 -17.3
      vertex 0.718451 7.54072 -17.3
    endloop
  endfacet
  facet normal -0 0 -1
    outer loop
      vertex 1.06026 8.91305 -17.3
      vertex 0.581433 7.59748 -17.3
      vertex 0.802339 8.99437 -17.3
    endloop
  endfacet
  facet normal 0 0 -1
    outer loop
      vertex 0.439992 7.64207 -17.3
      vertex 0.802339 8.99437 -17.3
      vertex 0.581433 7.59748 -17.3
    endloop
  endfacet
  facet normal -0 0 -1
    outer loop
      vertex 0.802339 8.99437 -17.3
      vertex 0.439992 7.64207 -17.3
      vertex 0.538309 9.0529 -17.3
    endloop
  endfacet
  facet normal 0 0 -1
    outer loop
      vertex 0.295201 7.67417 -17.3
      vertex 0.538309 9.0529 -17.3
      vertex 0.439992 7.64207 -17.3
    endloop
  endfacet
  facet normal 0 0 -1
    outer loop
      vertex 0.295201 7.67417 -17.3
      vertex 0.270183 9.0882 -17.3
      vertex 0.538309 9.0529 -17.3
    endloop
  endfacet
  facet normal 0 0 -1
    outer loop
      vertex 0.148165 7.69353 -17.3
      vertex 0.270183 9.0882 -17.3
      vertex 0.295201 7.67417 -17.3
    endloop
  endfacet
  facet normal 0 0 -1
    outer loop
      vertex 0 7.7 -17.3
      vertex 0.270183 9.0882 -17.3
      vertex 0.148165 7.69353 -17.3
    endloop
  endfacet
  facet normal 0 0 -1
    outer loop
      vertex 0 7.7 -17.3
      vertex 0 9.1 -17.3
      vertex 0.270183 9.0882 -17.3
    endloop
  endfacet
  facet normal 0 0 -1
    outer loop
      vertex -0.148165 7.69353 -17.3
      vertex 0 9.1 -17.3
      vertex 0 7.7 -17.3
    endloop
  endfacet
  facet normal 0 0 -1
    outer loop
      vertex -0.148165 7.69353 -17.3
      vertex -0.270183 9.0882 -17.3
      vertex 0 9.1 -17.3
    endloop
  endfacet
  facet normal 0 0 -1
    outer loop
      vertex -0.295201 7.67417 -17.3
      vertex -0.270183 9.0882 -17.3
      vertex -0.148165 7.69353 -17.3
    endloop
  endfacet
  facet normal 0 0 -1
    outer loop
      vertex -0.538309 9.0529 -17.3
      vertex -0.295201 7.67417 -17.3
      vertex -0.439992 7.64207 -17.3
    endloop
  endfacet
  facet normal 0 0 -1
    outer loop
      vertex -0.295201 7.67417 -17.3
      vertex -0.538309 9.0529 -17.3
      vertex -0.270183 9.0882 -17.3
    endloop
  endfacet
  facet normal 0 0 -1
    outer loop
      vertex -0.802339 8.99437 -17.3
      vertex -0.439992 7.64207 -17.3
      vertex -0.581433 7.59748 -17.3
    endloop
  endfacet
  facet normal 0 0 -1
    outer loop
      vertex -1.06026 8.91305 -17.3
      vertex -0.581433 7.59748 -17.3
      vertex -0.718451 7.54072 -17.3
    endloop
  endfacet
  facet normal 0 0 -1
    outer loop
      vertex -0.439992 7.64207 -17.3
      vertex -0.802339 8.99437 -17.3
      vertex -0.538309 9.0529 -17.3
    endloop
  endfacet
  facet normal 0 0 -1
    outer loop
      vertex -1.31012 8.80955 -17.3
      vertex -0.718451 7.54072 -17.3
      vertex -0.849999 7.47224 -17.3
    endloop
  endfacet
  facet normal 0 0 -1
    outer loop
      vertex -1.55 8.68468 -17.3
      vertex -0.849999 7.47224 -17.3
      vertex -0.97508 7.39256 -17.3
    endloop
  endfacet
  facet normal 0 0 -1
    outer loop
      vertex -0.581433 7.59748 -17.3
      vertex -1.06026 8.91305 -17.3
      vertex -0.802339 8.99437 -17.3
    endloop
  endfacet
  facet normal 0 0 -1
    outer loop
      vertex -1.77809 8.53937 -17.3
      vertex -0.97508 7.39256 -17.3
      vertex -1.09274 7.30227 -17.3
    endloop
  endfacet
  facet normal 0 0 -1
    outer loop
      vertex -1.99264 8.37474 -17.3
      vertex -1.09274 7.30227 -17.3
      vertex -1.20208 7.20208 -17.3
    endloop
  endfacet
  facet normal 0 0 -1
    outer loop
      vertex -2.19203 8.19203 -17.3
      vertex -1.20208 7.20208 -17.3
      vertex -1.30227 7.09274 -17.3
    endloop
  endfacet
  facet normal 0 0 -1
    outer loop
      vertex -0.718451 7.54072 -17.3
      vertex -1.31012 8.80955 -17.3
      vertex -1.06026 8.91305 -17.3
    endloop
  endfacet
  facet normal 0 0 -1
    outer loop
      vertex -2.37474 7.99264 -17.3
      vertex -1.30227 7.09274 -17.3
      vertex -1.39256 6.97508 -17.3
    endloop
  endfacet
  facet normal 0 0 -1
    outer loop
      vertex -2.53937 7.77809 -17.3
      vertex -1.39256 6.97508 -17.3
      vertex -1.47224 6.85 -17.3
    endloop
  endfacet
  facet normal 0 0 -1
    outer loop
      vertex -2.68468 7.55 -17.3
      vertex -1.47224 6.85 -17.3
      vertex -1.54072 6.71845 -17.3
    endloop
  endfacet
  facet normal 0 0 -1
    outer loop
      vertex -0.849999 7.47224 -17.3
      vertex -1.55 8.68468 -17.3
      vertex -1.31012 8.80955 -17.3
    endloop
  endfacet
  facet normal 0 0 -1
    outer loop
      vertex -2.80955 7.31012 -17.3
      vertex -1.54072 6.71845 -17.3
      vertex -1.59748 6.58143 -17.3
    endloop
  endfacet
  facet normal 0 0 -1
    outer loop
      vertex -2.91305 7.06026 -17.3
      vertex -1.59748 6.58143 -17.3
      vertex -1.64207 6.43999 -17.3
    endloop
  endfacet
  facet normal 0 0 -1
    outer loop
      vertex -2.99437 6.80234 -17.3
      vertex -1.64207 6.43999 -17.3
      vertex -1.67417 6.2952 -17.3
    endloop
  endfacet
  facet normal 0 0 -1
    outer loop
      vertex -3.0529 6.53831 -17.3
      vertex -1.67417 6.2952 -17.3
      vertex -1.69353 6.14816 -17.3
    endloop
  endfacet
  facet normal 0 0 -1
    outer loop
      vertex -0.97508 7.39256 -17.3
      vertex -1.77809 8.53937 -17.3
      vertex -1.55 8.68468 -17.3
    endloop
  endfacet
  facet normal 0 0 -1
    outer loop
      vertex -3.0882 6.27018 -17.3
      vertex -1.69353 6.14816 -17.3
      vertex -1.7 6 -17.3
    endloop
  endfacet
  facet normal 0 0 -1
    outer loop
      vertex -2.80955 4.68988 -17.3
      vertex -1.54072 5.28155 -17.3
      vertex -2.68468 4.45 -17.3
    endloop
  endfacet
  facet normal -0 0 -1
    outer loop
      vertex -1.54072 5.28155 -17.3
      vertex -2.80955 4.68988 -17.3
      vertex -1.59748 5.41857 -17.3
    endloop
  endfacet
  facet normal 0 0 -1
    outer loop
      vertex -1.09274 7.30227 -17.3
      vertex -1.99264 8.37474 -17.3
      vertex -1.77809 8.53937 -17.3
    endloop
  endfacet
  facet normal 0 0 -1
    outer loop
      vertex -2.91305 4.93974 -17.3
      vertex -1.59748 5.41857 -17.3
      vertex -2.80955 4.68988 -17.3
    endloop
  endfacet
  facet normal 0 0 -1
    outer loop
      vertex -1.20208 7.20208 -17.3
      vertex -2.19203 8.19203 -17.3
      vertex -1.99264 8.37474 -17.3
    endloop
  endfacet
  facet normal -0 0 -1
    outer loop
      vertex -1.59748 5.41857 -17.3
      vertex -2.91305 4.93974 -17.3
      vertex -1.64207 5.56001 -17.3
    endloop
  endfacet
  facet normal 0 0 -1
    outer loop
      vertex -1.30227 7.09274 -17.3
      vertex -2.37474 7.99264 -17.3
      vertex -2.19203 8.19203 -17.3
    endloop
  endfacet
  facet normal 0 0 -1
    outer loop
      vertex -2.99437 5.19766 -17.3
      vertex -1.64207 5.56001 -17.3
      vertex -2.91305 4.93974 -17.3
    endloop
  endfacet
  facet normal 0 0 -1
    outer loop
      vertex -1.39256 6.97508 -17.3
      vertex -2.53937 7.77809 -17.3
      vertex -2.37474 7.99264 -17.3
    endloop
  endfacet
  facet normal -0 0 -1
    outer loop
      vertex -1.64207 5.56001 -17.3
      vertex -2.99437 5.19766 -17.3
      vertex -1.67417 5.7048 -17.3
    endloop
  endfacet
  facet normal 0 0 -1
    outer loop
      vertex -1.47224 6.85 -17.3
      vertex -2.68468 7.55 -17.3
      vertex -2.53937 7.77809 -17.3
    endloop
  endfacet
  facet normal 0 0 -1
    outer loop
      vertex -3.0529 5.46169 -17.3
      vertex -1.67417 5.7048 -17.3
      vertex -2.99437 5.19766 -17.3
    endloop
  endfacet
  facet normal 0 0 -1
    outer loop
      vertex -1.54072 6.71845 -17.3
      vertex -2.80955 7.31012 -17.3
      vertex -2.68468 7.55 -17.3
    endloop
  endfacet
  facet normal -0 0 -1
    outer loop
      vertex -1.67417 5.7048 -17.3
      vertex -3.0529 5.46169 -17.3
      vertex -1.69353 5.85184 -17.3
    endloop
  endfacet
  facet normal 0 0 -1
    outer loop
      vertex -1.59748 6.58143 -17.3
      vertex -2.91305 7.06026 -17.3
      vertex -2.80955 7.31012 -17.3
    endloop
  endfacet
  facet normal 0 0 -1
    outer loop
      vertex -3.0882 5.72982 -17.3
      vertex -1.69353 5.85184 -17.3
      vertex -3.0529 5.46169 -17.3
    endloop
  endfacet
  facet normal 0 0 -1
    outer loop
      vertex -1.64207 6.43999 -17.3
      vertex -2.99437 6.80234 -17.3
      vertex -2.91305 7.06026 -17.3
    endloop
  endfacet
  facet normal -0 0 -1
    outer loop
      vertex -1.69353 5.85184 -17.3
      vertex -3.0882 5.72982 -17.3
      vertex -1.7 6 -17.3
    endloop
  endfacet
  facet normal 0 0 -1
    outer loop
      vertex -1.67417 6.2952 -17.3
      vertex -3.0529 6.53831 -17.3
      vertex -2.99437 6.80234 -17.3
    endloop
  endfacet
  facet normal 0 0 -1
    outer loop
      vertex -3.1 6 -17.3
      vertex -1.7 6 -17.3
      vertex -3.0882 5.72982 -17.3
    endloop
  endfacet
  facet normal 0 0 -1
    outer loop
      vertex -1.69353 6.14816 -17.3
      vertex -3.0882 6.27018 -17.3
      vertex -3.0529 6.53831 -17.3
    endloop
  endfacet
  facet normal 0 0 -1
    outer loop
      vertex -1.7 6 -17.3
      vertex -3.1 6 -17.3
      vertex -3.0882 6.27018 -17.3
    endloop
  endfacet
  facet normal 0.953719 0.3007 0
    outer loop
      vertex -2.91305 4.93974 -17.3
      vertex -2.99437 5.19766 -19.5
      vertex -2.99437 5.19766 -17.3
    endloop
  endfacet
  facet normal 0.953719 0.3007 0
    outer loop
      vertex -2.99437 5.19766 -19.5
      vertex -2.91305 4.93974 -17.3
      vertex -2.91305 4.93974 -19.5
    endloop
  endfacet
  facet normal -0.991445 0.130526 0
    outer loop
      vertex 3.0529 5.46169 -19.5
      vertex 3.0882 5.72982 -17.3
      vertex 3.0882 5.72982 -19.5
    endloop
  endfacet
  facet normal -0.991445 0.130526 0
    outer loop
      vertex 3.0882 5.72982 -17.3
      vertex 3.0529 5.46169 -19.5
      vertex 3.0529 5.46169 -17.3
    endloop
  endfacet
  facet normal 0.999048 -0.043633 0
    outer loop
      vertex -3.1 6 -17.3
      vertex -3.0882 6.27018 -19.5
      vertex -3.0882 6.27018 -17.3
    endloop
  endfacet
  facet normal 0.999048 -0.043633 0
    outer loop
      vertex -3.0882 6.27018 -19.5
      vertex -3.1 6 -17.3
      vertex -3.1 6 -19.5
    endloop
  endfacet
  facet normal -0.216425 -0.976299 0
    outer loop
      vertex 0.538309 9.0529 -19.5
      vertex 0.802339 8.99437 -17.3
      vertex 0.538309 9.0529 -17.3
    endloop
  endfacet
  facet normal -0.216425 -0.976299 -0
    outer loop
      vertex 0.802339 8.99437 -17.3
      vertex 0.538309 9.0529 -19.5
      vertex 0.802339 8.99437 -19.5
    endloop
  endfacet
  facet normal 0.923874 -0.382698 0
    outer loop
      vertex -2.91305 7.06026 -17.3
      vertex -2.80955 7.31012 -19.5
      vertex -2.80955 7.31012 -17.3
    endloop
  endfacet
  facet normal 0.923874 -0.382698 0
    outer loop
      vertex -2.80955 7.31012 -19.5
      vertex -2.91305 7.06026 -17.3
      vertex -2.91305 7.06026 -19.5
    endloop
  endfacet
  facet normal 0.608761 0.793353 -0
    outer loop
      vertex -1.77809 3.46063 -19.5
      vertex -1.99264 3.62526 -17.3
      vertex -1.77809 3.46063 -17.3
    endloop
  endfacet
  facet normal 0.608761 0.793353 0
    outer loop
      vertex -1.99264 3.62526 -17.3
      vertex -1.77809 3.46063 -19.5
      vertex -1.99264 3.62526 -19.5
    endloop
  endfacet
  facet normal -0.130528 -0.991445 0
    outer loop
      vertex 0.270183 9.0882 -19.5
      vertex 0.538309 9.0529 -17.3
      vertex 0.270183 9.0882 -17.3
    endloop
  endfacet
  facet normal -0.130528 -0.991445 -0
    outer loop
      vertex 0.538309 9.0529 -17.3
      vertex 0.270183 9.0882 -19.5
      vertex 0.538309 9.0529 -19.5
    endloop
  endfacet
  facet normal 0.382698 0.923874 -0
    outer loop
      vertex -1.06026 3.08695 -19.5
      vertex -1.31012 3.19045 -17.3
      vertex -1.06026 3.08695 -17.3
    endloop
  endfacet
  facet normal 0.382698 0.923874 0
    outer loop
      vertex -1.31012 3.19045 -17.3
      vertex -1.06026 3.08695 -19.5
      vertex -1.31012 3.19045 -19.5
    endloop
  endfacet
  facet normal -0.537301 0.84339 0
    outer loop
      vertex 1.77809 3.46063 -19.5
      vertex 1.55 3.31532 -17.3
      vertex 1.77809 3.46063 -17.3
    endloop
  endfacet
  facet normal -0.537301 0.84339 0
    outer loop
      vertex 1.55 3.31532 -17.3
      vertex 1.77809 3.46063 -19.5
      vertex 1.55 3.31532 -19.5
    endloop
  endfacet
  facet normal 0.461738 -0.887016 0
    outer loop
      vertex -1.55 8.68468 -19.5
      vertex -1.31012 8.80955 -17.3
      vertex -1.55 8.68468 -17.3
    endloop
  endfacet
  facet normal 0.461738 -0.887016 0
    outer loop
      vertex -1.31012 8.80955 -17.3
      vertex -1.55 8.68468 -19.5
      vertex -1.31012 8.80955 -19.5
    endloop
  endfacet
  facet normal 0.216425 0.976299 -0
    outer loop
      vertex -0.538309 2.9471 -19.5
      vertex -0.802339 3.00563 -17.3
      vertex -0.538309 2.9471 -17.3
    endloop
  endfacet
  facet normal 0.216425 0.976299 0
    outer loop
      vertex -0.802339 3.00563 -17.3
      vertex -0.538309 2.9471 -19.5
      vertex -0.802339 3.00563 -19.5
    endloop
  endfacet
  facet normal -0.991447 -0.130509 0
    outer loop
      vertex 3.38706 -5.70367 -17.3
      vertex 3.34835 -5.4096 -14.5
      vertex 3.34835 -5.4096 -17.3
    endloop
  endfacet
  facet normal -0.991447 -0.130509 0
    outer loop
      vertex 3.34835 -5.4096 -14.5
      vertex 3.38706 -5.70367 -17.3
      vertex 3.38706 -5.70367 -14.5
    endloop
  endfacet
  facet normal -0.999048 -0.043626 0
    outer loop
      vertex 3.4 -6 -17.3
      vertex 3.38706 -5.70367 -14.5
      vertex 3.38706 -5.70367 -17.3
    endloop
  endfacet
  facet normal -0.999048 -0.043626 0
    outer loop
      vertex 3.38706 -5.70367 -14.5
      vertex 3.4 -6 -17.3
      vertex 3.4 -6 -14.5
    endloop
  endfacet
  facet normal -0.976295 -0.216445 0
    outer loop
      vertex 3.34835 -5.4096 -17.3
      vertex 3.28415 -5.12002 -14.5
      vertex 3.28415 -5.12002 -17.3
    endloop
  endfacet
  facet normal -0.976295 -0.216445 0
    outer loop
      vertex 3.28415 -5.12002 -14.5
      vertex 3.34835 -5.4096 -17.3
      vertex 3.34835 -5.4096 -14.5
    endloop
  endfacet
  facet normal -0.608767 -0.793349 0
    outer loop
      vertex 1.95016 -3.21488 -17.3
      vertex 2.18548 -3.39545 -14.5
      vertex 1.95016 -3.21488 -14.5
    endloop
  endfacet
  facet normal -0.608767 -0.793349 -0
    outer loop
      vertex 2.18548 -3.39545 -14.5
      vertex 1.95016 -3.21488 -17.3
      vertex 2.18548 -3.39545 -17.3
    endloop
  endfacet
  facet normal 0.793349 0.608767 0
    outer loop
      vertex -2.60455 -8.18548 -14.5
      vertex -2.78512 -7.95016 -17.3
      vertex -2.78512 -7.95016 -14.5
    endloop
  endfacet
  facet normal 0.793349 0.608767 0
    outer loop
      vertex -2.78512 -7.95016 -17.3
      vertex -2.60455 -8.18548 -14.5
      vertex -2.60455 -8.18548 -17.3
    endloop
  endfacet
  facet normal 0.130507 0.991447 -0
    outer loop
      vertex -0.296329 -9.38706 -17.3
      vertex -0.590404 -9.34835 -14.5
      vertex -0.296329 -9.38706 -14.5
    endloop
  endfacet
  facet normal 0.130507 0.991447 0
    outer loop
      vertex -0.590404 -9.34835 -14.5
      vertex -0.296329 -9.38706 -17.3
      vertex -0.590404 -9.34835 -17.3
    endloop
  endfacet
  facet normal -0.737266 -0.675602 0
    outer loop
      vertex 2.60455 -3.81452 -17.3
      vertex 2.40416 -3.59584 -14.5
      vertex 2.40416 -3.59584 -17.3
    endloop
  endfacet
  facet normal -0.737266 -0.675602 0
    outer loop
      vertex 2.40416 -3.59584 -14.5
      vertex 2.60455 -3.81452 -17.3
      vertex 2.60455 -3.81452 -14.5
    endloop
  endfacet
  facet normal -0.300725 -0.953711 0
    outer loop
      vertex 0.879984 -2.71585 -17.3
      vertex 1.16287 -2.80505 -14.5
      vertex 0.879984 -2.71585 -14.5
    endloop
  endfacet
  facet normal -0.300725 -0.953711 -0
    outer loop
      vertex 1.16287 -2.80505 -14.5
      vertex 0.879984 -2.71585 -17.3
      vertex 1.16287 -2.80505 -17.3
    endloop
  endfacet
  facet normal 0.976295 -0.216445 0
    outer loop
      vertex -3.34835 -5.4096 -14.5
      vertex -3.28415 -5.12002 -17.3
      vertex -3.28415 -5.12002 -14.5
    endloop
  endfacet
  facet normal 0.976295 -0.216445 0
    outer loop
      vertex -3.28415 -5.12002 -17.3
      vertex -3.34835 -5.4096 -14.5
      vertex -3.34835 -5.4096 -17.3
    endloop
  endfacet
  facet normal 0.537301 -0.843391 0
    outer loop
      vertex -1.95016 -3.21488 -17.3
      vertex -1.7 -3.05551 -14.5
      vertex -1.95016 -3.21488 -14.5
    endloop
  endfacet
  facet normal 0.537301 -0.843391 0
    outer loop
      vertex -1.7 -3.05551 -14.5
      vertex -1.95016 -3.21488 -17.3
      vertex -1.7 -3.05551 -17.3
    endloop
  endfacet
  facet normal 0.216445 -0.976295 0
    outer loop
      vertex -0.879984 -2.71585 -17.3
      vertex -0.590404 -2.65165 -14.5
      vertex -0.879984 -2.71585 -14.5
    endloop
  endfacet
  facet normal 0.216445 -0.976295 0
    outer loop
      vertex -0.590404 -2.65165 -14.5
      vertex -0.879984 -2.71585 -17.3
      vertex -0.590404 -2.65165 -17.3
    endloop
  endfacet
  facet normal -0.130507 0.991447 0
    outer loop
      vertex 0.590404 -9.34835 -17.3
      vertex 0.296329 -9.38706 -14.5
      vertex 0.590404 -9.34835 -14.5
    endloop
  endfacet
  facet normal -0.130507 0.991447 0
    outer loop
      vertex 0.296329 -9.38706 -14.5
      vertex 0.590404 -9.34835 -17.3
      vertex 0.296329 -9.38706 -17.3
    endloop
  endfacet
  facet normal -0.999048 0.043626 0
    outer loop
      vertex 3.38706 -6.29633 -17.3
      vertex 3.4 -6 -14.5
      vertex 3.4 -6 -17.3
    endloop
  endfacet
  facet normal -0.999048 0.043626 0
    outer loop
      vertex 3.4 -6 -14.5
      vertex 3.38706 -6.29633 -17.3
      vertex 3.38706 -6.29633 -14.5
    endloop
  endfacet
  facet normal -0.843391 0.537301 0
    outer loop
      vertex 2.78512 -7.95016 -17.3
      vertex 2.94449 -7.7 -14.5
      vertex 2.94449 -7.7 -17.3
    endloop
  endfacet
  facet normal -0.843391 0.537301 0
    outer loop
      vertex 2.94449 -7.7 -14.5
      vertex 2.78512 -7.95016 -17.3
      vertex 2.78512 -7.95016 -14.5
    endloop
  endfacet
  facet normal -0.608767 0.793349 0
    outer loop
      vertex 2.18548 -8.60455 -17.3
      vertex 1.95016 -8.78512 -14.5
      vertex 2.18548 -8.60455 -14.5
    endloop
  endfacet
  facet normal -0.608767 0.793349 0
    outer loop
      vertex 1.95016 -8.78512 -14.5
      vertex 2.18548 -8.60455 -17.3
      vertex 1.95016 -8.78512 -17.3
    endloop
  endfacet
  facet normal -0.675602 -0.737266 0
    outer loop
      vertex 2.18548 -3.39545 -17.3
      vertex 2.40416 -3.59584 -14.5
      vertex 2.18548 -3.39545 -14.5
    endloop
  endfacet
  facet normal -0.675602 -0.737266 -0
    outer loop
      vertex 2.40416 -3.59584 -14.5
      vertex 2.18548 -3.39545 -17.3
      vertex 2.40416 -3.59584 -17.3
    endloop
  endfacet
  facet normal 0.608767 -0.793349 0
    outer loop
      vertex -2.18548 -3.39545 -17.3
      vertex -1.95016 -3.21488 -14.5
      vertex -2.18548 -3.39545 -14.5
    endloop
  endfacet
  facet normal 0.608767 -0.793349 0
    outer loop
      vertex -1.95016 -3.21488 -14.5
      vertex -2.18548 -3.39545 -17.3
      vertex -1.95016 -3.21488 -17.3
    endloop
  endfacet
  facet normal 0.953712 0.300722 0
    outer loop
      vertex -3.19495 -7.16287 -14.5
      vertex -3.28415 -6.87998 -17.3
      vertex -3.28415 -6.87998 -14.5
    endloop
  endfacet
  facet normal 0.953712 0.300722 0
    outer loop
      vertex -3.28415 -6.87998 -17.3
      vertex -3.19495 -7.16287 -14.5
      vertex -3.19495 -7.16287 -17.3
    endloop
  endfacet
  facet normal -0.737266 0.675602 0
    outer loop
      vertex 2.40416 -8.40416 -17.3
      vertex 2.60455 -8.18548 -14.5
      vertex 2.60455 -8.18548 -17.3
    endloop
  endfacet
  facet normal -0.737266 0.675602 0
    outer loop
      vertex 2.60455 -8.18548 -14.5
      vertex 2.40416 -8.40416 -17.3
      vertex 2.40416 -8.40416 -14.5
    endloop
  endfacet
  facet normal -0.843391 -0.537301 0
    outer loop
      vertex 2.94449 -4.3 -17.3
      vertex 2.78512 -4.04984 -14.5
      vertex 2.78512 -4.04984 -17.3
    endloop
  endfacet
  facet normal -0.843391 -0.537301 0
    outer loop
      vertex 2.78512 -4.04984 -14.5
      vertex 2.94449 -4.3 -17.3
      vertex 2.94449 -4.3 -14.5
    endloop
  endfacet
  facet normal 0.843391 0.537301 0
    outer loop
      vertex -2.78512 -7.95016 -14.5
      vertex -2.94449 -7.7 -17.3
      vertex -2.94449 -7.7 -14.5
    endloop
  endfacet
  facet normal 0.843391 0.537301 0
    outer loop
      vertex -2.94449 -7.7 -17.3
      vertex -2.78512 -7.95016 -14.5
      vertex -2.78512 -7.95016 -17.3
    endloop
  endfacet
  facet normal -0.976295 0.216445 0
    outer loop
      vertex 3.28415 -6.87998 -17.3
      vertex 3.34835 -6.5904 -14.5
      vertex 3.34835 -6.5904 -17.3
    endloop
  endfacet
  facet normal -0.976295 0.216445 0
    outer loop
      vertex 3.34835 -6.5904 -14.5
      vertex 3.28415 -6.87998 -17.3
      vertex 3.28415 -6.87998 -14.5
    endloop
  endfacet
  facet normal 0.737266 -0.675602 0
    outer loop
      vertex -2.60455 -3.81452 -14.5
      vertex -2.40416 -3.59584 -17.3
      vertex -2.40416 -3.59584 -14.5
    endloop
  endfacet
  facet normal 0.737266 -0.675602 0
    outer loop
      vertex -2.40416 -3.59584 -17.3
      vertex -2.60455 -3.81452 -14.5
      vertex -2.60455 -3.81452 -17.3
    endloop
  endfacet
  facet normal 0.999048 -0.043626 0
    outer loop
      vertex -3.4 -6 -14.5
      vertex -3.38706 -5.70367 -17.3
      vertex -3.38706 -5.70367 -14.5
    endloop
  endfacet
  facet normal 0.999048 -0.043626 0
    outer loop
      vertex -3.38706 -5.70367 -17.3
      vertex -3.4 -6 -14.5
      vertex -3.4 -6 -17.3
    endloop
  endfacet
  facet normal -0.461745 -0.887012 0
    outer loop
      vertex 1.4369 -2.91855 -17.3
      vertex 1.7 -3.05551 -14.5
      vertex 1.4369 -2.91855 -14.5
    endloop
  endfacet
  facet normal -0.461745 -0.887012 -0
    outer loop
      vertex 1.7 -3.05551 -14.5
      vertex 1.4369 -2.91855 -17.3
      vertex 1.7 -3.05551 -17.3
    endloop
  endfacet
  facet normal 0.382663 -0.923888 0
    outer loop
      vertex -1.4369 -2.91855 -17.3
      vertex -1.16287 -2.80505 -14.5
      vertex -1.4369 -2.91855 -14.5
    endloop
  endfacet
  facet normal 0.382663 -0.923888 0
    outer loop
      vertex -1.16287 -2.80505 -14.5
      vertex -1.4369 -2.91855 -17.3
      vertex -1.16287 -2.80505 -17.3
    endloop
  endfacet
  facet normal 0.537301 0.843391 -0
    outer loop
      vertex -1.7 -8.94449 -17.3
      vertex -1.95016 -8.78512 -14.5
      vertex -1.7 -8.94449 -14.5
    endloop
  endfacet
  facet normal 0.537301 0.843391 0
    outer loop
      vertex -1.95016 -8.78512 -14.5
      vertex -1.7 -8.94449 -17.3
      vertex -1.95016 -8.78512 -17.3
    endloop
  endfacet
  facet normal -0.953712 -0.300722 0
    outer loop
      vertex 3.28415 -5.12002 -17.3
      vertex 3.19495 -4.83713 -14.5
      vertex 3.19495 -4.83713 -17.3
    endloop
  endfacet
  facet normal -0.953712 -0.300722 0
    outer loop
      vertex 3.19495 -4.83713 -14.5
      vertex 3.28415 -5.12002 -17.3
      vertex 3.28415 -5.12002 -14.5
    endloop
  endfacet
  facet normal -0.923888 0.382663 0
    outer loop
      vertex 3.08145 -7.4369 -17.3
      vertex 3.19495 -7.16287 -14.5
      vertex 3.19495 -7.16287 -17.3
    endloop
  endfacet
  facet normal -0.923888 0.382663 0
    outer loop
      vertex 3.19495 -7.16287 -14.5
      vertex 3.08145 -7.4369 -17.3
      vertex 3.08145 -7.4369 -14.5
    endloop
  endfacet
  facet normal -0.382663 -0.923888 0
    outer loop
      vertex 1.16287 -2.80505 -17.3
      vertex 1.4369 -2.91855 -14.5
      vertex 1.16287 -2.80505 -14.5
    endloop
  endfacet
  facet normal -0.382663 -0.923888 -0
    outer loop
      vertex 1.4369 -2.91855 -14.5
      vertex 1.16287 -2.80505 -17.3
      vertex 1.4369 -2.91855 -17.3
    endloop
  endfacet
  facet normal -0.216445 -0.976295 0
    outer loop
      vertex 0.590404 -2.65165 -17.3
      vertex 0.879984 -2.71585 -14.5
      vertex 0.590404 -2.65165 -14.5
    endloop
  endfacet
  facet normal -0.216445 -0.976295 -0
    outer loop
      vertex 0.879984 -2.71585 -14.5
      vertex 0.590404 -2.65165 -17.3
      vertex 0.879984 -2.71585 -17.3
    endloop
  endfacet
  facet normal 0.382663 0.923888 -0
    outer loop
      vertex -1.16287 -9.19495 -17.3
      vertex -1.4369 -9.08145 -14.5
      vertex -1.16287 -9.19495 -14.5
    endloop
  endfacet
  facet normal 0.382663 0.923888 0
    outer loop
      vertex -1.4369 -9.08145 -14.5
      vertex -1.16287 -9.19495 -17.3
      vertex -1.4369 -9.08145 -17.3
    endloop
  endfacet
  facet normal -0.793349 0.608767 0
    outer loop
      vertex 2.60455 -8.18548 -17.3
      vertex 2.78512 -7.95016 -14.5
      vertex 2.78512 -7.95016 -17.3
    endloop
  endfacet
  facet normal -0.793349 0.608767 0
    outer loop
      vertex 2.78512 -7.95016 -14.5
      vertex 2.60455 -8.18548 -17.3
      vertex 2.60455 -8.18548 -14.5
    endloop
  endfacet
  facet normal -0.461745 0.887012 0
    outer loop
      vertex 1.7 -8.94449 -17.3
      vertex 1.4369 -9.08145 -14.5
      vertex 1.7 -8.94449 -14.5
    endloop
  endfacet
  facet normal -0.461745 0.887012 0
    outer loop
      vertex 1.4369 -9.08145 -14.5
      vertex 1.7 -8.94449 -17.3
      vertex 1.4369 -9.08145 -17.3
    endloop
  endfacet
  facet normal -0.0436261 -0.999048 0
    outer loop
      vertex 0 -2.6 -17.3
      vertex 0.296329 -2.61294 -14.5
      vertex 0 -2.6 -14.5
    endloop
  endfacet
  facet normal -0.0436261 -0.999048 -0
    outer loop
      vertex 0.296329 -2.61294 -14.5
      vertex 0 -2.6 -17.3
      vertex 0.296329 -2.61294 -17.3
    endloop
  endfacet
  facet normal 0.887012 0.461745 0
    outer loop
      vertex -2.94449 -7.7 -14.5
      vertex -3.08145 -7.4369 -17.3
      vertex -3.08145 -7.4369 -14.5
    endloop
  endfacet
  facet normal 0.887012 0.461745 0
    outer loop
      vertex -3.08145 -7.4369 -17.3
      vertex -2.94449 -7.7 -14.5
      vertex -2.94449 -7.7 -17.3
    endloop
  endfacet
  facet normal -0.382663 0.923888 0
    outer loop
      vertex 1.4369 -9.08145 -17.3
      vertex 1.16287 -9.19495 -14.5
      vertex 1.4369 -9.08145 -14.5
    endloop
  endfacet
  facet normal -0.382663 0.923888 0
    outer loop
      vertex 1.16287 -9.19495 -14.5
      vertex 1.4369 -9.08145 -17.3
      vertex 1.16287 -9.19495 -17.3
    endloop
  endfacet
  facet normal 0.675602 0.737266 -0
    outer loop
      vertex -2.18548 -8.60455 -17.3
      vertex -2.40416 -8.40416 -14.5
      vertex -2.18548 -8.60455 -14.5
    endloop
  endfacet
  facet normal 0.675602 0.737266 0
    outer loop
      vertex -2.40416 -8.40416 -14.5
      vertex -2.18548 -8.60455 -17.3
      vertex -2.40416 -8.40416 -17.3
    endloop
  endfacet
  facet normal -0.0436261 0.999048 0
    outer loop
      vertex 0.296329 -9.38706 -17.3
      vertex 0 -9.4 -14.5
      vertex 0.296329 -9.38706 -14.5
    endloop
  endfacet
  facet normal -0.0436261 0.999048 0
    outer loop
      vertex 0 -9.4 -14.5
      vertex 0.296329 -9.38706 -17.3
      vertex 0 -9.4 -17.3
    endloop
  endfacet
  facet normal -0.953712 0.300722 0
    outer loop
      vertex 3.19495 -7.16287 -17.3
      vertex 3.28415 -6.87998 -14.5
      vertex 3.28415 -6.87998 -17.3
    endloop
  endfacet
  facet normal -0.953712 0.300722 0
    outer loop
      vertex 3.28415 -6.87998 -14.5
      vertex 3.19495 -7.16287 -17.3
      vertex 3.19495 -7.16287 -14.5
    endloop
  endfacet
  facet normal 0.608767 0.793349 -0
    outer loop
      vertex -1.95016 -8.78512 -17.3
      vertex -2.18548 -8.60455 -14.5
      vertex -1.95016 -8.78512 -14.5
    endloop
  endfacet
  facet normal 0.608767 0.793349 0
    outer loop
      vertex -2.18548 -8.60455 -14.5
      vertex -1.95016 -8.78512 -17.3
      vertex -2.18548 -8.60455 -17.3
    endloop
  endfacet
  facet normal -0.537301 -0.843391 0
    outer loop
      vertex 1.7 -3.05551 -17.3
      vertex 1.95016 -3.21488 -14.5
      vertex 1.7 -3.05551 -14.5
    endloop
  endfacet
  facet normal -0.537301 -0.843391 -0
    outer loop
      vertex 1.95016 -3.21488 -14.5
      vertex 1.7 -3.05551 -17.3
      vertex 1.95016 -3.21488 -17.3
    endloop
  endfacet
  facet normal 0.130507 -0.991447 0
    outer loop
      vertex -0.590404 -2.65165 -17.3
      vertex -0.296329 -2.61294 -14.5
      vertex -0.590404 -2.65165 -14.5
    endloop
  endfacet
  facet normal 0.130507 -0.991447 0
    outer loop
      vertex -0.296329 -2.61294 -14.5
      vertex -0.590404 -2.65165 -17.3
      vertex -0.296329 -2.61294 -17.3
    endloop
  endfacet
  facet normal -0.991447 0.130509 0
    outer loop
      vertex 3.34835 -6.5904 -17.3
      vertex 3.38706 -6.29633 -14.5
      vertex 3.38706 -6.29633 -17.3
    endloop
  endfacet
  facet normal -0.991447 0.130509 0
    outer loop
      vertex 3.38706 -6.29633 -14.5
      vertex 3.34835 -6.5904 -17.3
      vertex 3.34835 -6.5904 -14.5
    endloop
  endfacet
  facet normal 0.976295 0.216445 0
    outer loop
      vertex -3.28415 -6.87998 -14.5
      vertex -3.34835 -6.5904 -17.3
      vertex -3.34835 -6.5904 -14.5
    endloop
  endfacet
  facet normal 0.976295 0.216445 0
    outer loop
      vertex -3.34835 -6.5904 -17.3
      vertex -3.28415 -6.87998 -14.5
      vertex -3.28415 -6.87998 -17.3
    endloop
  endfacet
  facet normal -0.923888 -0.382663 0
    outer loop
      vertex 3.19495 -4.83713 -17.3
      vertex 3.08145 -4.5631 -14.5
      vertex 3.08145 -4.5631 -17.3
    endloop
  endfacet
  facet normal -0.923888 -0.382663 0
    outer loop
      vertex 3.08145 -4.5631 -14.5
      vertex 3.19495 -4.83713 -17.3
      vertex 3.19495 -4.83713 -14.5
    endloop
  endfacet
  facet normal -0.130507 -0.991447 0
    outer loop
      vertex 0.296329 -2.61294 -17.3
      vertex 0.590404 -2.65165 -14.5
      vertex 0.296329 -2.61294 -14.5
    endloop
  endfacet
  facet normal -0.130507 -0.991447 -0
    outer loop
      vertex 0.590404 -2.65165 -14.5
      vertex 0.296329 -2.61294 -17.3
      vertex 0.590404 -2.65165 -17.3
    endloop
  endfacet
  facet normal -0.887012 -0.461745 0
    outer loop
      vertex 3.08145 -4.5631 -17.3
      vertex 2.94449 -4.3 -14.5
      vertex 2.94449 -4.3 -17.3
    endloop
  endfacet
  facet normal -0.887012 -0.461745 0
    outer loop
      vertex 2.94449 -4.3 -14.5
      vertex 3.08145 -4.5631 -17.3
      vertex 3.08145 -4.5631 -14.5
    endloop
  endfacet
  facet normal 0.461745 0.887012 -0
    outer loop
      vertex -1.4369 -9.08145 -17.3
      vertex -1.7 -8.94449 -14.5
      vertex -1.4369 -9.08145 -14.5
    endloop
  endfacet
  facet normal 0.461745 0.887012 0
    outer loop
      vertex -1.7 -8.94449 -14.5
      vertex -1.4369 -9.08145 -17.3
      vertex -1.7 -8.94449 -17.3
    endloop
  endfacet
  facet normal 0.675602 -0.737266 0
    outer loop
      vertex -2.40416 -3.59584 -17.3
      vertex -2.18548 -3.39545 -14.5
      vertex -2.40416 -3.59584 -14.5
    endloop
  endfacet
  facet normal 0.675602 -0.737266 0
    outer loop
      vertex -2.18548 -3.39545 -14.5
      vertex -2.40416 -3.59584 -17.3
      vertex -2.18548 -3.39545 -17.3
    endloop
  endfacet
  facet normal 0.300725 -0.953711 0
    outer loop
      vertex -1.16287 -2.80505 -17.3
      vertex -0.879984 -2.71585 -14.5
      vertex -1.16287 -2.80505 -14.5
    endloop
  endfacet
  facet normal 0.300725 -0.953711 0
    outer loop
      vertex -0.879984 -2.71585 -14.5
      vertex -1.16287 -2.80505 -17.3
      vertex -0.879984 -2.71585 -17.3
    endloop
  endfacet
  facet normal 0.843391 -0.537301 0
    outer loop
      vertex -2.94449 -4.3 -14.5
      vertex -2.78512 -4.04984 -17.3
      vertex -2.78512 -4.04984 -14.5
    endloop
  endfacet
  facet normal 0.843391 -0.537301 0
    outer loop
      vertex -2.78512 -4.04984 -17.3
      vertex -2.94449 -4.3 -14.5
      vertex -2.94449 -4.3 -17.3
    endloop
  endfacet
  facet normal 0.999048 0.043626 0
    outer loop
      vertex -3.38706 -6.29633 -14.5
      vertex -3.4 -6 -17.3
      vertex -3.4 -6 -14.5
    endloop
  endfacet
  facet normal 0.999048 0.043626 0
    outer loop
      vertex -3.4 -6 -17.3
      vertex -3.38706 -6.29633 -14.5
      vertex -3.38706 -6.29633 -17.3
    endloop
  endfacet
  facet normal 0.216445 0.976295 -0
    outer loop
      vertex -0.590404 -9.34835 -17.3
      vertex -0.879984 -9.28415 -14.5
      vertex -0.590404 -9.34835 -14.5
    endloop
  endfacet
  facet normal 0.216445 0.976295 0
    outer loop
      vertex -0.879984 -9.28415 -14.5
      vertex -0.590404 -9.34835 -17.3
      vertex -0.879984 -9.28415 -17.3
    endloop
  endfacet
  facet normal 0.0436261 -0.999048 0
    outer loop
      vertex -0.296329 -2.61294 -17.3
      vertex 0 -2.6 -14.5
      vertex -0.296329 -2.61294 -14.5
    endloop
  endfacet
  facet normal 0.0436261 -0.999048 0
    outer loop
      vertex 0 -2.6 -14.5
      vertex -0.296329 -2.61294 -17.3
      vertex 0 -2.6 -17.3
    endloop
  endfacet
  facet normal -0.300725 0.953711 0
    outer loop
      vertex 1.16287 -9.19495 -17.3
      vertex 0.879984 -9.28415 -14.5
      vertex 1.16287 -9.19495 -14.5
    endloop
  endfacet
  facet normal -0.300725 0.953711 0
    outer loop
      vertex 0.879984 -9.28415 -14.5
      vertex 1.16287 -9.19495 -17.3
      vertex 0.879984 -9.28415 -17.3
    endloop
  endfacet
  facet normal -0.216445 0.976295 0
    outer loop
      vertex 0.879984 -9.28415 -17.3
      vertex 0.590404 -9.34835 -14.5
      vertex 0.879984 -9.28415 -14.5
    endloop
  endfacet
  facet normal -0.216445 0.976295 0
    outer loop
      vertex 0.590404 -9.34835 -14.5
      vertex 0.879984 -9.28415 -17.3
      vertex 0.590404 -9.34835 -17.3
    endloop
  endfacet
  facet normal 0.953712 -0.300722 0
    outer loop
      vertex -3.28415 -5.12002 -14.5
      vertex -3.19495 -4.83713 -17.3
      vertex -3.19495 -4.83713 -14.5
    endloop
  endfacet
  facet normal 0.953712 -0.300722 0
    outer loop
      vertex -3.19495 -4.83713 -17.3
      vertex -3.28415 -5.12002 -14.5
      vertex -3.28415 -5.12002 -17.3
    endloop
  endfacet
  facet normal 0.737266 0.675602 0
    outer loop
      vertex -2.40416 -8.40416 -14.5
      vertex -2.60455 -8.18548 -17.3
      vertex -2.60455 -8.18548 -14.5
    endloop
  endfacet
  facet normal 0.737266 0.675602 0
    outer loop
      vertex -2.60455 -8.18548 -17.3
      vertex -2.40416 -8.40416 -14.5
      vertex -2.40416 -8.40416 -17.3
    endloop
  endfacet
  facet normal 0.461745 -0.887012 0
    outer loop
      vertex -1.7 -3.05551 -17.3
      vertex -1.4369 -2.91855 -14.5
      vertex -1.7 -3.05551 -14.5
    endloop
  endfacet
  facet normal 0.461745 -0.887012 0
    outer loop
      vertex -1.4369 -2.91855 -14.5
      vertex -1.7 -3.05551 -17.3
      vertex -1.4369 -2.91855 -17.3
    endloop
  endfacet
  facet normal 0.991447 0.130509 0
    outer loop
      vertex -3.34835 -6.5904 -14.5
      vertex -3.38706 -6.29633 -17.3
      vertex -3.38706 -6.29633 -14.5
    endloop
  endfacet
  facet normal 0.991447 0.130509 0
    outer loop
      vertex -3.38706 -6.29633 -17.3
      vertex -3.34835 -6.5904 -14.5
      vertex -3.34835 -6.5904 -17.3
    endloop
  endfacet
  facet normal 0.0436261 0.999048 -0
    outer loop
      vertex 0 -9.4 -17.3
      vertex -0.296329 -9.38706 -14.5
      vertex 0 -9.4 -14.5
    endloop
  endfacet
  facet normal 0.0436261 0.999048 0
    outer loop
      vertex -0.296329 -9.38706 -14.5
      vertex 0 -9.4 -17.3
      vertex -0.296329 -9.38706 -17.3
    endloop
  endfacet
  facet normal -0.887012 0.461745 0
    outer loop
      vertex 2.94449 -7.7 -17.3
      vertex 3.08145 -7.4369 -14.5
      vertex 3.08145 -7.4369 -17.3
    endloop
  endfacet
  facet normal -0.887012 0.461745 0
    outer loop
      vertex 3.08145 -7.4369 -14.5
      vertex 2.94449 -7.7 -17.3
      vertex 2.94449 -7.7 -14.5
    endloop
  endfacet
  facet normal -0.793349 -0.608767 0
    outer loop
      vertex 2.78512 -4.04984 -17.3
      vertex 2.60455 -3.81452 -14.5
      vertex 2.60455 -3.81452 -17.3
    endloop
  endfacet
  facet normal -0.793349 -0.608767 0
    outer loop
      vertex 2.60455 -3.81452 -14.5
      vertex 2.78512 -4.04984 -17.3
      vertex 2.78512 -4.04984 -14.5
    endloop
  endfacet
  facet normal -0.537301 0.843391 0
    outer loop
      vertex 1.95016 -8.78512 -17.3
      vertex 1.7 -8.94449 -14.5
      vertex 1.95016 -8.78512 -14.5
    endloop
  endfacet
  facet normal -0.537301 0.843391 0
    outer loop
      vertex 1.7 -8.94449 -14.5
      vertex 1.95016 -8.78512 -17.3
      vertex 1.7 -8.94449 -17.3
    endloop
  endfacet
  facet normal 0.923888 0.382663 0
    outer loop
      vertex -3.08145 -7.4369 -14.5
      vertex -3.19495 -7.16287 -17.3
      vertex -3.19495 -7.16287 -14.5
    endloop
  endfacet
  facet normal 0.923888 0.382663 0
    outer loop
      vertex -3.19495 -7.16287 -17.3
      vertex -3.08145 -7.4369 -14.5
      vertex -3.08145 -7.4369 -17.3
    endloop
  endfacet
  facet normal 0.991447 -0.130509 0
    outer loop
      vertex -3.38706 -5.70367 -14.5
      vertex -3.34835 -5.4096 -17.3
      vertex -3.34835 -5.4096 -14.5
    endloop
  endfacet
  facet normal 0.991447 -0.130509 0
    outer loop
      vertex -3.34835 -5.4096 -17.3
      vertex -3.38706 -5.70367 -14.5
      vertex -3.38706 -5.70367 -17.3
    endloop
  endfacet
  facet normal 0.300725 0.953711 -0
    outer loop
      vertex -0.879984 -9.28415 -17.3
      vertex -1.16287 -9.19495 -14.5
      vertex -0.879984 -9.28415 -14.5
    endloop
  endfacet
  facet normal 0.300725 0.953711 0
    outer loop
      vertex -1.16287 -9.19495 -14.5
      vertex -0.879984 -9.28415 -17.3
      vertex -1.16287 -9.19495 -17.3
    endloop
  endfacet
  facet normal 0.923888 -0.382663 0
    outer loop
      vertex -3.19495 -4.83713 -14.5
      vertex -3.08145 -4.5631 -17.3
      vertex -3.08145 -4.5631 -14.5
    endloop
  endfacet
  facet normal 0.923888 -0.382663 0
    outer loop
      vertex -3.08145 -4.5631 -17.3
      vertex -3.19495 -4.83713 -14.5
      vertex -3.19495 -4.83713 -17.3
    endloop
  endfacet
  facet normal -0.675602 0.737266 0
    outer loop
      vertex 2.40416 -8.40416 -17.3
      vertex 2.18548 -8.60455 -14.5
      vertex 2.40416 -8.40416 -14.5
    endloop
  endfacet
  facet normal -0.675602 0.737266 0
    outer loop
      vertex 2.18548 -8.60455 -14.5
      vertex 2.40416 -8.40416 -17.3
      vertex 2.18548 -8.60455 -17.3
    endloop
  endfacet
  facet normal 0.887012 -0.461745 0
    outer loop
      vertex -3.08145 -4.5631 -14.5
      vertex -2.94449 -4.3 -17.3
      vertex -2.94449 -4.3 -14.5
    endloop
  endfacet
  facet normal 0.887012 -0.461745 0
    outer loop
      vertex -2.94449 -4.3 -17.3
      vertex -3.08145 -4.5631 -14.5
      vertex -3.08145 -4.5631 -17.3
    endloop
  endfacet
  facet normal 0.793349 -0.608767 0
    outer loop
      vertex -2.78512 -4.04984 -14.5
      vertex -2.60455 -3.81452 -17.3
      vertex -2.60455 -3.81452 -14.5
    endloop
  endfacet
  facet normal 0.793349 -0.608767 0
    outer loop
      vertex -2.60455 -3.81452 -17.3
      vertex -2.78512 -4.04984 -14.5
      vertex -2.78512 -4.04984 -17.3
    endloop
  endfacet
  facet normal -0.793356 0.608758 0
    outer loop
      vertex 4.40475 -9.69603 -19.5
      vertex 4.71012 -9.29806 -17.3
      vertex 4.71012 -9.29806 -19.5
    endloop
  endfacet
  facet normal -0.793356 0.608758 0
    outer loop
      vertex 4.71012 -9.29806 -17.3
      vertex 4.40475 -9.69603 -19.5
      vertex 4.40475 -9.69603 -17.3
    endloop
  endfacet
  facet normal -0.991444 -0.130537 0
    outer loop
      vertex 5.72812 -5.49885 -19.5
      vertex 5.66264 -5.00152 -17.3
      vertex 5.66264 -5.00152 -19.5
    endloop
  endfacet
  facet normal -0.991444 -0.130537 0
    outer loop
      vertex 5.66264 -5.00152 -17.3
      vertex 5.72812 -5.49885 -19.5
      vertex 5.72812 -5.49885 -17.3
    endloop
  endfacet
  facet normal -0.999048 -0.043618 0
    outer loop
      vertex 5.75 -6 -19.5
      vertex 5.72812 -5.49885 -17.3
      vertex 5.72812 -5.49885 -19.5
    endloop
  endfacet
  facet normal -0.999048 -0.043618 0
    outer loop
      vertex 5.72812 -5.49885 -17.3
      vertex 5.75 -6 -19.5
      vertex 5.75 -6 -17.3
    endloop
  endfacet
  facet normal -0.976296 -0.216439 0
    outer loop
      vertex 5.66264 -5.00152 -19.5
      vertex 5.55407 -4.51179 -17.3
      vertex 5.55407 -4.51179 -19.5
    endloop
  endfacet
  facet normal -0.976296 -0.216439 0
    outer loop
      vertex 5.55407 -4.51179 -17.3
      vertex 5.66264 -5.00152 -19.5
      vertex 5.66264 -5.00152 -17.3
    endloop
  endfacet
  facet normal 0.216439 -0.976296 0
    outer loop
      vertex -1.48821 -0.445927 -19.5
      vertex -0.998477 -0.337356 -17.3
      vertex -1.48821 -0.445927 -17.3
    endloop
  endfacet
  facet normal 0.216439 -0.976296 0
    outer loop
      vertex -0.998477 -0.337356 -17.3
      vertex -1.48821 -0.445927 -19.5
      vertex -0.998477 -0.337356 -19.5
    endloop
  endfacet
  facet normal 0.216304 0.976326 -0
    outer loop
      vertex -0.998477 -11.6626 -19.5
      vertex -1.48821 -11.5541 -17.3
      vertex -0.998477 -11.6626 -17.3
    endloop
  endfacet
  facet normal 0.216304 0.976326 0
    outer loop
      vertex -1.48821 -11.5541 -17.3
      vertex -0.998477 -11.6626 -19.5
      vertex -1.48821 -11.5541 -19.5
    endloop
  endfacet
  facet normal 0.461864 0.886951 -0
    outer loop
      vertex -2.43005 -11.2113 -19.5
      vertex -2.875 -10.9796 -17.3
      vertex -2.43005 -11.2113 -17.3
    endloop
  endfacet
  facet normal 0.461864 0.886951 0
    outer loop
      vertex -2.875 -10.9796 -17.3
      vertex -2.43005 -11.2113 -19.5
      vertex -2.875 -10.9796 -19.5
    endloop
  endfacet
  facet normal -0.216304 0.976326 0
    outer loop
      vertex 1.48821 -11.5541 -19.5
      vertex 0.998477 -11.6626 -17.3
      vertex 1.48821 -11.5541 -17.3
    endloop
  endfacet
  facet normal -0.216304 0.976326 0
    outer loop
      vertex 0.998477 -11.6626 -17.3
      vertex 1.48821 -11.5541 -19.5
      vertex 0.998477 -11.6626 -19.5
    endloop
  endfacet
  facet normal -0.130575 0.991438 0
    outer loop
      vertex 0.998477 -11.6626 -19.5
      vertex 0.501145 -11.7281 -17.3
      vertex 0.998477 -11.6626 -17.3
    endloop
  endfacet
  facet normal -0.130575 0.991438 0
    outer loop
      vertex 0.501145 -11.7281 -17.3
      vertex 0.998477 -11.6626 -19.5
      vertex 0.501145 -11.7281 -19.5
    endloop
  endfacet
  facet normal 0.675594 -0.737274 0
    outer loop
      vertex -4.06586 -1.93414 -19.5
      vertex -3.69603 -1.59525 -17.3
      vertex -4.06586 -1.93414 -17.3
    endloop
  endfacet
  facet normal 0.675594 -0.737274 0
    outer loop
      vertex -3.69603 -1.59525 -17.3
      vertex -4.06586 -1.93414 -19.5
      vertex -3.69603 -1.59525 -19.5
    endloop
  endfacet
  facet normal -0.300704 -0.953718 0
    outer loop
      vertex 1.48821 -0.445927 -19.5
      vertex 1.96662 -0.596768 -17.3
      vertex 1.48821 -0.445927 -17.3
    endloop
  endfacet
  facet normal -0.300704 -0.953718 -0
    outer loop
      vertex 1.96662 -0.596768 -17.3
      vertex 1.48821 -0.445927 -19.5
      vertex 1.96662 -0.596768 -19.5
    endloop
  endfacet
  facet normal 0.991444 -0.130537 0
    outer loop
      vertex -5.72812 -5.49885 -17.3
      vertex -5.66264 -5.00152 -19.5
      vertex -5.66264 -5.00152 -17.3
    endloop
  endfacet
  facet normal 0.991444 -0.130537 0
    outer loop
      vertex -5.66264 -5.00152 -19.5
      vertex -5.72812 -5.49885 -17.3
      vertex -5.72812 -5.49885 -19.5
    endloop
  endfacet
  facet normal 0.976296 0.216439 0
    outer loop
      vertex -5.55407 -7.48821 -17.3
      vertex -5.66264 -6.99848 -19.5
      vertex -5.66264 -6.99848 -17.3
    endloop
  endfacet
  facet normal 0.976296 0.216439 0
    outer loop
      vertex -5.66264 -6.99848 -19.5
      vertex -5.55407 -7.48821 -17.3
      vertex -5.55407 -7.48821 -19.5
    endloop
  endfacet
  facet normal 0.38269 -0.923877 0
    outer loop
      vertex -2.43005 -0.788731 -19.5
      vertex -1.96662 -0.596768 -17.3
      vertex -2.43005 -0.788731 -17.3
    endloop
  endfacet
  facet normal 0.38269 -0.923877 0
    outer loop
      vertex -1.96662 -0.596768 -17.3
      vertex -2.43005 -0.788731 -19.5
      vertex -1.96662 -0.596768 -19.5
    endloop
  endfacet
  facet normal -0.976296 0.216439 0
    outer loop
      vertex 5.55407 -7.48821 -19.5
      vertex 5.66264 -6.99848 -17.3
      vertex 5.66264 -6.99848 -19.5
    endloop
  endfacet
  facet normal -0.976296 0.216439 0
    outer loop
      vertex 5.66264 -6.99848 -17.3
      vertex 5.55407 -7.48821 -19.5
      vertex 5.55407 -7.48821 -17.3
    endloop
  endfacet
  facet normal -0.953718 -0.300702 0
    outer loop
      vertex 5.55407 -4.51179 -19.5
      vertex 5.40323 -4.03338 -17.3
      vertex 5.40323 -4.03338 -19.5
    endloop
  endfacet
  facet normal -0.953718 -0.300702 0
    outer loop
      vertex 5.40323 -4.03338 -17.3
      vertex 5.55407 -4.51179 -19.5
      vertex 5.55407 -4.51179 -17.3
    endloop
  endfacet
  facet normal -0.382583 0.923921 0
    outer loop
      vertex 2.43005 -11.2113 -19.5
      vertex 1.96662 -11.4032 -17.3
      vertex 2.43005 -11.2113 -17.3
    endloop
  endfacet
  facet normal -0.382583 0.923921 0
    outer loop
      vertex 1.96662 -11.4032 -17.3
      vertex 2.43005 -11.2113 -19.5
      vertex 1.96662 -11.4032 -19.5
    endloop
  endfacet
  facet normal 0.737311 0.675554 0
    outer loop
      vertex -4.06586 -10.0659 -17.3
      vertex -4.40475 -9.69603 -19.5
      vertex -4.40475 -9.69603 -17.3
    endloop
  endfacet
  facet normal 0.737311 0.675554 0
    outer loop
      vertex -4.40475 -9.69603 -19.5
      vertex -4.06586 -10.0659 -17.3
      vertex -4.06586 -10.0659 -19.5
    endloop
  endfacet
  facet normal 0.991444 0.130537 0
    outer loop
      vertex -5.66264 -6.99848 -17.3
      vertex -5.72812 -6.50115 -19.5
      vertex -5.72812 -6.50115 -17.3
    endloop
  endfacet
  facet normal 0.991444 0.130537 0
    outer loop
      vertex -5.72812 -6.50115 -19.5
      vertex -5.66264 -6.99848 -17.3
      vertex -5.66264 -6.99848 -19.5
    endloop
  endfacet
  facet normal 0.0436583 0.999047 -0
    outer loop
      vertex 0 -11.75 -19.5
      vertex -0.501145 -11.7281 -17.3
      vertex 0 -11.75 -17.3
    endloop
  endfacet
  facet normal 0.0436583 0.999047 0
    outer loop
      vertex -0.501145 -11.7281 -17.3
      vertex 0 -11.75 -19.5
      vertex -0.501145 -11.7281 -19.5
    endloop
  endfacet
  facet normal -0.887016 -0.461739 0
    outer loop
      vertex 5.21127 -3.56995 -19.5
      vertex 4.97965 -3.125 -17.3
      vertex 4.97965 -3.125 -19.5
    endloop
  endfacet
  facet normal -0.887016 -0.461739 0
    outer loop
      vertex 4.97965 -3.125 -17.3
      vertex 5.21127 -3.56995 -19.5
      vertex 5.21127 -3.56995 -17.3
    endloop
  endfacet
  facet normal -0.843381 -0.537315 0
    outer loop
      vertex 4.97965 -3.125 -19.5
      vertex 4.71012 -2.70194 -17.3
      vertex 4.71012 -2.70194 -19.5
    endloop
  endfacet
  facet normal -0.843381 -0.537315 0
    outer loop
      vertex 4.71012 -2.70194 -17.3
      vertex 4.97965 -3.125 -19.5
      vertex 4.97965 -3.125 -17.3
    endloop
  endfacet
  facet normal -0.953718 0.300702 0
    outer loop
      vertex 5.40323 -7.96662 -19.5
      vertex 5.55407 -7.48821 -17.3
      vertex 5.55407 -7.48821 -19.5
    endloop
  endfacet
  facet normal -0.953718 0.300702 0
    outer loop
      vertex 5.55407 -7.48821 -17.3
      vertex 5.40323 -7.96662 -19.5
      vertex 5.40323 -7.96662 -17.3
    endloop
  endfacet
  facet normal -0.675594 -0.737274 0
    outer loop
      vertex 3.69603 -1.59525 -19.5
      vertex 4.06586 -1.93414 -17.3
      vertex 3.69603 -1.59525 -17.3
    endloop
  endfacet
  facet normal -0.675594 -0.737274 -0
    outer loop
      vertex 4.06586 -1.93414 -17.3
      vertex 3.69603 -1.59525 -19.5
      vertex 4.06586 -1.93414 -19.5
    endloop
  endfacet
  facet normal -0.461864 0.886951 0
    outer loop
      vertex 2.875 -10.9796 -19.5
      vertex 2.43005 -11.2113 -17.3
      vertex 2.875 -10.9796 -17.3
    endloop
  endfacet
  facet normal -0.461864 0.886951 0
    outer loop
      vertex 2.43005 -11.2113 -17.3
      vertex 2.875 -10.9796 -19.5
      vertex 2.43005 -11.2113 -19.5
    endloop
  endfacet
  facet normal 0.608758 -0.793356 0
    outer loop
      vertex -3.69603 -1.59525 -19.5
      vertex -3.29806 -1.28988 -17.3
      vertex -3.69603 -1.59525 -17.3
    endloop
  endfacet
  facet normal 0.608758 -0.793356 0
    outer loop
      vertex -3.29806 -1.28988 -17.3
      vertex -3.69603 -1.59525 -19.5
      vertex -3.29806 -1.28988 -19.5
    endloop
  endfacet
  facet normal 0.953718 0.300702 0
    outer loop
      vertex -5.40323 -7.96662 -17.3
      vertex -5.55407 -7.48821 -19.5
      vertex -5.55407 -7.48821 -17.3
    endloop
  endfacet
  facet normal 0.953718 0.300702 0
    outer loop
      vertex -5.55407 -7.48821 -19.5
      vertex -5.40323 -7.96662 -17.3
      vertex -5.40323 -7.96662 -19.5
    endloop
  endfacet
  facet normal 0.537315 -0.843381 0
    outer loop
      vertex -3.29806 -1.28988 -19.5
      vertex -2.875 -1.02035 -17.3
      vertex -3.29806 -1.28988 -17.3
    endloop
  endfacet
  facet normal 0.537315 -0.843381 0
    outer loop
      vertex -2.875 -1.02035 -17.3
      vertex -3.29806 -1.28988 -19.5
      vertex -2.875 -1.02035 -19.5
    endloop
  endfacet
  facet normal 0.0436205 -0.999048 0
    outer loop
      vertex -0.501145 -0.271881 -19.5
      vertex 0 -0.25 -17.3
      vertex -0.501145 -0.271881 -17.3
    endloop
  endfacet
  facet normal 0.0436205 -0.999048 0
    outer loop
      vertex 0 -0.25 -17.3
      vertex -0.501145 -0.271881 -19.5
      vertex 0 -0.25 -19.5
    endloop
  endfacet
  facet normal 0.887016 -0.461739 0
    outer loop
      vertex -5.21127 -3.56995 -17.3
      vertex -4.97965 -3.125 -19.5
      vertex -4.97965 -3.125 -17.3
    endloop
  endfacet
  facet normal 0.887016 -0.461739 0
    outer loop
      vertex -4.97965 -3.125 -19.5
      vertex -5.21127 -3.56995 -17.3
      vertex -5.21127 -3.56995 -19.5
    endloop
  endfacet
  facet normal -0.461737 -0.887017 0
    outer loop
      vertex 2.43005 -0.788731 -19.5
      vertex 2.875 -1.02035 -17.3
      vertex 2.43005 -0.788731 -17.3
    endloop
  endfacet
  facet normal -0.461737 -0.887017 -0
    outer loop
      vertex 2.875 -1.02035 -17.3
      vertex 2.43005 -0.788731 -19.5
      vertex 2.875 -1.02035 -19.5
    endloop
  endfacet
  facet normal 0.953718 -0.300702 0
    outer loop
      vertex -5.55407 -4.51179 -17.3
      vertex -5.40323 -4.03338 -19.5
      vertex -5.40323 -4.03338 -17.3
    endloop
  endfacet
  facet normal 0.953718 -0.300702 0
    outer loop
      vertex -5.40323 -4.03338 -19.5
      vertex -5.55407 -4.51179 -17.3
      vertex -5.55407 -4.51179 -19.5
    endloop
  endfacet
  facet normal -0.999048 0.043618 0
    outer loop
      vertex 5.72812 -6.50115 -19.5
      vertex 5.75 -6 -17.3
      vertex 5.75 -6 -19.5
    endloop
  endfacet
  facet normal -0.999048 0.043618 0
    outer loop
      vertex 5.75 -6 -17.3
      vertex 5.72812 -6.50115 -19.5
      vertex 5.72812 -6.50115 -17.3
    endloop
  endfacet
  facet normal -0.608758 -0.793356 0
    outer loop
      vertex 3.29806 -1.28988 -19.5
      vertex 3.69603 -1.59525 -17.3
      vertex 3.29806 -1.28988 -17.3
    endloop
  endfacet
  facet normal -0.608758 -0.793356 -0
    outer loop
      vertex 3.69603 -1.59525 -17.3
      vertex 3.29806 -1.28988 -19.5
      vertex 3.69603 -1.59525 -19.5
    endloop
  endfacet
  facet normal -0.216439 -0.976296 0
    outer loop
      vertex 0.998477 -0.337356 -19.5
      vertex 1.48821 -0.445927 -17.3
      vertex 0.998477 -0.337356 -17.3
    endloop
  endfacet
  facet normal -0.216439 -0.976296 -0
    outer loop
      vertex 1.48821 -0.445927 -17.3
      vertex 0.998477 -0.337356 -19.5
      vertex 1.48821 -0.445927 -19.5
    endloop
  endfacet
  facet normal 0.60867 0.793424 -0
    outer loop
      vertex -3.29806 -10.7101 -19.5
      vertex -3.69603 -10.4048 -17.3
      vertex -3.29806 -10.7101 -17.3
    endloop
  endfacet
  facet normal 0.60867 0.793424 0
    outer loop
      vertex -3.69603 -10.4048 -17.3
      vertex -3.29806 -10.7101 -19.5
      vertex -3.69603 -10.4048 -19.5
    endloop
  endfacet
  facet normal -0.537315 -0.843381 0
    outer loop
      vertex 2.875 -1.02035 -19.5
      vertex 3.29806 -1.28988 -17.3
      vertex 2.875 -1.02035 -17.3
    endloop
  endfacet
  facet normal -0.537315 -0.843381 -0
    outer loop
      vertex 3.29806 -1.28988 -17.3
      vertex 2.875 -1.02035 -19.5
      vertex 3.29806 -1.28988 -19.5
    endloop
  endfacet
  facet normal -0.0436583 0.999047 0
    outer loop
      vertex 0.501145 -11.7281 -19.5
      vertex 0 -11.75 -17.3
      vertex 0.501145 -11.7281 -17.3
    endloop
  endfacet
  facet normal -0.0436583 0.999047 0
    outer loop
      vertex 0 -11.75 -17.3
      vertex 0.501145 -11.7281 -19.5
      vertex 0 -11.75 -19.5
    endloop
  endfacet
  facet normal -0.843381 0.537315 0
    outer loop
      vertex 4.71012 -9.29806 -19.5
      vertex 4.97965 -8.875 -17.3
      vertex 4.97965 -8.875 -19.5
    endloop
  endfacet
  facet normal -0.843381 0.537315 0
    outer loop
      vertex 4.97965 -8.875 -17.3
      vertex 4.71012 -9.29806 -19.5
      vertex 4.71012 -9.29806 -17.3
    endloop
  endfacet
  facet normal -0.0436205 -0.999048 0
    outer loop
      vertex 0 -0.25 -19.5
      vertex 0.501145 -0.271881 -17.3
      vertex 0 -0.25 -17.3
    endloop
  endfacet
  facet normal -0.0436205 -0.999048 -0
    outer loop
      vertex 0.501145 -0.271881 -17.3
      vertex 0 -0.25 -19.5
      vertex 0.501145 -0.271881 -19.5
    endloop
  endfacet
  facet normal -0.737311 0.675554 0
    outer loop
      vertex 4.06586 -10.0659 -19.5
      vertex 4.40475 -9.69603 -17.3
      vertex 4.40475 -9.69603 -19.5
    endloop
  endfacet
  facet normal -0.737311 0.675554 0
    outer loop
      vertex 4.40475 -9.69603 -17.3
      vertex 4.06586 -10.0659 -19.5
      vertex 4.06586 -10.0659 -17.3
    endloop
  endfacet
  facet normal -0.60867 0.793424 0
    outer loop
      vertex 3.69603 -10.4048 -19.5
      vertex 3.29806 -10.7101 -17.3
      vertex 3.69603 -10.4048 -17.3
    endloop
  endfacet
  facet normal -0.60867 0.793424 0
    outer loop
      vertex 3.29806 -10.7101 -17.3
      vertex 3.69603 -10.4048 -19.5
      vertex 3.29806 -10.7101 -19.5
    endloop
  endfacet
  facet normal 0.461737 -0.887017 0
    outer loop
      vertex -2.875 -1.02035 -19.5
      vertex -2.43005 -0.788731 -17.3
      vertex -2.875 -1.02035 -17.3
    endloop
  endfacet
  facet normal 0.461737 -0.887017 0
    outer loop
      vertex -2.43005 -0.788731 -17.3
      vertex -2.875 -1.02035 -19.5
      vertex -2.43005 -0.788731 -19.5
    endloop
  endfacet
  facet normal -0.923879 -0.382685 0
    outer loop
      vertex 5.40323 -4.03338 -19.5
      vertex 5.21127 -3.56995 -17.3
      vertex 5.21127 -3.56995 -19.5
    endloop
  endfacet
  facet normal -0.923879 -0.382685 0
    outer loop
      vertex 5.21127 -3.56995 -17.3
      vertex 5.40323 -4.03338 -19.5
      vertex 5.40323 -4.03338 -17.3
    endloop
  endfacet
  facet normal -0.737274 -0.675594 0
    outer loop
      vertex 4.40475 -2.30397 -19.5
      vertex 4.06586 -1.93414 -17.3
      vertex 4.06586 -1.93414 -19.5
    endloop
  endfacet
  facet normal -0.737274 -0.675594 0
    outer loop
      vertex 4.06586 -1.93414 -17.3
      vertex 4.40475 -2.30397 -19.5
      vertex 4.40475 -2.30397 -17.3
    endloop
  endfacet
  facet normal 0.793356 0.608758 0
    outer loop
      vertex -4.40475 -9.69603 -17.3
      vertex -4.71012 -9.29806 -19.5
      vertex -4.71012 -9.29806 -17.3
    endloop
  endfacet
  facet normal 0.793356 0.608758 0
    outer loop
      vertex -4.71012 -9.29806 -19.5
      vertex -4.40475 -9.69603 -17.3
      vertex -4.40475 -9.69603 -19.5
    endloop
  endfacet
  facet normal -0.537273 0.843409 0
    outer loop
      vertex 3.29806 -10.7101 -19.5
      vertex 2.875 -10.9796 -17.3
      vertex 3.29806 -10.7101 -17.3
    endloop
  endfacet
  facet normal -0.537273 0.843409 0
    outer loop
      vertex 2.875 -10.9796 -17.3
      vertex 3.29806 -10.7101 -19.5
      vertex 2.875 -10.9796 -19.5
    endloop
  endfacet
  facet normal 0.843381 0.537315 0
    outer loop
      vertex -4.71012 -9.29806 -17.3
      vertex -4.97965 -8.875 -19.5
      vertex -4.97965 -8.875 -17.3
    endloop
  endfacet
  facet normal 0.843381 0.537315 0
    outer loop
      vertex -4.97965 -8.875 -19.5
      vertex -4.71012 -9.29806 -17.3
      vertex -4.71012 -9.29806 -19.5
    endloop
  endfacet
  facet normal 0.300811 0.953684 -0
    outer loop
      vertex -1.48821 -11.5541 -19.5
      vertex -1.96662 -11.4032 -17.3
      vertex -1.48821 -11.5541 -17.3
    endloop
  endfacet
  facet normal 0.300811 0.953684 0
    outer loop
      vertex -1.96662 -11.4032 -17.3
      vertex -1.48821 -11.5541 -19.5
      vertex -1.96662 -11.4032 -19.5
    endloop
  endfacet
  facet normal 0.999048 0.043618 0
    outer loop
      vertex -5.72812 -6.50115 -17.3
      vertex -5.75 -6 -19.5
      vertex -5.75 -6 -17.3
    endloop
  endfacet
  facet normal 0.999048 0.043618 0
    outer loop
      vertex -5.75 -6 -19.5
      vertex -5.72812 -6.50115 -17.3
      vertex -5.72812 -6.50115 -19.5
    endloop
  endfacet
  facet normal 0.130526 -0.991445 0
    outer loop
      vertex -0.998477 -0.337356 -19.5
      vertex -0.501145 -0.271881 -17.3
      vertex -0.998477 -0.337356 -17.3
    endloop
  endfacet
  facet normal 0.130526 -0.991445 0
    outer loop
      vertex -0.501145 -0.271881 -17.3
      vertex -0.998477 -0.337356 -19.5
      vertex -0.501145 -0.271881 -19.5
    endloop
  endfacet
  facet normal 0.300704 -0.953718 0
    outer loop
      vertex -1.96662 -0.596768 -19.5
      vertex -1.48821 -0.445927 -17.3
      vertex -1.96662 -0.596768 -17.3
    endloop
  endfacet
  facet normal 0.300704 -0.953718 0
    outer loop
      vertex -1.48821 -0.445927 -17.3
      vertex -1.96662 -0.596768 -19.5
      vertex -1.48821 -0.445927 -19.5
    endloop
  endfacet
  facet normal 0.976296 -0.216439 0
    outer loop
      vertex -5.66264 -5.00152 -17.3
      vertex -5.55407 -4.51179 -19.5
      vertex -5.55407 -4.51179 -17.3
    endloop
  endfacet
  facet normal 0.976296 -0.216439 0
    outer loop
      vertex -5.55407 -4.51179 -19.5
      vertex -5.66264 -5.00152 -17.3
      vertex -5.66264 -5.00152 -19.5
    endloop
  endfacet
  facet normal -0.991444 0.130537 0
    outer loop
      vertex 5.66264 -6.99848 -19.5
      vertex 5.72812 -6.50115 -17.3
      vertex 5.72812 -6.50115 -19.5
    endloop
  endfacet
  facet normal -0.991444 0.130537 0
    outer loop
      vertex 5.72812 -6.50115 -17.3
      vertex 5.66264 -6.99848 -19.5
      vertex 5.66264 -6.99848 -17.3
    endloop
  endfacet
  facet normal 0.793356 -0.608758 0
    outer loop
      vertex -4.71012 -2.70194 -17.3
      vertex -4.40475 -2.30397 -19.5
      vertex -4.40475 -2.30397 -17.3
    endloop
  endfacet
  facet normal 0.793356 -0.608758 0
    outer loop
      vertex -4.40475 -2.30397 -19.5
      vertex -4.71012 -2.70194 -17.3
      vertex -4.71012 -2.70194 -19.5
    endloop
  endfacet
  facet normal 0.887016 0.461739 0
    outer loop
      vertex -4.97965 -8.875 -17.3
      vertex -5.21127 -8.43005 -19.5
      vertex -5.21127 -8.43005 -17.3
    endloop
  endfacet
  facet normal 0.887016 0.461739 0
    outer loop
      vertex -5.21127 -8.43005 -19.5
      vertex -4.97965 -8.875 -17.3
      vertex -4.97965 -8.875 -19.5
    endloop
  endfacet
  facet normal -0.130526 -0.991445 0
    outer loop
      vertex 0.501145 -0.271881 -19.5
      vertex 0.998477 -0.337356 -17.3
      vertex 0.501145 -0.271881 -17.3
    endloop
  endfacet
  facet normal -0.130526 -0.991445 -0
    outer loop
      vertex 0.998477 -0.337356 -17.3
      vertex 0.501145 -0.271881 -19.5
      vertex 0.998477 -0.337356 -19.5
    endloop
  endfacet
  facet normal 0 0 -1
    outer loop
      vertex 3.4 -6 -17.3
      vertex 5.75 -6 -17.3
      vertex 5.72812 -6.50115 -17.3
    endloop
  endfacet
  facet normal 0 0 -1
    outer loop
      vertex 3.38706 -6.29633 -17.3
      vertex 5.72812 -6.50115 -17.3
      vertex 5.66264 -6.99848 -17.3
    endloop
  endfacet
  facet normal 0 0 -1
    outer loop
      vertex 5.75 -6 -17.3
      vertex 3.4 -6 -17.3
      vertex 5.72812 -5.49885 -17.3
    endloop
  endfacet
  facet normal 0 0 -1
    outer loop
      vertex 3.34835 -6.5904 -17.3
      vertex 5.66264 -6.99848 -17.3
      vertex 5.55407 -7.48821 -17.3
    endloop
  endfacet
  facet normal 0 0 -1
    outer loop
      vertex 3.38706 -5.70367 -17.3
      vertex 5.72812 -5.49885 -17.3
      vertex 3.4 -6 -17.3
    endloop
  endfacet
  facet normal 0 0 -1
    outer loop
      vertex 3.28415 -6.87998 -17.3
      vertex 5.55407 -7.48821 -17.3
      vertex 5.40323 -7.96662 -17.3
    endloop
  endfacet
  facet normal -0 0 -1
    outer loop
      vertex 5.72812 -5.49885 -17.3
      vertex 3.38706 -5.70367 -17.3
      vertex 5.66264 -5.00152 -17.3
    endloop
  endfacet
  facet normal 0 0 -1
    outer loop
      vertex 3.19495 -7.16287 -17.3
      vertex 5.40323 -7.96662 -17.3
      vertex 5.21127 -8.43005 -17.3
    endloop
  endfacet
  facet normal 0 0 -1
    outer loop
      vertex 3.34835 -5.4096 -17.3
      vertex 5.66264 -5.00152 -17.3
      vertex 3.38706 -5.70367 -17.3
    endloop
  endfacet
  facet normal 0 0 -1
    outer loop
      vertex 3.08145 -7.4369 -17.3
      vertex 5.21127 -8.43005 -17.3
      vertex 4.97965 -8.875 -17.3
    endloop
  endfacet
  facet normal -0 0 -1
    outer loop
      vertex 5.66264 -5.00152 -17.3
      vertex 3.34835 -5.4096 -17.3
      vertex 5.55407 -4.51179 -17.3
    endloop
  endfacet
  facet normal 0 0 -1
    outer loop
      vertex 2.94449 -7.7 -17.3
      vertex 4.97965 -8.875 -17.3
      vertex 4.71012 -9.29806 -17.3
    endloop
  endfacet
  facet normal 0 0 -1
    outer loop
      vertex 3.28415 -5.12002 -17.3
      vertex 5.55407 -4.51179 -17.3
      vertex 3.34835 -5.4096 -17.3
    endloop
  endfacet
  facet normal 0 0 -1
    outer loop
      vertex 2.78512 -7.95016 -17.3
      vertex 4.71012 -9.29806 -17.3
      vertex 4.40475 -9.69603 -17.3
    endloop
  endfacet
  facet normal -0 0 -1
    outer loop
      vertex 5.55407 -4.51179 -17.3
      vertex 3.28415 -5.12002 -17.3
      vertex 5.40323 -4.03338 -17.3
    endloop
  endfacet
  facet normal 0 0 -1
    outer loop
      vertex 2.60455 -8.18548 -17.3
      vertex 4.40475 -9.69603 -17.3
      vertex 4.06586 -10.0659 -17.3
    endloop
  endfacet
  facet normal 0 0 -1
    outer loop
      vertex 3.19495 -4.83713 -17.3
      vertex 5.40323 -4.03338 -17.3
      vertex 3.28415 -5.12002 -17.3
    endloop
  endfacet
  facet normal 0 0 -1
    outer loop
      vertex 2.40416 -8.40416 -17.3
      vertex 4.06586 -10.0659 -17.3
      vertex 3.69603 -10.4048 -17.3
    endloop
  endfacet
  facet normal -0 0 -1
    outer loop
      vertex 5.40323 -4.03338 -17.3
      vertex 3.19495 -4.83713 -17.3
      vertex 5.21127 -3.56995 -17.3
    endloop
  endfacet
  facet normal 0 0 -1
    outer loop
      vertex 3.08145 -4.5631 -17.3
      vertex 5.21127 -3.56995 -17.3
      vertex 3.19495 -4.83713 -17.3
    endloop
  endfacet
  facet normal 0 0 -1
    outer loop
      vertex 5.72812 -6.50115 -17.3
      vertex 3.38706 -6.29633 -17.3
      vertex 3.4 -6 -17.3
    endloop
  endfacet
  facet normal 0 0 -1
    outer loop
      vertex 5.66264 -6.99848 -17.3
      vertex 3.34835 -6.5904 -17.3
      vertex 3.38706 -6.29633 -17.3
    endloop
  endfacet
  facet normal 0 0 -1
    outer loop
      vertex 2.18548 -8.60455 -17.3
      vertex 3.69603 -10.4048 -17.3
      vertex 3.29806 -10.7101 -17.3
    endloop
  endfacet
  facet normal 0 0 -1
    outer loop
      vertex 5.55407 -7.48821 -17.3
      vertex 3.28415 -6.87998 -17.3
      vertex 3.34835 -6.5904 -17.3
    endloop
  endfacet
  facet normal 0 0 -1
    outer loop
      vertex 5.40323 -7.96662 -17.3
      vertex 3.19495 -7.16287 -17.3
      vertex 3.28415 -6.87998 -17.3
    endloop
  endfacet
  facet normal 0 0 -1
    outer loop
      vertex 5.21127 -8.43005 -17.3
      vertex 3.08145 -7.4369 -17.3
      vertex 3.19495 -7.16287 -17.3
    endloop
  endfacet
  facet normal 0 0 -1
    outer loop
      vertex 4.97965 -8.875 -17.3
      vertex 2.94449 -7.7 -17.3
      vertex 3.08145 -7.4369 -17.3
    endloop
  endfacet
  facet normal 0 0 -1
    outer loop
      vertex 1.95016 -8.78512 -17.3
      vertex 3.29806 -10.7101 -17.3
      vertex 2.875 -10.9796 -17.3
    endloop
  endfacet
  facet normal 0 0 -1
    outer loop
      vertex 4.71012 -9.29806 -17.3
      vertex 2.78512 -7.95016 -17.3
      vertex 2.94449 -7.7 -17.3
    endloop
  endfacet
  facet normal 0 0 -1
    outer loop
      vertex 4.40475 -9.69603 -17.3
      vertex 2.60455 -8.18548 -17.3
      vertex 2.78512 -7.95016 -17.3
    endloop
  endfacet
  facet normal 0 0 -1
    outer loop
      vertex 1.7 -8.94449 -17.3
      vertex 2.875 -10.9796 -17.3
      vertex 2.43005 -11.2113 -17.3
    endloop
  endfacet
  facet normal 0 0 -1
    outer loop
      vertex 4.06586 -10.0659 -17.3
      vertex 2.40416 -8.40416 -17.3
      vertex 2.60455 -8.18548 -17.3
    endloop
  endfacet
  facet normal 0 0 -1
    outer loop
      vertex 3.69603 -10.4048 -17.3
      vertex 2.18548 -8.60455 -17.3
      vertex 2.40416 -8.40416 -17.3
    endloop
  endfacet
  facet normal 0 0 -1
    outer loop
      vertex 1.4369 -9.08145 -17.3
      vertex 2.43005 -11.2113 -17.3
      vertex 1.96662 -11.4032 -17.3
    endloop
  endfacet
  facet normal 0 0 -1
    outer loop
      vertex 3.29806 -10.7101 -17.3
      vertex 1.95016 -8.78512 -17.3
      vertex 2.18548 -8.60455 -17.3
    endloop
  endfacet
  facet normal 0 0 -1
    outer loop
      vertex 2.875 -10.9796 -17.3
      vertex 1.7 -8.94449 -17.3
      vertex 1.95016 -8.78512 -17.3
    endloop
  endfacet
  facet normal 0 0 -1
    outer loop
      vertex 1.16287 -9.19495 -17.3
      vertex 1.96662 -11.4032 -17.3
      vertex 1.48821 -11.5541 -17.3
    endloop
  endfacet
  facet normal 0 0 -1
    outer loop
      vertex 2.43005 -11.2113 -17.3
      vertex 1.4369 -9.08145 -17.3
      vertex 1.7 -8.94449 -17.3
    endloop
  endfacet
  facet normal 0 0 -1
    outer loop
      vertex 1.96662 -11.4032 -17.3
      vertex 1.16287 -9.19495 -17.3
      vertex 1.4369 -9.08145 -17.3
    endloop
  endfacet
  facet normal 0 0 -1
    outer loop
      vertex 0.879984 -9.28415 -17.3
      vertex 1.48821 -11.5541 -17.3
      vertex 0.998477 -11.6626 -17.3
    endloop
  endfacet
  facet normal 0 0 -1
    outer loop
      vertex 1.48821 -11.5541 -17.3
      vertex 0.879984 -9.28415 -17.3
      vertex 1.16287 -9.19495 -17.3
    endloop
  endfacet
  facet normal 0 0 -1
    outer loop
      vertex 0.998477 -11.6626 -17.3
      vertex 0.590404 -9.34835 -17.3
      vertex 0.879984 -9.28415 -17.3
    endloop
  endfacet
  facet normal 0 0 -1
    outer loop
      vertex 0.501145 -11.7281 -17.3
      vertex 0.590404 -9.34835 -17.3
      vertex 0.998477 -11.6626 -17.3
    endloop
  endfacet
  facet normal 0 0 -1
    outer loop
      vertex 0.501145 -11.7281 -17.3
      vertex 0.296329 -9.38706 -17.3
      vertex 0.590404 -9.34835 -17.3
    endloop
  endfacet
  facet normal 0 0 -1
    outer loop
      vertex 0 -11.75 -17.3
      vertex 0.296329 -9.38706 -17.3
      vertex 0.501145 -11.7281 -17.3
    endloop
  endfacet
  facet normal 0 0 -1
    outer loop
      vertex 0 -11.75 -17.3
      vertex 0 -9.4 -17.3
      vertex 0.296329 -9.38706 -17.3
    endloop
  endfacet
  facet normal 0 0 -1
    outer loop
      vertex 0 -11.75 -17.3
      vertex -0.296329 -9.38706 -17.3
      vertex 0 -9.4 -17.3
    endloop
  endfacet
  facet normal 0 0 -1
    outer loop
      vertex -0.501145 -11.7281 -17.3
      vertex -0.296329 -9.38706 -17.3
      vertex 0 -11.75 -17.3
    endloop
  endfacet
  facet normal 0 0 -1
    outer loop
      vertex -0.501145 -11.7281 -17.3
      vertex -0.590404 -9.34835 -17.3
      vertex -0.296329 -9.38706 -17.3
    endloop
  endfacet
  facet normal 0 0 -1
    outer loop
      vertex -0.998477 -11.6626 -17.3
      vertex -0.590404 -9.34835 -17.3
      vertex -0.501145 -11.7281 -17.3
    endloop
  endfacet
  facet normal -0 0 -1
    outer loop
      vertex -0.590404 -9.34835 -17.3
      vertex -0.998477 -11.6626 -17.3
      vertex -0.879984 -9.28415 -17.3
    endloop
  endfacet
  facet normal 0 0 -1
    outer loop
      vertex -1.48821 -11.5541 -17.3
      vertex -0.879984 -9.28415 -17.3
      vertex -0.998477 -11.6626 -17.3
    endloop
  endfacet
  facet normal -0 0 -1
    outer loop
      vertex -0.879984 -9.28415 -17.3
      vertex -1.48821 -11.5541 -17.3
      vertex -1.16287 -9.19495 -17.3
    endloop
  endfacet
  facet normal 0 0 -1
    outer loop
      vertex -1.96662 -11.4032 -17.3
      vertex -1.16287 -9.19495 -17.3
      vertex -1.48821 -11.5541 -17.3
    endloop
  endfacet
  facet normal -0 0 -1
    outer loop
      vertex -1.16287 -9.19495 -17.3
      vertex -1.96662 -11.4032 -17.3
      vertex -1.4369 -9.08145 -17.3
    endloop
  endfacet
  facet normal 0 0 -1
    outer loop
      vertex -2.43005 -11.2113 -17.3
      vertex -1.4369 -9.08145 -17.3
      vertex -1.96662 -11.4032 -17.3
    endloop
  endfacet
  facet normal -0 0 -1
    outer loop
      vertex -1.4369 -9.08145 -17.3
      vertex -2.43005 -11.2113 -17.3
      vertex -1.7 -8.94449 -17.3
    endloop
  endfacet
  facet normal 0 0 -1
    outer loop
      vertex -2.875 -10.9796 -17.3
      vertex -1.7 -8.94449 -17.3
      vertex -2.43005 -11.2113 -17.3
    endloop
  endfacet
  facet normal -0 0 -1
    outer loop
      vertex -1.7 -8.94449 -17.3
      vertex -2.875 -10.9796 -17.3
      vertex -1.95016 -8.78512 -17.3
    endloop
  endfacet
  facet normal 0 0 -1
    outer loop
      vertex -3.29806 -10.7101 -17.3
      vertex -1.95016 -8.78512 -17.3
      vertex -2.875 -10.9796 -17.3
    endloop
  endfacet
  facet normal -0 0 -1
    outer loop
      vertex -1.95016 -8.78512 -17.3
      vertex -3.29806 -10.7101 -17.3
      vertex -2.18548 -8.60455 -17.3
    endloop
  endfacet
  facet normal 0 0 -1
    outer loop
      vertex -3.69603 -10.4048 -17.3
      vertex -2.18548 -8.60455 -17.3
      vertex -3.29806 -10.7101 -17.3
    endloop
  endfacet
  facet normal -0 0 -1
    outer loop
      vertex -2.18548 -8.60455 -17.3
      vertex -3.69603 -10.4048 -17.3
      vertex -2.40416 -8.40416 -17.3
    endloop
  endfacet
  facet normal 0 0 -1
    outer loop
      vertex -4.06586 -10.0659 -17.3
      vertex -2.40416 -8.40416 -17.3
      vertex -3.69603 -10.4048 -17.3
    endloop
  endfacet
  facet normal -0 0 -1
    outer loop
      vertex -2.40416 -8.40416 -17.3
      vertex -4.06586 -10.0659 -17.3
      vertex -2.60455 -8.18548 -17.3
    endloop
  endfacet
  facet normal 0 0 -1
    outer loop
      vertex -4.40475 -9.69603 -17.3
      vertex -2.60455 -8.18548 -17.3
      vertex -4.06586 -10.0659 -17.3
    endloop
  endfacet
  facet normal -0 0 -1
    outer loop
      vertex -2.60455 -8.18548 -17.3
      vertex -4.40475 -9.69603 -17.3
      vertex -2.78512 -7.95016 -17.3
    endloop
  endfacet
  facet normal 0 0 -1
    outer loop
      vertex -4.71012 -9.29806 -17.3
      vertex -2.78512 -7.95016 -17.3
      vertex -4.40475 -9.69603 -17.3
    endloop
  endfacet
  facet normal -0 0 -1
    outer loop
      vertex -2.78512 -7.95016 -17.3
      vertex -4.71012 -9.29806 -17.3
      vertex -2.94449 -7.7 -17.3
    endloop
  endfacet
  facet normal 0 0 -1
    outer loop
      vertex -4.97965 -8.875 -17.3
      vertex -2.94449 -7.7 -17.3
      vertex -4.71012 -9.29806 -17.3
    endloop
  endfacet
  facet normal -0 0 -1
    outer loop
      vertex -2.94449 -7.7 -17.3
      vertex -4.97965 -8.875 -17.3
      vertex -3.08145 -7.4369 -17.3
    endloop
  endfacet
  facet normal 0 0 -1
    outer loop
      vertex -5.21127 -8.43005 -17.3
      vertex -3.08145 -7.4369 -17.3
      vertex -4.97965 -8.875 -17.3
    endloop
  endfacet
  facet normal -0 0 -1
    outer loop
      vertex 5.21127 -3.56995 -17.3
      vertex 3.08145 -4.5631 -17.3
      vertex 4.97965 -3.125 -17.3
    endloop
  endfacet
  facet normal 0 0 -1
    outer loop
      vertex 2.94449 -4.3 -17.3
      vertex 4.97965 -3.125 -17.3
      vertex 3.08145 -4.5631 -17.3
    endloop
  endfacet
  facet normal -0 0 -1
    outer loop
      vertex 4.97965 -3.125 -17.3
      vertex 2.94449 -4.3 -17.3
      vertex 4.71012 -2.70194 -17.3
    endloop
  endfacet
  facet normal 0 0 -1
    outer loop
      vertex 2.78512 -4.04984 -17.3
      vertex 4.71012 -2.70194 -17.3
      vertex 2.94449 -4.3 -17.3
    endloop
  endfacet
  facet normal -0 0 -1
    outer loop
      vertex 4.71012 -2.70194 -17.3
      vertex 2.78512 -4.04984 -17.3
      vertex 4.40475 -2.30397 -17.3
    endloop
  endfacet
  facet normal 0 0 -1
    outer loop
      vertex 2.60455 -3.81452 -17.3
      vertex 4.40475 -2.30397 -17.3
      vertex 2.78512 -4.04984 -17.3
    endloop
  endfacet
  facet normal -0 0 -1
    outer loop
      vertex 4.40475 -2.30397 -17.3
      vertex 2.60455 -3.81452 -17.3
      vertex 4.06586 -1.93414 -17.3
    endloop
  endfacet
  facet normal 0 0 -1
    outer loop
      vertex 2.40416 -3.59584 -17.3
      vertex 4.06586 -1.93414 -17.3
      vertex 2.60455 -3.81452 -17.3
    endloop
  endfacet
  facet normal -0 0 -1
    outer loop
      vertex 4.06586 -1.93414 -17.3
      vertex 2.40416 -3.59584 -17.3
      vertex 3.69603 -1.59525 -17.3
    endloop
  endfacet
  facet normal 0 0 -1
    outer loop
      vertex 2.18548 -3.39545 -17.3
      vertex 3.69603 -1.59525 -17.3
      vertex 2.40416 -3.59584 -17.3
    endloop
  endfacet
  facet normal -0 0 -1
    outer loop
      vertex 3.69603 -1.59525 -17.3
      vertex 2.18548 -3.39545 -17.3
      vertex 3.29806 -1.28988 -17.3
    endloop
  endfacet
  facet normal 0 0 -1
    outer loop
      vertex 1.95016 -3.21488 -17.3
      vertex 3.29806 -1.28988 -17.3
      vertex 2.18548 -3.39545 -17.3
    endloop
  endfacet
  facet normal -0 0 -1
    outer loop
      vertex 3.29806 -1.28988 -17.3
      vertex 1.95016 -3.21488 -17.3
      vertex 2.875 -1.02035 -17.3
    endloop
  endfacet
  facet normal 0 0 -1
    outer loop
      vertex 1.7 -3.05551 -17.3
      vertex 2.875 -1.02035 -17.3
      vertex 1.95016 -3.21488 -17.3
    endloop
  endfacet
  facet normal -0 0 -1
    outer loop
      vertex 2.875 -1.02035 -17.3
      vertex 1.7 -3.05551 -17.3
      vertex 2.43005 -0.788731 -17.3
    endloop
  endfacet
  facet normal 0 0 -1
    outer loop
      vertex 1.4369 -2.91855 -17.3
      vertex 2.43005 -0.788731 -17.3
      vertex 1.7 -3.05551 -17.3
    endloop
  endfacet
  facet normal -0 0 -1
    outer loop
      vertex 2.43005 -0.788731 -17.3
      vertex 1.4369 -2.91855 -17.3
      vertex 1.96662 -0.596768 -17.3
    endloop
  endfacet
  facet normal 0 0 -1
    outer loop
      vertex 1.16287 -2.80505 -17.3
      vertex 1.96662 -0.596768 -17.3
      vertex 1.4369 -2.91855 -17.3
    endloop
  endfacet
  facet normal -0 0 -1
    outer loop
      vertex 1.96662 -0.596768 -17.3
      vertex 1.16287 -2.80505 -17.3
      vertex 1.48821 -0.445927 -17.3
    endloop
  endfacet
  facet normal 0 0 -1
    outer loop
      vertex 0.879984 -2.71585 -17.3
      vertex 1.48821 -0.445927 -17.3
      vertex 1.16287 -2.80505 -17.3
    endloop
  endfacet
  facet normal -0 0 -1
    outer loop
      vertex 1.48821 -0.445927 -17.3
      vertex 0.879984 -2.71585 -17.3
      vertex 0.998477 -0.337356 -17.3
    endloop
  endfacet
  facet normal 0 0 -1
    outer loop
      vertex 0.590404 -2.65165 -17.3
      vertex 0.998477 -0.337356 -17.3
      vertex 0.879984 -2.71585 -17.3
    endloop
  endfacet
  facet normal 0 0 -1
    outer loop
      vertex 0.590404 -2.65165 -17.3
      vertex 0.501145 -0.271881 -17.3
      vertex 0.998477 -0.337356 -17.3
    endloop
  endfacet
  facet normal 0 0 -1
    outer loop
      vertex 0.296329 -2.61294 -17.3
      vertex 0.501145 -0.271881 -17.3
      vertex 0.590404 -2.65165 -17.3
    endloop
  endfacet
  facet normal 0 0 -1
    outer loop
      vertex 0 -2.6 -17.3
      vertex 0.501145 -0.271881 -17.3
      vertex 0.296329 -2.61294 -17.3
    endloop
  endfacet
  facet normal 0 0 -1
    outer loop
      vertex 0 -2.6 -17.3
      vertex 0 -0.25 -17.3
      vertex 0.501145 -0.271881 -17.3
    endloop
  endfacet
  facet normal 0 0 -1
    outer loop
      vertex -0.296329 -2.61294 -17.3
      vertex 0 -0.25 -17.3
      vertex 0 -2.6 -17.3
    endloop
  endfacet
  facet normal 0 0 -1
    outer loop
      vertex -0.296329 -2.61294 -17.3
      vertex -0.501145 -0.271881 -17.3
      vertex 0 -0.25 -17.3
    endloop
  endfacet
  facet normal 0 0 -1
    outer loop
      vertex -0.590404 -2.65165 -17.3
      vertex -0.501145 -0.271881 -17.3
      vertex -0.296329 -2.61294 -17.3
    endloop
  endfacet
  facet normal 0 0 -1
    outer loop
      vertex -0.998477 -0.337356 -17.3
      vertex -0.590404 -2.65165 -17.3
      vertex -0.879984 -2.71585 -17.3
    endloop
  endfacet
  facet normal 0 0 -1
    outer loop
      vertex -0.590404 -2.65165 -17.3
      vertex -0.998477 -0.337356 -17.3
      vertex -0.501145 -0.271881 -17.3
    endloop
  endfacet
  facet normal 0 0 -1
    outer loop
      vertex -1.48821 -0.445927 -17.3
      vertex -0.879984 -2.71585 -17.3
      vertex -1.16287 -2.80505 -17.3
    endloop
  endfacet
  facet normal 0 0 -1
    outer loop
      vertex -1.96662 -0.596768 -17.3
      vertex -1.16287 -2.80505 -17.3
      vertex -1.4369 -2.91855 -17.3
    endloop
  endfacet
  facet normal 0 0 -1
    outer loop
      vertex -0.879984 -2.71585 -17.3
      vertex -1.48821 -0.445927 -17.3
      vertex -0.998477 -0.337356 -17.3
    endloop
  endfacet
  facet normal 0 0 -1
    outer loop
      vertex -2.43005 -0.788731 -17.3
      vertex -1.4369 -2.91855 -17.3
      vertex -1.7 -3.05551 -17.3
    endloop
  endfacet
  facet normal 0 0 -1
    outer loop
      vertex -2.875 -1.02035 -17.3
      vertex -1.7 -3.05551 -17.3
      vertex -1.95016 -3.21488 -17.3
    endloop
  endfacet
  facet normal 0 0 -1
    outer loop
      vertex -1.16287 -2.80505 -17.3
      vertex -1.96662 -0.596768 -17.3
      vertex -1.48821 -0.445927 -17.3
    endloop
  endfacet
  facet normal 0 0 -1
    outer loop
      vertex -3.29806 -1.28988 -17.3
      vertex -1.95016 -3.21488 -17.3
      vertex -2.18548 -3.39545 -17.3
    endloop
  endfacet
  facet normal 0 0 -1
    outer loop
      vertex -3.69603 -1.59525 -17.3
      vertex -2.18548 -3.39545 -17.3
      vertex -2.40416 -3.59584 -17.3
    endloop
  endfacet
  facet normal 0 0 -1
    outer loop
      vertex -1.4369 -2.91855 -17.3
      vertex -2.43005 -0.788731 -17.3
      vertex -1.96662 -0.596768 -17.3
    endloop
  endfacet
  facet normal 0 0 -1
    outer loop
      vertex -4.06586 -1.93414 -17.3
      vertex -2.40416 -3.59584 -17.3
      vertex -2.60455 -3.81452 -17.3
    endloop
  endfacet
  facet normal 0 0 -1
    outer loop
      vertex -4.40475 -2.30397 -17.3
      vertex -2.60455 -3.81452 -17.3
      vertex -2.78512 -4.04984 -17.3
    endloop
  endfacet
  facet normal 0 0 -1
    outer loop
      vertex -1.7 -3.05551 -17.3
      vertex -2.875 -1.02035 -17.3
      vertex -2.43005 -0.788731 -17.3
    endloop
  endfacet
  facet normal 0 0 -1
    outer loop
      vertex -4.71012 -2.70194 -17.3
      vertex -2.78512 -4.04984 -17.3
      vertex -2.94449 -4.3 -17.3
    endloop
  endfacet
  facet normal 0 0 -1
    outer loop
      vertex -4.97965 -3.125 -17.3
      vertex -2.94449 -4.3 -17.3
      vertex -3.08145 -4.5631 -17.3
    endloop
  endfacet
  facet normal 0 0 -1
    outer loop
      vertex -5.21127 -3.56995 -17.3
      vertex -3.08145 -4.5631 -17.3
      vertex -3.19495 -4.83713 -17.3
    endloop
  endfacet
  facet normal 0 0 -1
    outer loop
      vertex -5.40323 -4.03338 -17.3
      vertex -3.19495 -4.83713 -17.3
      vertex -3.28415 -5.12002 -17.3
    endloop
  endfacet
  facet normal 0 0 -1
    outer loop
      vertex -1.95016 -3.21488 -17.3
      vertex -3.29806 -1.28988 -17.3
      vertex -2.875 -1.02035 -17.3
    endloop
  endfacet
  facet normal 0 0 -1
    outer loop
      vertex -5.55407 -4.51179 -17.3
      vertex -3.28415 -5.12002 -17.3
      vertex -3.34835 -5.4096 -17.3
    endloop
  endfacet
  facet normal 0 0 -1
    outer loop
      vertex -5.66264 -5.00152 -17.3
      vertex -3.34835 -5.4096 -17.3
      vertex -3.38706 -5.70367 -17.3
    endloop
  endfacet
  facet normal 0 0 -1
    outer loop
      vertex -5.72812 -5.49885 -17.3
      vertex -3.38706 -5.70367 -17.3
      vertex -3.4 -6 -17.3
    endloop
  endfacet
  facet normal -0 0 -1
    outer loop
      vertex -3.08145 -7.4369 -17.3
      vertex -5.21127 -8.43005 -17.3
      vertex -3.19495 -7.16287 -17.3
    endloop
  endfacet
  facet normal 0 0 -1
    outer loop
      vertex -2.18548 -3.39545 -17.3
      vertex -3.69603 -1.59525 -17.3
      vertex -3.29806 -1.28988 -17.3
    endloop
  endfacet
  facet normal 0 0 -1
    outer loop
      vertex -5.40323 -7.96662 -17.3
      vertex -3.19495 -7.16287 -17.3
      vertex -5.21127 -8.43005 -17.3
    endloop
  endfacet
  facet normal 0 0 -1
    outer loop
      vertex -2.40416 -3.59584 -17.3
      vertex -4.06586 -1.93414 -17.3
      vertex -3.69603 -1.59525 -17.3
    endloop
  endfacet
  facet normal -0 0 -1
    outer loop
      vertex -3.19495 -7.16287 -17.3
      vertex -5.40323 -7.96662 -17.3
      vertex -3.28415 -6.87998 -17.3
    endloop
  endfacet
  facet normal 0 0 -1
    outer loop
      vertex -2.60455 -3.81452 -17.3
      vertex -4.40475 -2.30397 -17.3
      vertex -4.06586 -1.93414 -17.3
    endloop
  endfacet
  facet normal 0 0 -1
    outer loop
      vertex -5.55407 -7.48821 -17.3
      vertex -3.28415 -6.87998 -17.3
      vertex -5.40323 -7.96662 -17.3
    endloop
  endfacet
  facet normal 0 0 -1
    outer loop
      vertex -2.78512 -4.04984 -17.3
      vertex -4.71012 -2.70194 -17.3
      vertex -4.40475 -2.30397 -17.3
    endloop
  endfacet
  facet normal -0 0 -1
    outer loop
      vertex -3.28415 -6.87998 -17.3
      vertex -5.55407 -7.48821 -17.3
      vertex -3.34835 -6.5904 -17.3
    endloop
  endfacet
  facet normal 0 0 -1
    outer loop
      vertex -2.94449 -4.3 -17.3
      vertex -4.97965 -3.125 -17.3
      vertex -4.71012 -2.70194 -17.3
    endloop
  endfacet
  facet normal 0 0 -1
    outer loop
      vertex -5.66264 -6.99848 -17.3
      vertex -3.34835 -6.5904 -17.3
      vertex -5.55407 -7.48821 -17.3
    endloop
  endfacet
  facet normal 0 0 -1
    outer loop
      vertex -3.08145 -4.5631 -17.3
      vertex -5.21127 -3.56995 -17.3
      vertex -4.97965 -3.125 -17.3
    endloop
  endfacet
  facet normal -0 0 -1
    outer loop
      vertex -3.34835 -6.5904 -17.3
      vertex -5.66264 -6.99848 -17.3
      vertex -3.38706 -6.29633 -17.3
    endloop
  endfacet
  facet normal 0 0 -1
    outer loop
      vertex -3.19495 -4.83713 -17.3
      vertex -5.40323 -4.03338 -17.3
      vertex -5.21127 -3.56995 -17.3
    endloop
  endfacet
  facet normal 0 0 -1
    outer loop
      vertex -5.72812 -6.50115 -17.3
      vertex -3.38706 -6.29633 -17.3
      vertex -5.66264 -6.99848 -17.3
    endloop
  endfacet
  facet normal 0 0 -1
    outer loop
      vertex -3.28415 -5.12002 -17.3
      vertex -5.55407 -4.51179 -17.3
      vertex -5.40323 -4.03338 -17.3
    endloop
  endfacet
  facet normal -0 0 -1
    outer loop
      vertex -3.38706 -6.29633 -17.3
      vertex -5.72812 -6.50115 -17.3
      vertex -3.4 -6 -17.3
    endloop
  endfacet
  facet normal 0 0 -1
    outer loop
      vertex -3.34835 -5.4096 -17.3
      vertex -5.66264 -5.00152 -17.3
      vertex -5.55407 -4.51179 -17.3
    endloop
  endfacet
  facet normal 0 0 -1
    outer loop
      vertex -5.75 -6 -17.3
      vertex -3.4 -6 -17.3
      vertex -5.72812 -6.50115 -17.3
    endloop
  endfacet
  facet normal 0 0 -1
    outer loop
      vertex -3.38706 -5.70367 -17.3
      vertex -5.72812 -5.49885 -17.3
      vertex -5.66264 -5.00152 -17.3
    endloop
  endfacet
  facet normal 0 0 -1
    outer loop
      vertex -3.4 -6 -17.3
      vertex -5.75 -6 -17.3
      vertex -5.72812 -5.49885 -17.3
    endloop
  endfacet
  facet normal -0.923879 0.382685 0
    outer loop
      vertex 5.21127 -8.43005 -19.5
      vertex 5.40323 -7.96662 -17.3
      vertex 5.40323 -7.96662 -19.5
    endloop
  endfacet
  facet normal -0.923879 0.382685 0
    outer loop
      vertex 5.40323 -7.96662 -17.3
      vertex 5.21127 -8.43005 -19.5
      vertex 5.21127 -8.43005 -17.3
    endloop
  endfacet
  facet normal -0.887016 0.461739 0
    outer loop
      vertex 4.97965 -8.875 -19.5
      vertex 5.21127 -8.43005 -17.3
      vertex 5.21127 -8.43005 -19.5
    endloop
  endfacet
  facet normal -0.887016 0.461739 0
    outer loop
      vertex 5.21127 -8.43005 -17.3
      vertex 4.97965 -8.875 -19.5
      vertex 4.97965 -8.875 -17.3
    endloop
  endfacet
  facet normal 0.923879 0.382685 0
    outer loop
      vertex -5.21127 -8.43005 -17.3
      vertex -5.40323 -7.96662 -19.5
      vertex -5.40323 -7.96662 -17.3
    endloop
  endfacet
  facet normal 0.923879 0.382685 0
    outer loop
      vertex -5.40323 -7.96662 -19.5
      vertex -5.21127 -8.43005 -17.3
      vertex -5.21127 -8.43005 -19.5
    endloop
  endfacet
  facet normal 0.675605 0.737264 -0
    outer loop
      vertex -3.69603 -10.4048 -19.5
      vertex -4.06586 -10.0659 -17.3
      vertex -3.69603 -10.4048 -17.3
    endloop
  endfacet
  facet normal 0.675605 0.737264 0
    outer loop
      vertex -4.06586 -10.0659 -17.3
      vertex -3.69603 -10.4048 -19.5
      vertex -4.06586 -10.0659 -19.5
    endloop
  endfacet
  facet normal 0.537273 0.843409 -0
    outer loop
      vertex -2.875 -10.9796 -19.5
      vertex -3.29806 -10.7101 -17.3
      vertex -2.875 -10.9796 -17.3
    endloop
  endfacet
  facet normal 0.537273 0.843409 0
    outer loop
      vertex -3.29806 -10.7101 -17.3
      vertex -2.875 -10.9796 -19.5
      vertex -3.29806 -10.7101 -19.5
    endloop
  endfacet
  facet normal -0.793356 -0.608758 0
    outer loop
      vertex 4.71012 -2.70194 -19.5
      vertex 4.40475 -2.30397 -17.3
      vertex 4.40475 -2.30397 -19.5
    endloop
  endfacet
  facet normal -0.793356 -0.608758 0
    outer loop
      vertex 4.40475 -2.30397 -17.3
      vertex 4.71012 -2.70194 -19.5
      vertex 4.71012 -2.70194 -17.3
    endloop
  endfacet
  facet normal 0.382583 0.923921 -0
    outer loop
      vertex -1.96662 -11.4032 -19.5
      vertex -2.43005 -11.2113 -17.3
      vertex -1.96662 -11.4032 -17.3
    endloop
  endfacet
  facet normal 0.382583 0.923921 0
    outer loop
      vertex -2.43005 -11.2113 -17.3
      vertex -1.96662 -11.4032 -19.5
      vertex -2.43005 -11.2113 -19.5
    endloop
  endfacet
  facet normal 0.130575 0.991438 -0
    outer loop
      vertex -0.501145 -11.7281 -19.5
      vertex -0.998477 -11.6626 -17.3
      vertex -0.501145 -11.7281 -17.3
    endloop
  endfacet
  facet normal 0.130575 0.991438 0
    outer loop
      vertex -0.998477 -11.6626 -17.3
      vertex -0.501145 -11.7281 -19.5
      vertex -0.998477 -11.6626 -19.5
    endloop
  endfacet
  facet normal 0.843381 -0.537315 0
    outer loop
      vertex -4.97965 -3.125 -17.3
      vertex -4.71012 -2.70194 -19.5
      vertex -4.71012 -2.70194 -17.3
    endloop
  endfacet
  facet normal 0.843381 -0.537315 0
    outer loop
      vertex -4.71012 -2.70194 -19.5
      vertex -4.97965 -3.125 -17.3
      vertex -4.97965 -3.125 -19.5
    endloop
  endfacet
  facet normal 0.999048 -0.043618 0
    outer loop
      vertex -5.75 -6 -17.3
      vertex -5.72812 -5.49885 -19.5
      vertex -5.72812 -5.49885 -17.3
    endloop
  endfacet
  facet normal 0.999048 -0.043618 0
    outer loop
      vertex -5.72812 -5.49885 -19.5
      vertex -5.75 -6 -17.3
      vertex -5.75 -6 -19.5
    endloop
  endfacet
  facet normal -0.300811 0.953684 0
    outer loop
      vertex 1.96662 -11.4032 -19.5
      vertex 1.48821 -11.5541 -17.3
      vertex 1.96662 -11.4032 -17.3
    endloop
  endfacet
  facet normal -0.300811 0.953684 0
    outer loop
      vertex 1.48821 -11.5541 -17.3
      vertex 1.96662 -11.4032 -19.5
      vertex 1.48821 -11.5541 -19.5
    endloop
  endfacet
  facet normal 0.923879 -0.382685 0
    outer loop
      vertex -5.40323 -4.03338 -17.3
      vertex -5.21127 -3.56995 -19.5
      vertex -5.21127 -3.56995 -17.3
    endloop
  endfacet
  facet normal 0.923879 -0.382685 0
    outer loop
      vertex -5.21127 -3.56995 -19.5
      vertex -5.40323 -4.03338 -17.3
      vertex -5.40323 -4.03338 -19.5
    endloop
  endfacet
  facet normal -0.675605 0.737264 0
    outer loop
      vertex 4.06586 -10.0659 -19.5
      vertex 3.69603 -10.4048 -17.3
      vertex 4.06586 -10.0659 -17.3
    endloop
  endfacet
  facet normal -0.675605 0.737264 0
    outer loop
      vertex 3.69603 -10.4048 -17.3
      vertex 4.06586 -10.0659 -19.5
      vertex 3.69603 -10.4048 -19.5
    endloop
  endfacet
  facet normal 0.737274 -0.675594 0
    outer loop
      vertex -4.40475 -2.30397 -17.3
      vertex -4.06586 -1.93414 -19.5
      vertex -4.06586 -1.93414 -17.3
    endloop
  endfacet
  facet normal 0.737274 -0.675594 0
    outer loop
      vertex -4.06586 -1.93414 -19.5
      vertex -4.40475 -2.30397 -17.3
      vertex -4.40475 -2.30397 -19.5
    endloop
  endfacet
  facet normal -0.38269 -0.923877 0
    outer loop
      vertex 1.96662 -0.596768 -19.5
      vertex 2.43005 -0.788731 -17.3
      vertex 1.96662 -0.596768 -17.3
    endloop
  endfacet
  facet normal -0.38269 -0.923877 -0
    outer loop
      vertex 2.43005 -0.788731 -17.3
      vertex 1.96662 -0.596768 -19.5
      vertex 2.43005 -0.788731 -19.5
    endloop
  endfacet
  facet normal 0 -0.216423 0.9763
    outer loop
      vertex 19 -17.2753 -2.70459
      vertex 25 -17.5138 -2.75746
      vertex 25 -17.2753 -2.70459
    endloop
  endfacet
  facet normal 0 -0.216423 0.9763
    outer loop
      vertex 25 -17.5138 -2.75746
      vertex 19 -17.2753 -2.70459
      vertex 19 -17.5138 -2.75746
    endloop
  endfacet
  facet normal -0 0.0436469 0.999047
    outer loop
      vertex 19 -18 -2.8
      vertex 25 -18.244 -2.78934
      vertex 25 -18 -2.8
    endloop
  endfacet
  facet normal 0 0.0436469 0.999047
    outer loop
      vertex 25 -18.244 -2.78934
      vertex 19 -18 -2.8
      vertex 19 -18.244 -2.78934
    endloop
  endfacet
  facet normal 0 -0.300651 -0.953734
    outer loop
      vertex 19 -17.2753 2.70459
      vertex 25 -17.0423 2.63114
      vertex 25 -17.2753 2.70459
    endloop
  endfacet
  facet normal -0 -0.300651 -0.953734
    outer loop
      vertex 25 -17.0423 2.63114
      vertex 19 -17.2753 2.70459
      vertex 19 -17.0423 2.63114
    endloop
  endfacet
  facet normal 0 -0.608741 -0.793369
    outer loop
      vertex 19 -16.394 2.29362
      vertex 25 -16.2002 2.14492
      vertex 25 -16.394 2.29362
    endloop
  endfacet
  facet normal -0 -0.608741 -0.793369
    outer loop
      vertex 25 -16.2002 2.14492
      vertex 19 -16.394 2.29362
      vertex 19 -16.2002 2.14492
    endloop
  endfacet
  facet normal 0 -0.0436469 0.999047
    outer loop
      vertex 19 -17.756 -2.78934
      vertex 25 -18 -2.8
      vertex 25 -17.756 -2.78934
    endloop
  endfacet
  facet normal 0 -0.0436469 0.999047
    outer loop
      vertex 25 -18 -2.8
      vertex 19 -17.756 -2.78934
      vertex 19 -18 -2.8
    endloop
  endfacet
  facet normal 0 0.843285 -0.537466
    outer loop
      vertex 25 -20.4249 1.4
      vertex 19 -20.2936 1.60601
      vertex 25 -20.2936 1.60601
    endloop
  endfacet
  facet normal 0 0.843285 -0.537466
    outer loop
      vertex 19 -20.2936 1.60601
      vertex 25 -20.4249 1.4
      vertex 19 -20.4249 1.4
    endloop
  endfacet
  facet normal 0 -0.3828 -0.923831
    outer loop
      vertex 19 -17.0423 2.63114
      vertex 25 -16.8167 2.53766
      vertex 25 -17.0423 2.63114
    endloop
  endfacet
  facet normal -0 -0.3828 -0.923831
    outer loop
      vertex 25 -16.8167 2.53766
      vertex 19 -17.0423 2.63114
      vertex 19 -16.8167 2.53766
    endloop
  endfacet
  facet normal 0 0.843285 0.537466
    outer loop
      vertex 25 -20.2936 -1.60601
      vertex 19 -20.4249 -1.4
      vertex 25 -20.4249 -1.4
    endloop
  endfacet
  facet normal 0 0.843285 0.537466
    outer loop
      vertex 19 -20.4249 -1.4
      vertex 25 -20.2936 -1.60601
      vertex 19 -20.2936 -1.60601
    endloop
  endfacet
  facet normal 0 0.953662 -0.300881
    outer loop
      vertex 25 -20.7046 0.724693
      vertex 19 -20.6311 0.957656
      vertex 25 -20.6311 0.957656
    endloop
  endfacet
  facet normal 0 0.953662 -0.300881
    outer loop
      vertex 19 -20.6311 0.957656
      vertex 25 -20.7046 0.724693
      vertex 19 -20.7046 0.724693
    endloop
  endfacet
  facet normal 0 -0.737341 0.675521
    outer loop
      vertex 19 -16.0201 -1.9799
      vertex 25 -15.8551 -1.7998
      vertex 19 -15.8551 -1.7998
    endloop
  endfacet
  facet normal 0 -0.737341 0.675521
    outer loop
      vertex 25 -15.8551 -1.7998
      vertex 19 -16.0201 -1.9799
      vertex 25 -16.0201 -1.9799
    endloop
  endfacet
  facet normal 0 -0.608741 0.793369
    outer loop
      vertex 19 -16.2002 -2.14492
      vertex 25 -16.394 -2.29362
      vertex 25 -16.2002 -2.14492
    endloop
  endfacet
  facet normal 0 -0.608741 0.793369
    outer loop
      vertex 25 -16.394 -2.29362
      vertex 19 -16.2002 -2.14492
      vertex 19 -16.394 -2.29362
    endloop
  endfacet
  facet normal 0 0.953662 0.300881
    outer loop
      vertex 25 -20.6311 -0.957656
      vertex 19 -20.7046 -0.724693
      vertex 25 -20.7046 -0.724693
    endloop
  endfacet
  facet normal 0 0.953662 0.300881
    outer loop
      vertex 19 -20.7046 -0.724693
      vertex 25 -20.6311 -0.957656
      vertex 19 -20.6311 -0.957656
    endloop
  endfacet
  facet normal -0 0.130501 0.991448
    outer loop
      vertex 19 -18.244 -2.78934
      vertex 25 -18.4862 -2.75746
      vertex 25 -18.244 -2.78934
    endloop
  endfacet
  facet normal 0 0.130501 0.991448
    outer loop
      vertex 25 -18.4862 -2.75746
      vertex 19 -18.244 -2.78934
      vertex 19 -18.4862 -2.75746
    endloop
  endfacet
  facet normal 0 -0.675565 -0.7373
    outer loop
      vertex 19 -16.2002 2.14492
      vertex 25 -16.0201 1.9799
      vertex 25 -16.2002 2.14492
    endloop
  endfacet
  facet normal -0 -0.675565 -0.7373
    outer loop
      vertex 25 -16.0201 1.9799
      vertex 19 -16.2002 2.14492
      vertex 19 -16.0201 1.9799
    endloop
  endfacet
  facet normal 0 -0.953662 0.300881
    outer loop
      vertex 19 -15.3689 -0.957656
      vertex 25 -15.2954 -0.724693
      vertex 19 -15.2954 -0.724693
    endloop
  endfacet
  facet normal 0 -0.953662 0.300881
    outer loop
      vertex 25 -15.2954 -0.724693
      vertex 19 -15.3689 -0.957656
      vertex 25 -15.3689 -0.957656
    endloop
  endfacet
  facet normal -0 0.608741 0.793369
    outer loop
      vertex 19 -19.606 -2.29362
      vertex 25 -19.7998 -2.14492
      vertex 25 -19.606 -2.29362
    endloop
  endfacet
  facet normal 0 0.608741 0.793369
    outer loop
      vertex 25 -19.7998 -2.14492
      vertex 19 -19.606 -2.29362
      vertex 19 -19.7998 -2.14492
    endloop
  endfacet
  facet normal 0 -0.300651 0.953734
    outer loop
      vertex 19 -17.0423 -2.63114
      vertex 25 -17.2753 -2.70459
      vertex 25 -17.0423 -2.63114
    endloop
  endfacet
  facet normal 0 -0.300651 0.953734
    outer loop
      vertex 25 -17.2753 -2.70459
      vertex 19 -17.0423 -2.63114
      vertex 19 -17.2753 -2.70459
    endloop
  endfacet
  facet normal 0 -0.537339 -0.843366
    outer loop
      vertex 19 -16.6 2.42487
      vertex 25 -16.394 2.29362
      vertex 25 -16.6 2.42487
    endloop
  endfacet
  facet normal -0 -0.537339 -0.843366
    outer loop
      vertex 25 -16.394 2.29362
      vertex 19 -16.6 2.42487
      vertex 19 -16.394 2.29362
    endloop
  endfacet
  facet normal 0 0.976269 -0.216559
    outer loop
      vertex 25 -20.7575 0.486215
      vertex 19 -20.7046 0.724693
      vertex 25 -20.7046 0.724693
    endloop
  endfacet
  facet normal 0 0.976269 -0.216559
    outer loop
      vertex 19 -20.7046 0.724693
      vertex 25 -20.7575 0.486215
      vertex 19 -20.7575 0.486215
    endloop
  endfacet
  facet normal -0 0.216423 0.9763
    outer loop
      vertex 19 -18.4862 -2.75746
      vertex 25 -18.7247 -2.70459
      vertex 25 -18.4862 -2.75746
    endloop
  endfacet
  facet normal 0 0.216423 0.9763
    outer loop
      vertex 25 -18.7247 -2.70459
      vertex 19 -18.4862 -2.75746
      vertex 19 -18.7247 -2.70459
    endloop
  endfacet
  facet normal 0 -0.886996 -0.461777
    outer loop
      vertex 19 -15.4623 1.18333
      vertex 25 -15.5751 1.4
      vertex 19 -15.5751 1.4
    endloop
  endfacet
  facet normal 0 -0.886996 -0.461777
    outer loop
      vertex 25 -15.5751 1.4
      vertex 19 -15.4623 1.18333
      vertex 25 -15.4623 1.18333
    endloop
  endfacet
  facet normal 0 0.300651 -0.953734
    outer loop
      vertex 19 -18.9577 2.63114
      vertex 25 -18.7247 2.70459
      vertex 25 -18.9577 2.63114
    endloop
  endfacet
  facet normal 0 0.300651 -0.953734
    outer loop
      vertex 25 -18.7247 2.70459
      vertex 19 -18.9577 2.63114
      vertex 19 -18.7247 2.70459
    endloop
  endfacet
  facet normal 0 -0.923991 0.382414
    outer loop
      vertex 19 -15.4623 -1.18333
      vertex 25 -15.3689 -0.957656
      vertex 19 -15.3689 -0.957656
    endloop
  endfacet
  facet normal 0 -0.923991 0.382414
    outer loop
      vertex 25 -15.3689 -0.957656
      vertex 19 -15.4623 -1.18333
      vertex 25 -15.4623 -1.18333
    endloop
  endfacet
  facet normal 0 -0.923991 -0.382414
    outer loop
      vertex 19 -15.3689 0.957656
      vertex 25 -15.4623 1.18333
      vertex 19 -15.4623 1.18333
    endloop
  endfacet
  facet normal 0 -0.923991 -0.382414
    outer loop
      vertex 25 -15.4623 1.18333
      vertex 19 -15.3689 0.957656
      vertex 25 -15.3689 0.957656
    endloop
  endfacet
  facet normal 0 -0.130501 0.991448
    outer loop
      vertex 19 -17.5138 -2.75746
      vertex 25 -17.756 -2.78934
      vertex 25 -17.5138 -2.75746
    endloop
  endfacet
  facet normal 0 -0.130501 0.991448
    outer loop
      vertex 25 -17.756 -2.78934
      vertex 19 -17.5138 -2.75746
      vertex 19 -17.756 -2.78934
    endloop
  endfacet
  facet normal 0 0.99904 0.0438039
    outer loop
      vertex 25 -20.7893 -0.244036
      vertex 19 -20.8 0
      vertex 25 -20.8 0
    endloop
  endfacet
  facet normal 0 0.99904 0.0438039
    outer loop
      vertex 19 -20.8 0
      vertex 25 -20.7893 -0.244036
      vertex 19 -20.7893 -0.244036
    endloop
  endfacet
  facet normal 0 0.537339 -0.843366
    outer loop
      vertex 19 -19.606 2.29362
      vertex 25 -19.4 2.42487
      vertex 25 -19.606 2.29362
    endloop
  endfacet
  facet normal 0 0.537339 -0.843366
    outer loop
      vertex 25 -19.4 2.42487
      vertex 19 -19.606 2.29362
      vertex 19 -19.4 2.42487
    endloop
  endfacet
  facet normal 0 0.923991 0.382414
    outer loop
      vertex 25 -20.5377 -1.18333
      vertex 19 -20.6311 -0.957656
      vertex 25 -20.6311 -0.957656
    endloop
  endfacet
  facet normal 0 0.923991 0.382414
    outer loop
      vertex 19 -20.6311 -0.957656
      vertex 25 -20.5377 -1.18333
      vertex 19 -20.5377 -1.18333
    endloop
  endfacet
  facet normal 0 0.461694 -0.887039
    outer loop
      vertex 19 -19.4 2.42487
      vertex 25 -19.1833 2.53766
      vertex 25 -19.4 2.42487
    endloop
  endfacet
  facet normal 0 0.461694 -0.887039
    outer loop
      vertex 25 -19.1833 2.53766
      vertex 19 -19.4 2.42487
      vertex 19 -19.1833 2.53766
    endloop
  endfacet
  facet normal 0 0.130501 -0.991448
    outer loop
      vertex 19 -18.4862 2.75746
      vertex 25 -18.244 2.78934
      vertex 25 -18.4862 2.75746
    endloop
  endfacet
  facet normal 0 0.130501 -0.991448
    outer loop
      vertex 25 -18.244 2.78934
      vertex 19 -18.4862 2.75746
      vertex 19 -18.244 2.78934
    endloop
  endfacet
  facet normal 0 0.991489 0.13019
    outer loop
      vertex 25 -20.7575 -0.486215
      vertex 19 -20.7893 -0.244036
      vertex 25 -20.7893 -0.244036
    endloop
  endfacet
  facet normal 0 0.991489 0.13019
    outer loop
      vertex 19 -20.7893 -0.244036
      vertex 25 -20.7575 -0.486215
      vertex 19 -20.7575 -0.486215
    endloop
  endfacet
  facet normal 0 -0.0436469 -0.999047
    outer loop
      vertex 19 -18 2.8
      vertex 25 -17.756 2.78934
      vertex 25 -18 2.8
    endloop
  endfacet
  facet normal -0 -0.0436469 -0.999047
    outer loop
      vertex 25 -17.756 2.78934
      vertex 19 -18 2.8
      vertex 19 -17.756 2.78934
    endloop
  endfacet
  facet normal 0 -0.737341 -0.675521
    outer loop
      vertex 19 -15.8551 1.7998
      vertex 25 -16.0201 1.9799
      vertex 19 -16.0201 1.9799
    endloop
  endfacet
  facet normal 0 -0.737341 -0.675521
    outer loop
      vertex 25 -16.0201 1.9799
      vertex 19 -15.8551 1.7998
      vertex 25 -15.8551 1.7998
    endloop
  endfacet
  facet normal 0 0.216423 -0.9763
    outer loop
      vertex 19 -18.7247 2.70459
      vertex 25 -18.4862 2.75746
      vertex 25 -18.7247 2.70459
    endloop
  endfacet
  facet normal 0 0.216423 -0.9763
    outer loop
      vertex 25 -18.4862 2.75746
      vertex 19 -18.7247 2.70459
      vertex 19 -18.4862 2.75746
    endloop
  endfacet
  facet normal -0 0.537339 0.843366
    outer loop
      vertex 19 -19.4 -2.42487
      vertex 25 -19.606 -2.29362
      vertex 25 -19.4 -2.42487
    endloop
  endfacet
  facet normal 0 0.537339 0.843366
    outer loop
      vertex 25 -19.606 -2.29362
      vertex 19 -19.4 -2.42487
      vertex 19 -19.606 -2.29362
    endloop
  endfacet
  facet normal 0 -0.843285 0.537466
    outer loop
      vertex 19 -15.7064 -1.60601
      vertex 25 -15.5751 -1.4
      vertex 19 -15.5751 -1.4
    endloop
  endfacet
  facet normal 0 -0.843285 0.537466
    outer loop
      vertex 25 -15.5751 -1.4
      vertex 19 -15.7064 -1.60601
      vertex 25 -15.7064 -1.60601
    endloop
  endfacet
  facet normal 0 -0.3828 0.923831
    outer loop
      vertex 19 -16.8167 -2.53766
      vertex 25 -17.0423 -2.63114
      vertex 25 -16.8167 -2.53766
    endloop
  endfacet
  facet normal 0 -0.3828 0.923831
    outer loop
      vertex 25 -17.0423 -2.63114
      vertex 19 -16.8167 -2.53766
      vertex 19 -17.0423 -2.63114
    endloop
  endfacet
  facet normal -0 0.461694 0.887039
    outer loop
      vertex 19 -19.1833 -2.53766
      vertex 25 -19.4 -2.42487
      vertex 25 -19.1833 -2.53766
    endloop
  endfacet
  facet normal 0 0.461694 0.887039
    outer loop
      vertex 25 -19.4 -2.42487
      vertex 19 -19.1833 -2.53766
      vertex 19 -19.4 -2.42487
    endloop
  endfacet
  facet normal 0 -0.886996 0.461777
    outer loop
      vertex 19 -15.5751 -1.4
      vertex 25 -15.4623 -1.18333
      vertex 19 -15.4623 -1.18333
    endloop
  endfacet
  facet normal 0 -0.886996 0.461777
    outer loop
      vertex 25 -15.4623 -1.18333
      vertex 19 -15.5751 -1.4
      vertex 25 -15.5751 -1.4
    endloop
  endfacet
  facet normal -0 0.675565 0.7373
    outer loop
      vertex 19 -19.7998 -2.14492
      vertex 25 -19.9799 -1.9799
      vertex 25 -19.7998 -2.14492
    endloop
  endfacet
  facet normal 0 0.675565 0.7373
    outer loop
      vertex 25 -19.9799 -1.9799
      vertex 19 -19.7998 -2.14492
      vertex 19 -19.9799 -1.9799
    endloop
  endfacet
  facet normal 0 -0.461694 -0.887039
    outer loop
      vertex 19 -16.8167 2.53766
      vertex 25 -16.6 2.42487
      vertex 25 -16.8167 2.53766
    endloop
  endfacet
  facet normal -0 -0.461694 -0.887039
    outer loop
      vertex 25 -16.6 2.42487
      vertex 19 -16.8167 2.53766
      vertex 19 -16.6 2.42487
    endloop
  endfacet
  facet normal 0 0.976269 0.216559
    outer loop
      vertex 25 -20.7046 -0.724693
      vertex 19 -20.7575 -0.486215
      vertex 25 -20.7575 -0.486215
    endloop
  endfacet
  facet normal 0 0.976269 0.216559
    outer loop
      vertex 19 -20.7575 -0.486215
      vertex 25 -20.7046 -0.724693
      vertex 19 -20.7046 -0.724693
    endloop
  endfacet
  facet normal 0 -0.991489 0.13019
    outer loop
      vertex 19 -15.2425 -0.486215
      vertex 25 -15.2107 -0.244036
      vertex 19 -15.2107 -0.244036
    endloop
  endfacet
  facet normal 0 -0.991489 0.13019
    outer loop
      vertex 25 -15.2107 -0.244036
      vertex 19 -15.2425 -0.486215
      vertex 25 -15.2425 -0.486215
    endloop
  endfacet
  facet normal 0 0.675565 -0.7373
    outer loop
      vertex 19 -19.9799 1.9799
      vertex 25 -19.7998 2.14492
      vertex 25 -19.9799 1.9799
    endloop
  endfacet
  facet normal 0 0.675565 -0.7373
    outer loop
      vertex 25 -19.7998 2.14492
      vertex 19 -19.9799 1.9799
      vertex 19 -19.7998 2.14492
    endloop
  endfacet
  facet normal 0 -0.461694 0.887039
    outer loop
      vertex 19 -16.6 -2.42487
      vertex 25 -16.8167 -2.53766
      vertex 25 -16.6 -2.42487
    endloop
  endfacet
  facet normal 0 -0.461694 0.887039
    outer loop
      vertex 25 -16.8167 -2.53766
      vertex 19 -16.6 -2.42487
      vertex 19 -16.8167 -2.53766
    endloop
  endfacet
  facet normal 0 -0.675565 0.7373
    outer loop
      vertex 19 -16.0201 -1.9799
      vertex 25 -16.2002 -2.14492
      vertex 25 -16.0201 -1.9799
    endloop
  endfacet
  facet normal 0 -0.675565 0.7373
    outer loop
      vertex 25 -16.2002 -2.14492
      vertex 19 -16.0201 -1.9799
      vertex 19 -16.2002 -2.14492
    endloop
  endfacet
  facet normal 0 0.99904 -0.0438039
    outer loop
      vertex 25 -20.8 0
      vertex 19 -20.7893 0.244036
      vertex 25 -20.7893 0.244036
    endloop
  endfacet
  facet normal 0 0.99904 -0.0438039
    outer loop
      vertex 19 -20.7893 0.244036
      vertex 25 -20.8 0
      vertex 19 -20.8 0
    endloop
  endfacet
  facet normal 0 -0.843285 -0.537466
    outer loop
      vertex 19 -15.5751 1.4
      vertex 25 -15.7064 1.60601
      vertex 19 -15.7064 1.60601
    endloop
  endfacet
  facet normal 0 -0.843285 -0.537466
    outer loop
      vertex 25 -15.7064 1.60601
      vertex 19 -15.5751 1.4
      vertex 25 -15.5751 1.4
    endloop
  endfacet
  facet normal 0 -0.537339 0.843366
    outer loop
      vertex 19 -16.394 -2.29362
      vertex 25 -16.6 -2.42487
      vertex 25 -16.394 -2.29362
    endloop
  endfacet
  facet normal 0 -0.537339 0.843366
    outer loop
      vertex 25 -16.6 -2.42487
      vertex 19 -16.394 -2.29362
      vertex 19 -16.6 -2.42487
    endloop
  endfacet
  facet normal 0 -0.976269 -0.216559
    outer loop
      vertex 19 -15.2425 0.486215
      vertex 25 -15.2954 0.724693
      vertex 19 -15.2954 0.724693
    endloop
  endfacet
  facet normal 0 -0.976269 -0.216559
    outer loop
      vertex 25 -15.2954 0.724693
      vertex 19 -15.2425 0.486215
      vertex 25 -15.2425 0.486215
    endloop
  endfacet
  facet normal 0 -0.991489 -0.13019
    outer loop
      vertex 19 -15.2107 0.244036
      vertex 25 -15.2425 0.486215
      vertex 19 -15.2425 0.486215
    endloop
  endfacet
  facet normal 0 -0.991489 -0.13019
    outer loop
      vertex 25 -15.2425 0.486215
      vertex 19 -15.2107 0.244036
      vertex 25 -15.2107 0.244036
    endloop
  endfacet
  facet normal 0 -0.953662 -0.300881
    outer loop
      vertex 19 -15.2954 0.724693
      vertex 25 -15.3689 0.957656
      vertex 19 -15.3689 0.957656
    endloop
  endfacet
  facet normal 0 -0.953662 -0.300881
    outer loop
      vertex 25 -15.3689 0.957656
      vertex 19 -15.2954 0.724693
      vertex 25 -15.2954 0.724693
    endloop
  endfacet
  facet normal 0 0.608741 -0.793369
    outer loop
      vertex 19 -19.7998 2.14492
      vertex 25 -19.606 2.29362
      vertex 25 -19.7998 2.14492
    endloop
  endfacet
  facet normal 0 0.608741 -0.793369
    outer loop
      vertex 25 -19.606 2.29362
      vertex 19 -19.7998 2.14492
      vertex 19 -19.606 2.29362
    endloop
  endfacet
  facet normal 0 0.0436469 -0.999047
    outer loop
      vertex 19 -18.244 2.78934
      vertex 25 -18 2.8
      vertex 25 -18.244 2.78934
    endloop
  endfacet
  facet normal 0 0.0436469 -0.999047
    outer loop
      vertex 25 -18 2.8
      vertex 19 -18.244 2.78934
      vertex 19 -18 2.8
    endloop
  endfacet
  facet normal 0 -0.793354 0.608761
    outer loop
      vertex 19 -15.8551 -1.7998
      vertex 25 -15.7064 -1.60601
      vertex 19 -15.7064 -1.60601
    endloop
  endfacet
  facet normal 0 -0.793354 0.608761
    outer loop
      vertex 25 -15.7064 -1.60601
      vertex 19 -15.8551 -1.7998
      vertex 25 -15.8551 -1.7998
    endloop
  endfacet
  facet normal 0 -0.99904 -0.0438039
    outer loop
      vertex 19 -15.2 0
      vertex 25 -15.2107 0.244036
      vertex 19 -15.2107 0.244036
    endloop
  endfacet
  facet normal 0 -0.99904 -0.0438039
    outer loop
      vertex 25 -15.2107 0.244036
      vertex 19 -15.2 0
      vertex 25 -15.2 0
    endloop
  endfacet
  facet normal 0 -0.99904 0.0438039
    outer loop
      vertex 19 -15.2107 -0.244036
      vertex 25 -15.2 0
      vertex 19 -15.2 0
    endloop
  endfacet
  facet normal 0 -0.99904 0.0438039
    outer loop
      vertex 25 -15.2 0
      vertex 19 -15.2107 -0.244036
      vertex 25 -15.2107 -0.244036
    endloop
  endfacet
  facet normal -0 0.300651 0.953734
    outer loop
      vertex 19 -18.7247 -2.70459
      vertex 25 -18.9577 -2.63114
      vertex 25 -18.7247 -2.70459
    endloop
  endfacet
  facet normal 0 0.300651 0.953734
    outer loop
      vertex 25 -18.9577 -2.63114
      vertex 19 -18.7247 -2.70459
      vertex 19 -18.9577 -2.63114
    endloop
  endfacet
  facet normal -0 0.3828 0.923831
    outer loop
      vertex 19 -18.9577 -2.63114
      vertex 25 -19.1833 -2.53766
      vertex 25 -18.9577 -2.63114
    endloop
  endfacet
  facet normal 0 0.3828 0.923831
    outer loop
      vertex 25 -19.1833 -2.53766
      vertex 19 -18.9577 -2.63114
      vertex 19 -19.1833 -2.53766
    endloop
  endfacet
  facet normal 0 0.886996 0.461777
    outer loop
      vertex 25 -20.4249 -1.4
      vertex 19 -20.5377 -1.18333
      vertex 25 -20.5377 -1.18333
    endloop
  endfacet
  facet normal 0 0.886996 0.461777
    outer loop
      vertex 19 -20.5377 -1.18333
      vertex 25 -20.4249 -1.4
      vertex 19 -20.4249 -1.4
    endloop
  endfacet
  facet normal 0 0.793354 -0.608761
    outer loop
      vertex 25 -20.2936 1.60601
      vertex 19 -20.1449 1.7998
      vertex 25 -20.1449 1.7998
    endloop
  endfacet
  facet normal 0 0.793354 -0.608761
    outer loop
      vertex 19 -20.1449 1.7998
      vertex 25 -20.2936 1.60601
      vertex 19 -20.2936 1.60601
    endloop
  endfacet
  facet normal 0 -0.216423 -0.9763
    outer loop
      vertex 19 -17.5138 2.75746
      vertex 25 -17.2753 2.70459
      vertex 25 -17.5138 2.75746
    endloop
  endfacet
  facet normal -0 -0.216423 -0.9763
    outer loop
      vertex 25 -17.2753 2.70459
      vertex 19 -17.5138 2.75746
      vertex 19 -17.2753 2.70459
    endloop
  endfacet
  facet normal 0 0.886996 -0.461777
    outer loop
      vertex 25 -20.5377 1.18333
      vertex 19 -20.4249 1.4
      vertex 25 -20.4249 1.4
    endloop
  endfacet
  facet normal 0 0.886996 -0.461777
    outer loop
      vertex 19 -20.4249 1.4
      vertex 25 -20.5377 1.18333
      vertex 19 -20.5377 1.18333
    endloop
  endfacet
  facet normal 0 0.991489 -0.13019
    outer loop
      vertex 25 -20.7893 0.244036
      vertex 19 -20.7575 0.486215
      vertex 25 -20.7575 0.486215
    endloop
  endfacet
  facet normal 0 0.991489 -0.13019
    outer loop
      vertex 19 -20.7575 0.486215
      vertex 25 -20.7893 0.244036
      vertex 19 -20.7893 0.244036
    endloop
  endfacet
  facet normal 0 0.737341 0.675521
    outer loop
      vertex 25 -19.9799 -1.9799
      vertex 19 -20.1449 -1.7998
      vertex 25 -20.1449 -1.7998
    endloop
  endfacet
  facet normal 0 0.737341 0.675521
    outer loop
      vertex 19 -20.1449 -1.7998
      vertex 25 -19.9799 -1.9799
      vertex 19 -19.9799 -1.9799
    endloop
  endfacet
  facet normal 0 0.793354 0.608761
    outer loop
      vertex 25 -20.1449 -1.7998
      vertex 19 -20.2936 -1.60601
      vertex 25 -20.2936 -1.60601
    endloop
  endfacet
  facet normal 0 0.793354 0.608761
    outer loop
      vertex 19 -20.2936 -1.60601
      vertex 25 -20.1449 -1.7998
      vertex 19 -20.1449 -1.7998
    endloop
  endfacet
  facet normal 0 -0.976269 0.216559
    outer loop
      vertex 19 -15.2954 -0.724693
      vertex 25 -15.2425 -0.486215
      vertex 19 -15.2425 -0.486215
    endloop
  endfacet
  facet normal 0 -0.976269 0.216559
    outer loop
      vertex 25 -15.2425 -0.486215
      vertex 19 -15.2954 -0.724693
      vertex 25 -15.2954 -0.724693
    endloop
  endfacet
  facet normal 0 -0.130501 -0.991448
    outer loop
      vertex 19 -17.756 2.78934
      vertex 25 -17.5138 2.75746
      vertex 25 -17.756 2.78934
    endloop
  endfacet
  facet normal -0 -0.130501 -0.991448
    outer loop
      vertex 25 -17.5138 2.75746
      vertex 19 -17.756 2.78934
      vertex 19 -17.5138 2.75746
    endloop
  endfacet
  facet normal 0 -0.793354 -0.608761
    outer loop
      vertex 19 -15.7064 1.60601
      vertex 25 -15.8551 1.7998
      vertex 19 -15.8551 1.7998
    endloop
  endfacet
  facet normal 0 -0.793354 -0.608761
    outer loop
      vertex 25 -15.8551 1.7998
      vertex 19 -15.7064 1.60601
      vertex 25 -15.7064 1.60601
    endloop
  endfacet
  facet normal 1 0 0
    outer loop
      vertex 19 -15.2107 0.244036
      vertex 19 -15.2107 -0.244036
      vertex 19 -15.2 0
    endloop
  endfacet
  facet normal 1 0 0
    outer loop
      vertex 19 -15.2425 0.486215
      vertex 19 -15.2107 -0.244036
      vertex 19 -15.2107 0.244036
    endloop
  endfacet
  facet normal 1 0 0
    outer loop
      vertex 19 -15.2425 0.486215
      vertex 19 -15.2425 -0.486215
      vertex 19 -15.2107 -0.244036
    endloop
  endfacet
  facet normal 1 0 0
    outer loop
      vertex 19 -15.2954 0.724693
      vertex 19 -15.2425 -0.486215
      vertex 19 -15.2425 0.486215
    endloop
  endfacet
  facet normal 1 0 0
    outer loop
      vertex 19 -15.2954 0.724693
      vertex 19 -15.2954 -0.724693
      vertex 19 -15.2425 -0.486215
    endloop
  endfacet
  facet normal 1 0 0
    outer loop
      vertex 19 -15.3689 0.957656
      vertex 19 -15.2954 -0.724693
      vertex 19 -15.2954 0.724693
    endloop
  endfacet
  facet normal 1 0 0
    outer loop
      vertex 19 -15.3689 0.957656
      vertex 19 -15.3689 -0.957656
      vertex 19 -15.2954 -0.724693
    endloop
  endfacet
  facet normal 1 0 0
    outer loop
      vertex 19 -15.4623 1.18333
      vertex 19 -15.3689 -0.957656
      vertex 19 -15.3689 0.957656
    endloop
  endfacet
  facet normal 1 0 0
    outer loop
      vertex 19 -15.4623 1.18333
      vertex 19 -15.4623 -1.18333
      vertex 19 -15.3689 -0.957656
    endloop
  endfacet
  facet normal 1 0 0
    outer loop
      vertex 19 -15.5751 1.4
      vertex 19 -15.4623 -1.18333
      vertex 19 -15.4623 1.18333
    endloop
  endfacet
  facet normal 1 0 0
    outer loop
      vertex 19 -15.5751 1.4
      vertex 19 -15.5751 -1.4
      vertex 19 -15.4623 -1.18333
    endloop
  endfacet
  facet normal 1 0 0
    outer loop
      vertex 19 -15.7064 1.60601
      vertex 19 -15.5751 -1.4
      vertex 19 -15.5751 1.4
    endloop
  endfacet
  facet normal 1 0 0
    outer loop
      vertex 19 -15.7064 1.60601
      vertex 19 -15.7064 -1.60601
      vertex 19 -15.5751 -1.4
    endloop
  endfacet
  facet normal 1 0 0
    outer loop
      vertex 19 -15.8551 1.7998
      vertex 19 -15.7064 -1.60601
      vertex 19 -15.7064 1.60601
    endloop
  endfacet
  facet normal 1 0 0
    outer loop
      vertex 19 -15.8551 1.7998
      vertex 19 -15.8551 -1.7998
      vertex 19 -15.7064 -1.60601
    endloop
  endfacet
  facet normal 1 0 0
    outer loop
      vertex 19 -16.0201 1.9799
      vertex 19 -15.8551 -1.7998
      vertex 19 -15.8551 1.7998
    endloop
  endfacet
  facet normal 1 0 0
    outer loop
      vertex 19 -16.0201 1.9799
      vertex 19 -16.0201 -1.9799
      vertex 19 -15.8551 -1.7998
    endloop
  endfacet
  facet normal 1 0 0
    outer loop
      vertex 19 -16.2002 2.14492
      vertex 19 -16.0201 -1.9799
      vertex 19 -16.0201 1.9799
    endloop
  endfacet
  facet normal 1 0 0
    outer loop
      vertex 19 -16.2002 2.14492
      vertex 19 -16.2002 -2.14492
      vertex 19 -16.0201 -1.9799
    endloop
  endfacet
  facet normal 1 0 0
    outer loop
      vertex 19 -16.394 2.29362
      vertex 19 -16.2002 -2.14492
      vertex 19 -16.2002 2.14492
    endloop
  endfacet
  facet normal 1 0 0
    outer loop
      vertex 19 -16.394 2.29362
      vertex 19 -16.394 -2.29362
      vertex 19 -16.2002 -2.14492
    endloop
  endfacet
  facet normal 1 0 0
    outer loop
      vertex 19 -16.6 2.42487
      vertex 19 -16.394 -2.29362
      vertex 19 -16.394 2.29362
    endloop
  endfacet
  facet normal 1 0 0
    outer loop
      vertex 19 -16.6 2.42487
      vertex 19 -16.6 -2.42487
      vertex 19 -16.394 -2.29362
    endloop
  endfacet
  facet normal 1 0 0
    outer loop
      vertex 19 -16.8167 2.53766
      vertex 19 -16.6 -2.42487
      vertex 19 -16.6 2.42487
    endloop
  endfacet
  facet normal 1 0 0
    outer loop
      vertex 19 -16.8167 2.53766
      vertex 19 -16.8167 -2.53766
      vertex 19 -16.6 -2.42487
    endloop
  endfacet
  facet normal 1 0 0
    outer loop
      vertex 19 -17.0423 2.63114
      vertex 19 -16.8167 -2.53766
      vertex 19 -16.8167 2.53766
    endloop
  endfacet
  facet normal 1 0 0
    outer loop
      vertex 19 -17.0423 2.63114
      vertex 19 -17.0423 -2.63114
      vertex 19 -16.8167 -2.53766
    endloop
  endfacet
  facet normal 1 0 0
    outer loop
      vertex 19 -17.2753 2.70459
      vertex 19 -17.0423 -2.63114
      vertex 19 -17.0423 2.63114
    endloop
  endfacet
  facet normal 1 0 0
    outer loop
      vertex 19 -17.2753 2.70459
      vertex 19 -17.2753 -2.70459
      vertex 19 -17.0423 -2.63114
    endloop
  endfacet
  facet normal 1 0 0
    outer loop
      vertex 19 -17.5138 2.75746
      vertex 19 -17.2753 -2.70459
      vertex 19 -17.2753 2.70459
    endloop
  endfacet
  facet normal 1 0 0
    outer loop
      vertex 19 -17.5138 2.75746
      vertex 19 -17.5138 -2.75746
      vertex 19 -17.2753 -2.70459
    endloop
  endfacet
  facet normal 1 0 0
    outer loop
      vertex 19 -17.756 2.78934
      vertex 19 -17.5138 -2.75746
      vertex 19 -17.5138 2.75746
    endloop
  endfacet
  facet normal 1 0 0
    outer loop
      vertex 19 -17.756 2.78934
      vertex 19 -17.756 -2.78934
      vertex 19 -17.5138 -2.75746
    endloop
  endfacet
  facet normal 1 0 0
    outer loop
      vertex 19 -18 2.8
      vertex 19 -17.756 -2.78934
      vertex 19 -17.756 2.78934
    endloop
  endfacet
  facet normal 1 0 0
    outer loop
      vertex 19 -18 2.8
      vertex 19 -18 -2.8
      vertex 19 -17.756 -2.78934
    endloop
  endfacet
  facet normal 1 -0 0
    outer loop
      vertex 19 -18.244 2.78934
      vertex 19 -18 -2.8
      vertex 19 -18 2.8
    endloop
  endfacet
  facet normal 1 0 0
    outer loop
      vertex 19 -18.244 2.78934
      vertex 19 -18.244 -2.78934
      vertex 19 -18 -2.8
    endloop
  endfacet
  facet normal 1 -0 0
    outer loop
      vertex 19 -18.4862 2.75746
      vertex 19 -18.244 -2.78934
      vertex 19 -18.244 2.78934
    endloop
  endfacet
  facet normal 1 0 0
    outer loop
      vertex 19 -18.4862 2.75746
      vertex 19 -18.4862 -2.75746
      vertex 19 -18.244 -2.78934
    endloop
  endfacet
  facet normal 1 -0 0
    outer loop
      vertex 19 -18.7247 2.70459
      vertex 19 -18.4862 -2.75746
      vertex 19 -18.4862 2.75746
    endloop
  endfacet
  facet normal 1 0 0
    outer loop
      vertex 19 -18.7247 2.70459
      vertex 19 -18.7247 -2.70459
      vertex 19 -18.4862 -2.75746
    endloop
  endfacet
  facet normal 1 -0 0
    outer loop
      vertex 19 -18.9577 2.63114
      vertex 19 -18.7247 -2.70459
      vertex 19 -18.7247 2.70459
    endloop
  endfacet
  facet normal 1 0 0
    outer loop
      vertex 19 -18.9577 2.63114
      vertex 19 -18.9577 -2.63114
      vertex 19 -18.7247 -2.70459
    endloop
  endfacet
  facet normal 1 -0 0
    outer loop
      vertex 19 -19.1833 2.53766
      vertex 19 -18.9577 -2.63114
      vertex 19 -18.9577 2.63114
    endloop
  endfacet
  facet normal 1 0 0
    outer loop
      vertex 19 -19.1833 2.53766
      vertex 19 -19.1833 -2.53766
      vertex 19 -18.9577 -2.63114
    endloop
  endfacet
  facet normal 1 -0 0
    outer loop
      vertex 19 -19.4 2.42487
      vertex 19 -19.1833 -2.53766
      vertex 19 -19.1833 2.53766
    endloop
  endfacet
  facet normal 1 0 0
    outer loop
      vertex 19 -19.4 2.42487
      vertex 19 -19.4 -2.42487
      vertex 19 -19.1833 -2.53766
    endloop
  endfacet
  facet normal 1 -0 0
    outer loop
      vertex 19 -19.606 2.29362
      vertex 19 -19.4 -2.42487
      vertex 19 -19.4 2.42487
    endloop
  endfacet
  facet normal 1 0 0
    outer loop
      vertex 19 -19.606 2.29362
      vertex 19 -19.606 -2.29362
      vertex 19 -19.4 -2.42487
    endloop
  endfacet
  facet normal 1 -0 0
    outer loop
      vertex 19 -19.7998 2.14492
      vertex 19 -19.606 -2.29362
      vertex 19 -19.606 2.29362
    endloop
  endfacet
  facet normal 1 0 0
    outer loop
      vertex 19 -19.7998 2.14492
      vertex 19 -19.7998 -2.14492
      vertex 19 -19.606 -2.29362
    endloop
  endfacet
  facet normal 1 -0 0
    outer loop
      vertex 19 -19.9799 1.9799
      vertex 19 -19.7998 -2.14492
      vertex 19 -19.7998 2.14492
    endloop
  endfacet
  facet normal 1 0 0
    outer loop
      vertex 19 -19.9799 1.9799
      vertex 19 -19.9799 -1.9799
      vertex 19 -19.7998 -2.14492
    endloop
  endfacet
  facet normal 1 -0 0
    outer loop
      vertex 19 -20.1449 1.7998
      vertex 19 -19.9799 -1.9799
      vertex 19 -19.9799 1.9799
    endloop
  endfacet
  facet normal 1 0 0
    outer loop
      vertex 19 -20.1449 1.7998
      vertex 19 -20.1449 -1.7998
      vertex 19 -19.9799 -1.9799
    endloop
  endfacet
  facet normal 1 -0 0
    outer loop
      vertex 19 -20.2936 1.60601
      vertex 19 -20.1449 -1.7998
      vertex 19 -20.1449 1.7998
    endloop
  endfacet
  facet normal 1 0 0
    outer loop
      vertex 19 -20.2936 1.60601
      vertex 19 -20.2936 -1.60601
      vertex 19 -20.1449 -1.7998
    endloop
  endfacet
  facet normal 1 -0 0
    outer loop
      vertex 19 -20.4249 1.4
      vertex 19 -20.2936 -1.60601
      vertex 19 -20.2936 1.60601
    endloop
  endfacet
  facet normal 1 0 0
    outer loop
      vertex 19 -20.4249 1.4
      vertex 19 -20.4249 -1.4
      vertex 19 -20.2936 -1.60601
    endloop
  endfacet
  facet normal 1 -0 0
    outer loop
      vertex 19 -20.5377 1.18333
      vertex 19 -20.4249 -1.4
      vertex 19 -20.4249 1.4
    endloop
  endfacet
  facet normal 1 0 0
    outer loop
      vertex 19 -20.5377 1.18333
      vertex 19 -20.5377 -1.18333
      vertex 19 -20.4249 -1.4
    endloop
  endfacet
  facet normal 1 -0 0
    outer loop
      vertex 19 -20.6311 0.957656
      vertex 19 -20.5377 -1.18333
      vertex 19 -20.5377 1.18333
    endloop
  endfacet
  facet normal 1 0 0
    outer loop
      vertex 19 -20.6311 0.957656
      vertex 19 -20.6311 -0.957656
      vertex 19 -20.5377 -1.18333
    endloop
  endfacet
  facet normal 1 -0 0
    outer loop
      vertex 19 -20.7046 0.724693
      vertex 19 -20.6311 -0.957656
      vertex 19 -20.6311 0.957656
    endloop
  endfacet
  facet normal 1 0 0
    outer loop
      vertex 19 -20.7046 0.724693
      vertex 19 -20.7046 -0.724693
      vertex 19 -20.6311 -0.957656
    endloop
  endfacet
  facet normal 1 -0 0
    outer loop
      vertex 19 -20.7575 0.486215
      vertex 19 -20.7046 -0.724693
      vertex 19 -20.7046 0.724693
    endloop
  endfacet
  facet normal 1 0 0
    outer loop
      vertex 19 -20.7575 0.486215
      vertex 19 -20.7575 -0.486215
      vertex 19 -20.7046 -0.724693
    endloop
  endfacet
  facet normal 1 -0 0
    outer loop
      vertex 19 -20.7893 0.244036
      vertex 19 -20.7575 -0.486215
      vertex 19 -20.7575 0.486215
    endloop
  endfacet
  facet normal 1 0 0
    outer loop
      vertex 19 -20.7893 0.244036
      vertex 19 -20.7893 -0.244036
      vertex 19 -20.7575 -0.486215
    endloop
  endfacet
  facet normal 1 0 -0
    outer loop
      vertex 19 -20.7893 -0.244036
      vertex 19 -20.7893 0.244036
      vertex 19 -20.8 0
    endloop
  endfacet
  facet normal 0 0.737341 -0.675521
    outer loop
      vertex 25 -20.1449 1.7998
      vertex 19 -19.9799 1.9799
      vertex 25 -19.9799 1.9799
    endloop
  endfacet
  facet normal 0 0.737341 -0.675521
    outer loop
      vertex 19 -19.9799 1.9799
      vertex 25 -20.1449 1.7998
      vertex 19 -20.1449 1.7998
    endloop
  endfacet
  facet normal 0 0.923991 -0.382414
    outer loop
      vertex 25 -20.6311 0.957656
      vertex 19 -20.5377 1.18333
      vertex 25 -20.5377 1.18333
    endloop
  endfacet
  facet normal 0 0.923991 -0.382414
    outer loop
      vertex 19 -20.5377 1.18333
      vertex 25 -20.6311 0.957656
      vertex 19 -20.6311 0.957656
    endloop
  endfacet
  facet normal 0 0.3828 -0.923831
    outer loop
      vertex 19 -19.1833 2.53766
      vertex 25 -18.9577 2.63114
      vertex 25 -19.1833 2.53766
    endloop
  endfacet
  facet normal 0 0.3828 -0.923831
    outer loop
      vertex 25 -18.9577 2.63114
      vertex 19 -19.1833 2.53766
      vertex 19 -18.9577 2.63114
    endloop
  endfacet
  facet normal -1 0 0
    outer loop
      vertex 18.01 14.7 -14.5
      vertex 18.01 15.3 -13.9
      vertex 18.01 15.3 -14.5
    endloop
  endfacet
  facet normal -1 -0 0
    outer loop
      vertex 18.01 15.3 -13.9
      vertex 18.01 14.7 -14.5
      vertex 18.01 14.7 -13.9
    endloop
  endfacet
  facet normal 0 0 -1
    outer loop
      vertex -18.01 14.7 -13.9
      vertex -18 15.3 -13.9
      vertex -18 14.7 -13.9
    endloop
  endfacet
  facet normal -0 0 -1
    outer loop
      vertex -18 15.3 -13.9
      vertex -18.01 14.7 -13.9
      vertex -18.01 15.3 -13.9
    endloop
  endfacet
  facet normal 0 0 -1
    outer loop
      vertex 18 14.7 -13.9
      vertex 18.01 15.3 -13.9
      vertex 18.01 14.7 -13.9
    endloop
  endfacet
  facet normal -0 0 -1
    outer loop
      vertex 18.01 15.3 -13.9
      vertex 18 14.7 -13.9
      vertex 18 15.3 -13.9
    endloop
  endfacet
  facet normal 1 -0 0
    outer loop
      vertex -18.01 14.7 -13.9
      vertex -18.01 15.3 -14.5
      vertex -18.01 15.3 -13.9
    endloop
  endfacet
  facet normal 1 0 0
    outer loop
      vertex -18.01 15.3 -14.5
      vertex -18.01 14.7 -13.9
      vertex -18.01 14.7 -14.5
    endloop
  endfacet
  facet normal 0 -1 0
    outer loop
      vertex -18.01 15.3 -14.5
      vertex -18 15.3 -13.9
      vertex -18.01 15.3 -13.9
    endloop
  endfacet
  facet normal 0 -1 -0
    outer loop
      vertex -18 15.3 -13.9
      vertex -18.01 15.3 -14.5
      vertex -18 15.3 -14.5
    endloop
  endfacet
  facet normal 0 -1 0
    outer loop
      vertex 18 15.3 -14.5
      vertex 18.01 15.3 -13.9
      vertex 18 15.3 -13.9
    endloop
  endfacet
  facet normal 0 -1 -0
    outer loop
      vertex 18.01 15.3 -13.9
      vertex 18 15.3 -14.5
      vertex 18.01 15.3 -14.5
    endloop
  endfacet
  facet normal 0 1 -0
    outer loop
      vertex -18 14.7 -14.5
      vertex -18.01 14.7 -13.9
      vertex -18 14.7 -13.9
    endloop
  endfacet
  facet normal 0 1 0
    outer loop
      vertex -18.01 14.7 -13.9
      vertex -18 14.7 -14.5
      vertex -18.01 14.7 -14.5
    endloop
  endfacet
  facet normal 0 1 -0
    outer loop
      vertex 18.01 14.7 -14.5
      vertex 18 14.7 -13.9
      vertex 18.01 14.7 -13.9
    endloop
  endfacet
  facet normal 0 1 0
    outer loop
      vertex 18 14.7 -13.9
      vertex 18.01 14.7 -14.5
      vertex 18 14.7 -14.5
    endloop
  endfacet
endsolid OpenSCAD_Model
