solid OpenSCAD_Model
  facet normal 0.923929 0.382563 0
    outer loop
      vertex 14.125 0.569402 9
      vertex 13.9053 1.1 0
      vertex 13.9053 1.1 9
    endloop
  endfacet
  facet normal 0.923929 0.382563 0
    outer loop
      vertex 13.9053 1.1 0
      vertex 14.125 0.569402 9
      vertex 14.125 0.569402 0
    endloop
  endfacet
  facet normal 0.991437 0.130589 0
    outer loop
      vertex 14.2 0 9
      vertex 14.125 0.569402 0
      vertex 14.125 0.569402 9
    endloop
  endfacet
  facet normal 0.991437 0.130589 0
    outer loop
      vertex 14.125 0.569402 0
      vertex 14.2 0 9
      vertex 14.2 0 0
    endloop
  endfacet
  facet normal 0.793284 0.608852 0
    outer loop
      vertex 13.9053 1.1 9
      vertex 13.5556 1.55563 0
      vertex 13.5556 1.55563 9
    endloop
  endfacet
  facet normal 0.793284 0.608852 0
    outer loop
      vertex 13.5556 1.55563 0
      vertex 13.9053 1.1 9
      vertex 13.9053 1.1 0
    endloop
  endfacet
  facet normal 0.991437 -0.130589 0
    outer loop
      vertex 14.125 -0.569402 9
      vertex 14.2 0 0
      vertex 14.2 0 9
    endloop
  endfacet
  facet normal 0.991437 -0.130589 0
    outer loop
      vertex 14.2 0 0
      vertex 14.125 -0.569402 9
      vertex 14.125 -0.569402 0
    endloop
  endfacet
  facet normal -0 0 -1
    outer loop
      vertex 2.2 -12 0
      vertex 2.12504 -12.5694 0
      vertex 2.17338 -11.7978 0
    endloop
  endfacet
  facet normal 0 0 -1
    outer loop
      vertex 7.78112 -9.13053 0
      vertex 8.2 -10.3923 0
      vertex 8.12504 -10.9617 0
    endloop
  endfacet
  facet normal 0 0 -1
    outer loop
      vertex 7.78112 -9.13053 0
      vertex 8.12504 -10.9617 0
      vertex 7.90526 -11.4923 0
    endloop
  endfacet
  facet normal 0 0 -1
    outer loop
      vertex 8.2 -10.3923 0
      vertex 7.78112 -9.13053 0
      vertex 8.12504 -9.8229 0
    endloop
  endfacet
  facet normal 0 0 -1
    outer loop
      vertex 8.12504 -9.8229 0
      vertex 7.78112 -9.13053 0
      vertex 7.90526 -9.2923 0
    endloop
  endfacet
  facet normal 0 0 -1
    outer loop
      vertex 4.01671 -11.3039 0
      vertex 7.78112 -9.13053 0
      vertex 7.55563 -11.9479 0
    endloop
  endfacet
  facet normal 0 0 -1
    outer loop
      vertex 7.55563 -11.9479 0
      vertex 7.78112 -9.13053 0
      vertex 7.90526 -11.4923 0
    endloop
  endfacet
  facet normal 0 0 -1
    outer loop
      vertex 12.5173 -6.5694 0
      vertex 12.5173 -5.4306 0
      vertex 12.5923 -6 0
    endloop
  endfacet
  facet normal 0 0 -1
    outer loop
      vertex 12.2976 -7.1 0
      vertex 12.5173 -5.4306 0
      vertex 12.5173 -6.5694 0
    endloop
  endfacet
  facet normal 0 0 -1
    outer loop
      vertex 12.2976 -7.1 0
      vertex 12.2976 -4.9 0
      vertex 12.5173 -5.4306 0
    endloop
  endfacet
  facet normal 0 0 -1
    outer loop
      vertex 11.9479 -7.55563 0
      vertex 12.2976 -4.9 0
      vertex 12.2976 -7.1 0
    endloop
  endfacet
  facet normal 0 0 -1
    outer loop
      vertex 11.3039 -4.01671 0
      vertex 12.2976 -4.9 0
      vertex 11.9479 -7.55563 0
    endloop
  endfacet
  facet normal 0 0 -1
    outer loop
      vertex 11.3039 -4.01671 0
      vertex 11.9479 -7.55563 0
      vertex 11.4923 -7.90526 0
    endloop
  endfacet
  facet normal 0 0 -1
    outer loop
      vertex 12.2976 -4.9 0
      vertex 11.3039 -4.01671 0
      vertex 11.9479 -4.44436 0
    endloop
  endfacet
  facet normal 0 0 -1
    outer loop
      vertex 11.9479 -4.44436 0
      vertex 11.3039 -4.01671 0
      vertex 11.4923 -4.09474 0
    endloop
  endfacet
  facet normal 0 0 -1
    outer loop
      vertex 9.13053 -7.78112 0
      vertex 11.3039 -4.01671 0
      vertex 10.9617 -8.12504 0
    endloop
  endfacet
  facet normal 0 0 -1
    outer loop
      vertex 10.9617 -8.12504 0
      vertex 11.3039 -4.01671 0
      vertex 11.4923 -7.90526 0
    endloop
  endfacet
  facet normal 0 0 -1
    outer loop
      vertex 14.125 -0.569402 0
      vertex 14.125 0.569402 0
      vertex 14.2 0 0
    endloop
  endfacet
  facet normal 0 0 -1
    outer loop
      vertex 13.9053 -1.1 0
      vertex 14.125 0.569402 0
      vertex 14.125 -0.569402 0
    endloop
  endfacet
  facet normal 0 0 -1
    outer loop
      vertex 13.9053 -1.1 0
      vertex 13.9053 1.1 0
      vertex 14.125 0.569402 0
    endloop
  endfacet
  facet normal 0 0 -1
    outer loop
      vertex 13.5556 -1.55563 0
      vertex 13.9053 1.1 0
      vertex 13.9053 -1.1 0
    endloop
  endfacet
  facet normal 0 0 -1
    outer loop
      vertex 13.5556 -1.55563 0
      vertex 13.5556 1.55563 0
      vertex 13.9053 1.1 0
    endloop
  endfacet
  facet normal 0 0 -1
    outer loop
      vertex 11.7978 -2.17338 0
      vertex 13.5556 -1.55563 0
      vertex 13.1 -1.90526 0
    endloop
  endfacet
  facet normal -0 0 -1
    outer loop
      vertex 13.5556 -1.55563 0
      vertex 11.7978 -2.17338 0
      vertex 13.5556 1.55563 0
    endloop
  endfacet
  facet normal 0 0 -1
    outer loop
      vertex 11.7978 -2.17338 0
      vertex 13.1 -1.90526 0
      vertex 12.5694 -2.12504 0
    endloop
  endfacet
  facet normal 0 0 -1
    outer loop
      vertex 11.7978 2.17338 0
      vertex 13.5556 1.55563 0
      vertex 11.7978 -2.17338 0
    endloop
  endfacet
  facet normal 0 0 -1
    outer loop
      vertex 11.7978 -2.17338 0
      vertex 12.5694 -2.12504 0
      vertex 12 -2.2 0
    endloop
  endfacet
  facet normal 0 0 -1
    outer loop
      vertex 13.5556 1.55563 0
      vertex 11.7978 2.17338 0
      vertex 13.1 1.90526 0
    endloop
  endfacet
  facet normal 0 0 -1
    outer loop
      vertex 13.1 1.90526 0
      vertex 11.7978 2.17338 0
      vertex 12.5694 2.12504 0
    endloop
  endfacet
  facet normal 0 0 -1
    outer loop
      vertex 12.5694 2.12504 0
      vertex 11.7978 2.17338 0
      vertex 12 2.2 0
    endloop
  endfacet
  facet normal 0 0 -1
    outer loop
      vertex 11.5911 -3.10583 0
      vertex 11.7978 2.17338 0
      vertex 11.7978 -2.17338 0
    endloop
  endfacet
  facet normal 0 0 -1
    outer loop
      vertex 11.5911 -3.10583 0
      vertex 11.5911 3.10583 0
      vertex 11.7978 2.17338 0
    endloop
  endfacet
  facet normal 0 0 -1
    outer loop
      vertex 11.3039 -4.01671 0
      vertex 11.5911 3.10583 0
      vertex 11.5911 -3.10583 0
    endloop
  endfacet
  facet normal -0 0 -1
    outer loop
      vertex 11.5911 3.10583 0
      vertex 11.3039 -4.01671 0
      vertex 11.3039 4.01671 0
    endloop
  endfacet
  facet normal 0 0 -1
    outer loop
      vertex 12.5173 5.4306 0
      vertex 12.5173 6.5694 0
      vertex 12.5923 6 0
    endloop
  endfacet
  facet normal 0 0 -1
    outer loop
      vertex 12.2976 4.9 0
      vertex 12.5173 6.5694 0
      vertex 12.5173 5.4306 0
    endloop
  endfacet
  facet normal 0 0 -1
    outer loop
      vertex 12.2976 4.9 0
      vertex 12.2976 7.1 0
      vertex 12.5173 6.5694 0
    endloop
  endfacet
  facet normal 0 0 -1
    outer loop
      vertex 11.3039 4.01671 0
      vertex 12.2976 4.9 0
      vertex 11.9479 4.44436 0
    endloop
  endfacet
  facet normal -0 0 -1
    outer loop
      vertex 12.2976 4.9 0
      vertex 11.3039 4.01671 0
      vertex 12.2976 7.1 0
    endloop
  endfacet
  facet normal 0 0 -1
    outer loop
      vertex 11.3039 4.01671 0
      vertex 11.9479 4.44436 0
      vertex 11.4923 4.09474 0
    endloop
  endfacet
  facet normal -0 0 -1
    outer loop
      vertex 12.2976 7.1 0
      vertex 11.3039 4.01671 0
      vertex 11.9479 7.55563 0
    endloop
  endfacet
  facet normal -0 0 -1
    outer loop
      vertex 11.9479 7.55563 0
      vertex 11.3039 4.01671 0
      vertex 11.4923 7.90526 0
    endloop
  endfacet
  facet normal 0 0 -1
    outer loop
      vertex 11.3039 4.01671 0
      vertex 10.9617 8.12504 0
      vertex 11.4923 7.90526 0
    endloop
  endfacet
  facet normal -0 0 -1
    outer loop
      vertex 11.3039 -4.01671 0
      vertex 9.13053 -7.78112 0
      vertex 11.3039 4.01671 0
    endloop
  endfacet
  facet normal 0 0 -1
    outer loop
      vertex 9.13053 -7.78112 0
      vertex 10.9617 -8.12504 0
      vertex 10.3923 -8.2 0
    endloop
  endfacet
  facet normal 0 0 -1
    outer loop
      vertex 9.13053 7.78112 0
      vertex 11.3039 4.01671 0
      vertex 9.13053 -7.78112 0
    endloop
  endfacet
  facet normal 0 0 -1
    outer loop
      vertex 9.13053 -7.78112 0
      vertex 10.3923 -8.2 0
      vertex 9.8229 -8.12504 0
    endloop
  endfacet
  facet normal 0 0 -1
    outer loop
      vertex 11.3039 4.01671 0
      vertex 9.13053 7.78112 0
      vertex 10.9617 8.12504 0
    endloop
  endfacet
  facet normal 0 0 -1
    outer loop
      vertex 9.13053 -7.78112 0
      vertex 9.8229 -8.12504 0
      vertex 9.2923 -7.90526 0
    endloop
  endfacet
  facet normal -0 0 -1
    outer loop
      vertex 10.9617 8.12504 0
      vertex 9.13053 7.78112 0
      vertex 10.3923 8.2 0
    endloop
  endfacet
  facet normal 0 0 -1
    outer loop
      vertex 10.3923 8.2 0
      vertex 9.13053 7.78112 0
      vertex 9.8229 8.12504 0
    endloop
  endfacet
  facet normal 0 0 -1
    outer loop
      vertex 9.8229 8.12504 0
      vertex 9.13053 7.78112 0
      vertex 9.2923 7.90526 0
    endloop
  endfacet
  facet normal 0 0 -1
    outer loop
      vertex 8.48528 -8.48528 0
      vertex 9.13053 7.78112 0
      vertex 9.13053 -7.78112 0
    endloop
  endfacet
  facet normal 0 0 -1
    outer loop
      vertex 8.48528 -8.48528 0
      vertex 8.48528 8.48528 0
      vertex 9.13053 7.78112 0
    endloop
  endfacet
  facet normal 0 0 -1
    outer loop
      vertex 7.78112 -9.13053 0
      vertex 8.48528 8.48528 0
      vertex 8.48528 -8.48528 0
    endloop
  endfacet
  facet normal -0 0 -1
    outer loop
      vertex 8.48528 8.48528 0
      vertex 7.78112 -9.13053 0
      vertex 7.78112 9.13053 0
    endloop
  endfacet
  facet normal 0 0 -1
    outer loop
      vertex 7.78112 9.13053 0
      vertex 8.2 10.3923 0
      vertex 8.12504 9.8229 0
    endloop
  endfacet
  facet normal 0 0 -1
    outer loop
      vertex 7.78112 9.13053 0
      vertex 8.12504 9.8229 0
      vertex 7.90526 9.2923 0
    endloop
  endfacet
  facet normal -0 0 -1
    outer loop
      vertex 8.2 10.3923 0
      vertex 7.78112 9.13053 0
      vertex 8.12504 10.9617 0
    endloop
  endfacet
  facet normal -0 0 -1
    outer loop
      vertex 8.12504 10.9617 0
      vertex 7.78112 9.13053 0
      vertex 7.90526 11.4923 0
    endloop
  endfacet
  facet normal 0 0 -1
    outer loop
      vertex 7.78112 9.13053 0
      vertex 7.55563 11.9479 0
      vertex 7.90526 11.4923 0
    endloop
  endfacet
  facet normal 0 -0 -1
    outer loop
      vertex 3.25 0 0
      vertex 7.78112 -9.13053 0
      vertex 3.23763 -0.283256 0
    endloop
  endfacet
  facet normal 0 0 -1
    outer loop
      vertex 4.01671 -11.3039 0
      vertex 7.55563 -11.9479 0
      vertex 7.1 -12.2976 0
    endloop
  endfacet
  facet normal 0 0 -1
    outer loop
      vertex 3.23763 0.283256 0
      vertex 7.78112 9.13053 0
      vertex 3.25 0 0
    endloop
  endfacet
  facet normal 0 0 -1
    outer loop
      vertex 4.01671 -11.3039 0
      vertex 7.1 -12.2976 0
      vertex 6.5694 -12.5173 0
    endloop
  endfacet
  facet normal 0 0 -1
    outer loop
      vertex 3.20062 0.564356 0
      vertex 7.78112 9.13053 0
      vertex 3.23763 0.283256 0
    endloop
  endfacet
  facet normal 0 0 -1
    outer loop
      vertex 4.01671 -11.3039 0
      vertex 6.5694 -12.5173 0
      vertex 6 -12.5923 0
    endloop
  endfacet
  facet normal 0 0 -1
    outer loop
      vertex 3.13926 0.841162 0
      vertex 7.78112 9.13053 0
      vertex 3.20062 0.564356 0
    endloop
  endfacet
  facet normal 0 0 -1
    outer loop
      vertex 4.01671 -11.3039 0
      vertex 6 -12.5923 0
      vertex 5.4306 -12.5173 0
    endloop
  endfacet
  facet normal 0 0 -1
    outer loop
      vertex 3.054 1.11156 0
      vertex 7.78112 9.13053 0
      vertex 3.13926 0.841162 0
    endloop
  endfacet
  facet normal 0 0 -1
    outer loop
      vertex 4.01671 -11.3039 0
      vertex 5.4306 -12.5173 0
      vertex 4.9 -12.2976 0
    endloop
  endfacet
  facet normal 0 0 -1
    outer loop
      vertex 2.9455 1.37351 0
      vertex 7.78112 9.13053 0
      vertex 3.054 1.11156 0
    endloop
  endfacet
  facet normal 0 0 -1
    outer loop
      vertex 4.01671 -11.3039 0
      vertex 4.9 -12.2976 0
      vertex 4.44436 -11.9479 0
    endloop
  endfacet
  facet normal 0 0 -1
    outer loop
      vertex 2.81458 1.625 0
      vertex 7.78112 9.13053 0
      vertex 2.9455 1.37351 0
    endloop
  endfacet
  facet normal 0 0 -1
    outer loop
      vertex 4.01671 -11.3039 0
      vertex 4.44436 -11.9479 0
      vertex 4.09474 -11.4923 0
    endloop
  endfacet
  facet normal 0 0 -1
    outer loop
      vertex 2.66224 1.86412 0
      vertex 7.78112 9.13053 0
      vertex 2.81458 1.625 0
    endloop
  endfacet
  facet normal 0 0 -1
    outer loop
      vertex 1.625 -2.81458 0
      vertex 7.78112 -9.13053 0
      vertex 4.01671 -11.3039 0
    endloop
  endfacet
  facet normal 0 0 -1
    outer loop
      vertex 2.48964 2.08906 0
      vertex 7.78112 9.13053 0
      vertex 2.66224 1.86412 0
    endloop
  endfacet
  facet normal 0 0 -1
    outer loop
      vertex 2.2981 2.2981 0
      vertex 7.78112 9.13053 0
      vertex 2.48964 2.08906 0
    endloop
  endfacet
  facet normal 0 0 -1
    outer loop
      vertex 7.78112 -9.13053 0
      vertex 3.25 0 0
      vertex 7.78112 9.13053 0
    endloop
  endfacet
  facet normal 0 0 -1
    outer loop
      vertex 7.78112 -9.13053 0
      vertex 3.20062 -0.564356 0
      vertex 3.23763 -0.283256 0
    endloop
  endfacet
  facet normal 0 0 -1
    outer loop
      vertex 7.78112 -9.13053 0
      vertex 3.13926 -0.841162 0
      vertex 3.20062 -0.564356 0
    endloop
  endfacet
  facet normal 0 0 -1
    outer loop
      vertex 0.841162 -3.13926 0
      vertex 4.01671 -11.3039 0
      vertex 3.10583 -11.5911 0
    endloop
  endfacet
  facet normal 0 0 -1
    outer loop
      vertex 7.78112 -9.13053 0
      vertex 3.054 -1.11156 0
      vertex 3.13926 -0.841162 0
    endloop
  endfacet
  facet normal 0 0 -1
    outer loop
      vertex 7.78112 -9.13053 0
      vertex 2.9455 -1.37351 0
      vertex 3.054 -1.11156 0
    endloop
  endfacet
  facet normal 0 0 -1
    outer loop
      vertex 7.78112 -9.13053 0
      vertex 2.81458 -1.625 0
      vertex 2.9455 -1.37351 0
    endloop
  endfacet
  facet normal 0 0 -1
    outer loop
      vertex 7.78112 -9.13053 0
      vertex 2.66224 -1.86412 0
      vertex 2.81458 -1.625 0
    endloop
  endfacet
  facet normal 0 0 -1
    outer loop
      vertex 7.78112 -9.13053 0
      vertex 2.48964 -2.08906 0
      vertex 2.66224 -1.86412 0
    endloop
  endfacet
  facet normal 0 0 -1
    outer loop
      vertex 7.78112 -9.13053 0
      vertex 2.2981 -2.2981 0
      vertex 2.48964 -2.08906 0
    endloop
  endfacet
  facet normal 0 0 -1
    outer loop
      vertex 0.841162 -3.13926 0
      vertex 3.10583 -11.5911 0
      vertex 2.17338 -11.7978 0
    endloop
  endfacet
  facet normal 0 0 -1
    outer loop
      vertex 1.90526 -13.1 0
      vertex 2.17338 -11.7978 0
      vertex 2.12504 -12.5694 0
    endloop
  endfacet
  facet normal 0 0 -1
    outer loop
      vertex 7.78112 -9.13053 0
      vertex 2.08906 -2.48964 0
      vertex 2.2981 -2.2981 0
    endloop
  endfacet
  facet normal 0 0 -1
    outer loop
      vertex 1.55563 -13.5556 0
      vertex 2.17338 -11.7978 0
      vertex 1.90526 -13.1 0
    endloop
  endfacet
  facet normal 0 0 -1
    outer loop
      vertex 7.78112 -9.13053 0
      vertex 1.86412 -2.66224 0
      vertex 2.08906 -2.48964 0
    endloop
  endfacet
  facet normal 0 0 -1
    outer loop
      vertex 7.78112 -9.13053 0
      vertex 1.625 -2.81458 0
      vertex 1.86412 -2.66224 0
    endloop
  endfacet
  facet normal -0 0 -1
    outer loop
      vertex 2.17338 -11.7978 0
      vertex 1.55563 -13.5556 0
      vertex -2.17338 -11.7978 0
    endloop
  endfacet
  facet normal 0 0 -1
    outer loop
      vertex 4.01671 -11.3039 0
      vertex 1.37351 -2.9455 0
      vertex 1.625 -2.81458 0
    endloop
  endfacet
  facet normal 0 0 -1
    outer loop
      vertex 4.01671 -11.3039 0
      vertex 1.11156 -3.054 0
      vertex 1.37351 -2.9455 0
    endloop
  endfacet
  facet normal 0 0 -1
    outer loop
      vertex -2.17338 -11.7978 0
      vertex 1.55563 -13.5556 0
      vertex 1.1 -13.9053 0
    endloop
  endfacet
  facet normal 0 0 -1
    outer loop
      vertex 4.01671 -11.3039 0
      vertex 0.841162 -3.13926 0
      vertex 1.11156 -3.054 0
    endloop
  endfacet
  facet normal 0 0 -1
    outer loop
      vertex -2.17338 -11.7978 0
      vertex 1.1 -13.9053 0
      vertex 0.569402 -14.125 0
    endloop
  endfacet
  facet normal 0 -0 -1
    outer loop
      vertex 0 -3.25 0
      vertex 2.17338 -11.7978 0
      vertex -2.17338 -11.7978 0
    endloop
  endfacet
  facet normal 0 0 -1
    outer loop
      vertex 2.17338 -11.7978 0
      vertex 0.564356 -3.20062 0
      vertex 0.841162 -3.13926 0
    endloop
  endfacet
  facet normal 0 0 -1
    outer loop
      vertex -2.17338 -11.7978 0
      vertex 0.569402 -14.125 0
      vertex 0 -14.2 0
    endloop
  endfacet
  facet normal 0 0 -1
    outer loop
      vertex 2.17338 -11.7978 0
      vertex 0.283256 -3.23763 0
      vertex 0.564356 -3.20062 0
    endloop
  endfacet
  facet normal 0 0 -1
    outer loop
      vertex 2.17338 -11.7978 0
      vertex 0 -3.25 0
      vertex 0.283256 -3.23763 0
    endloop
  endfacet
  facet normal -0 0 -1
    outer loop
      vertex 0 -3.25 0
      vertex -2.17338 -11.7978 0
      vertex -0.283256 -3.23763 0
    endloop
  endfacet
  facet normal 0 0 -1
    outer loop
      vertex -2.17338 -11.7978 0
      vertex 0 -14.2 0
      vertex -0.569402 -14.125 0
    endloop
  endfacet
  facet normal -0 0 -1
    outer loop
      vertex -0.283256 -3.23763 0
      vertex -2.17338 -11.7978 0
      vertex -0.564356 -3.20062 0
    endloop
  endfacet
  facet normal 0 0 -1
    outer loop
      vertex -2.17338 -11.7978 0
      vertex -0.569402 -14.125 0
      vertex -1.1 -13.9053 0
    endloop
  endfacet
  facet normal -0 0 -1
    outer loop
      vertex -0.564356 -3.20062 0
      vertex -2.17338 -11.7978 0
      vertex -0.841162 -3.13926 0
    endloop
  endfacet
  facet normal 0 0 -1
    outer loop
      vertex -3.10583 -11.5911 0
      vertex -0.841162 -3.13926 0
      vertex -2.17338 -11.7978 0
    endloop
  endfacet
  facet normal 0 0 -1
    outer loop
      vertex -2.17338 -11.7978 0
      vertex -1.1 -13.9053 0
      vertex -1.55563 -13.5556 0
    endloop
  endfacet
  facet normal 0 0 -1
    outer loop
      vertex -4.01671 -11.3039 0
      vertex -0.841162 -3.13926 0
      vertex -3.10583 -11.5911 0
    endloop
  endfacet
  facet normal -0 0 -1
    outer loop
      vertex -0.841162 -3.13926 0
      vertex -4.01671 -11.3039 0
      vertex -1.11156 -3.054 0
    endloop
  endfacet
  facet normal 0 0 -1
    outer loop
      vertex -2.17338 -11.7978 0
      vertex -1.55563 -13.5556 0
      vertex -1.90526 -13.1 0
    endloop
  endfacet
  facet normal -0 0 -1
    outer loop
      vertex -1.11156 -3.054 0
      vertex -4.01671 -11.3039 0
      vertex -1.37351 -2.9455 0
    endloop
  endfacet
  facet normal 0 0 -1
    outer loop
      vertex -2.17338 -11.7978 0
      vertex -1.90526 -13.1 0
      vertex -2.12504 -12.5694 0
    endloop
  endfacet
  facet normal -0 0 -1
    outer loop
      vertex -1.37351 -2.9455 0
      vertex -4.01671 -11.3039 0
      vertex -1.625 -2.81458 0
    endloop
  endfacet
  facet normal 0 0 -1
    outer loop
      vertex -7.78112 -9.13053 0
      vertex -1.625 -2.81458 0
      vertex -4.01671 -11.3039 0
    endloop
  endfacet
  facet normal -0 0 -1
    outer loop
      vertex -1.625 -2.81458 0
      vertex -7.78112 -9.13053 0
      vertex -1.86412 -2.66224 0
    endloop
  endfacet
  facet normal -0 0 -1
    outer loop
      vertex -1.86412 -2.66224 0
      vertex -7.78112 -9.13053 0
      vertex -2.08906 -2.48964 0
    endloop
  endfacet
  facet normal -0 0 -1
    outer loop
      vertex -2.08906 -2.48964 0
      vertex -7.78112 -9.13053 0
      vertex -2.2981 -2.2981 0
    endloop
  endfacet
  facet normal 0 0 -1
    outer loop
      vertex -8.48528 -8.48528 0
      vertex -2.2981 -2.2981 0
      vertex -7.78112 -9.13053 0
    endloop
  endfacet
  facet normal 0 0 -1
    outer loop
      vertex -9.13053 -7.78112 0
      vertex -2.2981 -2.2981 0
      vertex -8.48528 -8.48528 0
    endloop
  endfacet
  facet normal -0 0 -1
    outer loop
      vertex -2.2981 -2.2981 0
      vertex -9.13053 -7.78112 0
      vertex -2.48964 -2.08906 0
    endloop
  endfacet
  facet normal -0 0 -1
    outer loop
      vertex -2.48964 -2.08906 0
      vertex -9.13053 -7.78112 0
      vertex -2.66224 -1.86412 0
    endloop
  endfacet
  facet normal -0 0 -1
    outer loop
      vertex -2.66224 -1.86412 0
      vertex -9.13053 -7.78112 0
      vertex -2.81458 -1.625 0
    endloop
  endfacet
  facet normal 0 0 -1
    outer loop
      vertex -11.3039 -4.01671 0
      vertex -2.81458 -1.625 0
      vertex -9.13053 -7.78112 0
    endloop
  endfacet
  facet normal -0 0 -1
    outer loop
      vertex -2.81458 -1.625 0
      vertex -11.3039 -4.01671 0
      vertex -2.9455 -1.37351 0
    endloop
  endfacet
  facet normal -0 0 -1
    outer loop
      vertex -2.9455 -1.37351 0
      vertex -11.3039 -4.01671 0
      vertex -3.054 -1.11156 0
    endloop
  endfacet
  facet normal 0 0 -1
    outer loop
      vertex 7.78112 9.13053 0
      vertex 4.01671 11.3039 0
      vertex 7.55563 11.9479 0
    endloop
  endfacet
  facet normal 0 0 -1
    outer loop
      vertex 4.44436 11.9479 0
      vertex 4.01671 11.3039 0
      vertex 4.09474 11.4923 0
    endloop
  endfacet
  facet normal -0 0 -1
    outer loop
      vertex 6.5694 12.5173 0
      vertex 4.01671 11.3039 0
      vertex 6 12.5923 0
    endloop
  endfacet
  facet normal 0 0 -1
    outer loop
      vertex 4.9 12.2976 0
      vertex 4.01671 11.3039 0
      vertex 4.44436 11.9479 0
    endloop
  endfacet
  facet normal 0 0 -1
    outer loop
      vertex 5.4306 12.5173 0
      vertex 4.01671 11.3039 0
      vertex 4.9 12.2976 0
    endloop
  endfacet
  facet normal 0 0 -1
    outer loop
      vertex 6 12.5923 0
      vertex 4.01671 11.3039 0
      vertex 5.4306 12.5173 0
    endloop
  endfacet
  facet normal -0 0 -1
    outer loop
      vertex 7.1 12.2976 0
      vertex 4.01671 11.3039 0
      vertex 6.5694 12.5173 0
    endloop
  endfacet
  facet normal -0 0 -1
    outer loop
      vertex 7.55563 11.9479 0
      vertex 4.01671 11.3039 0
      vertex 7.1 12.2976 0
    endloop
  endfacet
  facet normal 0 0 -1
    outer loop
      vertex 2.08906 2.48964 0
      vertex 7.78112 9.13053 0
      vertex 2.2981 2.2981 0
    endloop
  endfacet
  facet normal 0 0 -1
    outer loop
      vertex 1.86412 2.66224 0
      vertex 7.78112 9.13053 0
      vertex 2.08906 2.48964 0
    endloop
  endfacet
  facet normal 0 0 -1
    outer loop
      vertex 1.625 2.81458 0
      vertex 7.78112 9.13053 0
      vertex 1.86412 2.66224 0
    endloop
  endfacet
  facet normal -0 0 -1
    outer loop
      vertex 7.78112 9.13053 0
      vertex 1.625 2.81458 0
      vertex 4.01671 11.3039 0
    endloop
  endfacet
  facet normal 0 0 -1
    outer loop
      vertex 1.37351 2.9455 0
      vertex 4.01671 11.3039 0
      vertex 1.625 2.81458 0
    endloop
  endfacet
  facet normal 0 0 -1
    outer loop
      vertex 1.11156 3.054 0
      vertex 4.01671 11.3039 0
      vertex 1.37351 2.9455 0
    endloop
  endfacet
  facet normal 0 0 -1
    outer loop
      vertex 0.841162 3.13926 0
      vertex 4.01671 11.3039 0
      vertex 1.11156 3.054 0
    endloop
  endfacet
  facet normal -0 0 -1
    outer loop
      vertex 4.01671 11.3039 0
      vertex 0.841162 3.13926 0
      vertex 3.10583 11.5911 0
    endloop
  endfacet
  facet normal -0 0 -1
    outer loop
      vertex 3.10583 11.5911 0
      vertex 0.841162 3.13926 0
      vertex 2.17338 11.7978 0
    endloop
  endfacet
  facet normal 0 0 -1
    outer loop
      vertex 0.564356 3.20062 0
      vertex 2.17338 11.7978 0
      vertex 0.841162 3.13926 0
    endloop
  endfacet
  facet normal 0 0 -1
    outer loop
      vertex 0.283256 3.23763 0
      vertex 2.17338 11.7978 0
      vertex 0.564356 3.20062 0
    endloop
  endfacet
  facet normal 0 0 -1
    outer loop
      vertex 0 3.25 0
      vertex 2.17338 11.7978 0
      vertex 0.283256 3.23763 0
    endloop
  endfacet
  facet normal 0 0 -1
    outer loop
      vertex 2.17338 11.7978 0
      vertex 1.90526 13.1 0
      vertex 2.12504 12.5694 0
    endloop
  endfacet
  facet normal -0 0 -1
    outer loop
      vertex 1.55563 13.5556 0
      vertex -2.17338 11.7978 0
      vertex 1.1 13.9053 0
    endloop
  endfacet
  facet normal 0 0 -1
    outer loop
      vertex 2.17338 11.7978 0
      vertex 1.55563 13.5556 0
      vertex 1.90526 13.1 0
    endloop
  endfacet
  facet normal 0 -0 -1
    outer loop
      vertex 1.55563 13.5556 0
      vertex 2.17338 11.7978 0
      vertex -2.17338 11.7978 0
    endloop
  endfacet
  facet normal -0 0 -1
    outer loop
      vertex 2.17338 11.7978 0
      vertex 0 3.25 0
      vertex -2.17338 11.7978 0
    endloop
  endfacet
  facet normal -0 0 -1
    outer loop
      vertex 1.1 13.9053 0
      vertex -2.17338 11.7978 0
      vertex 0.569402 14.125 0
    endloop
  endfacet
  facet normal 0 0 -1
    outer loop
      vertex -2.17338 11.7978 0
      vertex 0 3.25 0
      vertex -0.283256 3.23763 0
    endloop
  endfacet
  facet normal 0 0 -1
    outer loop
      vertex -2.17338 11.7978 0
      vertex -0.283256 3.23763 0
      vertex -0.564356 3.20062 0
    endloop
  endfacet
  facet normal -0 0 -1
    outer loop
      vertex 0.569402 14.125 0
      vertex -2.17338 11.7978 0
      vertex 0 14.2 0
    endloop
  endfacet
  facet normal 0 0 -1
    outer loop
      vertex -2.17338 11.7978 0
      vertex -0.564356 3.20062 0
      vertex -0.841162 3.13926 0
    endloop
  endfacet
  facet normal 0 0 -1
    outer loop
      vertex 0 14.2 0
      vertex -2.17338 11.7978 0
      vertex -0.569402 14.125 0
    endloop
  endfacet
  facet normal 0 0 -1
    outer loop
      vertex -4.01671 11.3039 0
      vertex -0.841162 3.13926 0
      vertex -1.11156 3.054 0
    endloop
  endfacet
  facet normal 0 0 -1
    outer loop
      vertex -4.01671 11.3039 0
      vertex -1.11156 3.054 0
      vertex -1.37351 2.9455 0
    endloop
  endfacet
  facet normal 0 0 -1
    outer loop
      vertex -0.569402 14.125 0
      vertex -2.17338 11.7978 0
      vertex -1.1 13.9053 0
    endloop
  endfacet
  facet normal 0 0 -1
    outer loop
      vertex -4.01671 11.3039 0
      vertex -1.37351 2.9455 0
      vertex -1.625 2.81458 0
    endloop
  endfacet
  facet normal 0 0 -1
    outer loop
      vertex -7.78112 9.13053 0
      vertex -1.625 2.81458 0
      vertex -1.86412 2.66224 0
    endloop
  endfacet
  facet normal 0 0 -1
    outer loop
      vertex -1.1 13.9053 0
      vertex -2.17338 11.7978 0
      vertex -1.55563 13.5556 0
    endloop
  endfacet
  facet normal 0 0 -1
    outer loop
      vertex -7.78112 9.13053 0
      vertex -1.86412 2.66224 0
      vertex -2.08906 2.48964 0
    endloop
  endfacet
  facet normal 0 0 -1
    outer loop
      vertex -1.55563 13.5556 0
      vertex -2.17338 11.7978 0
      vertex -1.90526 13.1 0
    endloop
  endfacet
  facet normal 0 0 -1
    outer loop
      vertex -1.90526 13.1 0
      vertex -2.17338 11.7978 0
      vertex -2.12504 12.5694 0
    endloop
  endfacet
  facet normal 0 0 -1
    outer loop
      vertex -7.78112 9.13053 0
      vertex -2.08906 2.48964 0
      vertex -2.2981 2.2981 0
    endloop
  endfacet
  facet normal 0 0 -1
    outer loop
      vertex -9.13053 7.78112 0
      vertex -2.2981 2.2981 0
      vertex -2.48964 2.08906 0
    endloop
  endfacet
  facet normal 0 0 -1
    outer loop
      vertex -9.13053 7.78112 0
      vertex -2.48964 2.08906 0
      vertex -2.66224 1.86412 0
    endloop
  endfacet
  facet normal 0 0 -1
    outer loop
      vertex -9.13053 7.78112 0
      vertex -2.66224 1.86412 0
      vertex -2.81458 1.625 0
    endloop
  endfacet
  facet normal 0 0 -1
    outer loop
      vertex -11.3039 4.01671 0
      vertex -2.81458 1.625 0
      vertex -2.9455 1.37351 0
    endloop
  endfacet
  facet normal 0 0 -1
    outer loop
      vertex -11.3039 4.01671 0
      vertex -2.9455 1.37351 0
      vertex -3.054 1.11156 0
    endloop
  endfacet
  facet normal 0 0 -1
    outer loop
      vertex -0.841162 3.13926 0
      vertex -3.10583 11.5911 0
      vertex -2.17338 11.7978 0
    endloop
  endfacet
  facet normal 0 0 -1
    outer loop
      vertex -11.3039 4.01671 0
      vertex -3.054 1.11156 0
      vertex -3.13926 0.841162 0
    endloop
  endfacet
  facet normal 0 0 -1
    outer loop
      vertex -11.7978 2.17338 0
      vertex -3.13926 0.841162 0
      vertex -3.20062 0.564356 0
    endloop
  endfacet
  facet normal 0 0 -1
    outer loop
      vertex -11.7978 2.17338 0
      vertex -3.20062 0.564356 0
      vertex -3.23763 0.283256 0
    endloop
  endfacet
  facet normal 0 0 -1
    outer loop
      vertex -11.7978 2.17338 0
      vertex -3.23763 0.283256 0
      vertex -3.25 0 0
    endloop
  endfacet
  facet normal -0 0 -1
    outer loop
      vertex -3.054 -1.11156 0
      vertex -11.3039 -4.01671 0
      vertex -3.13926 -0.841162 0
    endloop
  endfacet
  facet normal 0 0 -1
    outer loop
      vertex -0.841162 3.13926 0
      vertex -4.01671 11.3039 0
      vertex -3.10583 11.5911 0
    endloop
  endfacet
  facet normal 0 0 -1
    outer loop
      vertex -4.44436 -11.9479 0
      vertex -4.01671 -11.3039 0
      vertex -4.09474 -11.4923 0
    endloop
  endfacet
  facet normal 0 0 -1
    outer loop
      vertex -11.5911 -3.10583 0
      vertex -3.13926 -0.841162 0
      vertex -11.3039 -4.01671 0
    endloop
  endfacet
  facet normal 0 0 -1
    outer loop
      vertex -4.9 -12.2976 0
      vertex -4.01671 -11.3039 0
      vertex -4.44436 -11.9479 0
    endloop
  endfacet
  facet normal 0 0 -1
    outer loop
      vertex -1.625 2.81458 0
      vertex -7.78112 9.13053 0
      vertex -4.01671 11.3039 0
    endloop
  endfacet
  facet normal 0 0 -1
    outer loop
      vertex -5.4306 -12.5173 0
      vertex -4.01671 -11.3039 0
      vertex -4.9 -12.2976 0
    endloop
  endfacet
  facet normal 0 -0 -1
    outer loop
      vertex -5.4306 12.5173 0
      vertex -4.01671 11.3039 0
      vertex -7.78112 9.13053 0
    endloop
  endfacet
  facet normal -0 0 -1
    outer loop
      vertex -4.01671 -11.3039 0
      vertex -5.4306 -12.5173 0
      vertex -7.78112 -9.13053 0
    endloop
  endfacet
  facet normal 0 0 -1
    outer loop
      vertex -4.01671 11.3039 0
      vertex -4.44436 11.9479 0
      vertex -4.09474 11.4923 0
    endloop
  endfacet
  facet normal 0 0 -1
    outer loop
      vertex -7.78112 -9.13053 0
      vertex -5.4306 -12.5173 0
      vertex -6 -12.5923 0
    endloop
  endfacet
  facet normal 0 0 -1
    outer loop
      vertex -4.01671 11.3039 0
      vertex -4.9 12.2976 0
      vertex -4.44436 11.9479 0
    endloop
  endfacet
  facet normal 0 0 -1
    outer loop
      vertex -7.78112 -9.13053 0
      vertex -6 -12.5923 0
      vertex -6.5694 -12.5173 0
    endloop
  endfacet
  facet normal 0 0 -1
    outer loop
      vertex -4.01671 11.3039 0
      vertex -5.4306 12.5173 0
      vertex -4.9 12.2976 0
    endloop
  endfacet
  facet normal 0 0 -1
    outer loop
      vertex -7.78112 -9.13053 0
      vertex -6.5694 -12.5173 0
      vertex -7.1 -12.2976 0
    endloop
  endfacet
  facet normal -0 0 -1
    outer loop
      vertex -5.4306 12.5173 0
      vertex -7.78112 9.13053 0
      vertex -6 12.5923 0
    endloop
  endfacet
  facet normal 0 0 -1
    outer loop
      vertex -7.78112 -9.13053 0
      vertex -7.1 -12.2976 0
      vertex -7.55563 -11.9479 0
    endloop
  endfacet
  facet normal 0 0 -1
    outer loop
      vertex -6 12.5923 0
      vertex -7.78112 9.13053 0
      vertex -6.5694 12.5173 0
    endloop
  endfacet
  facet normal 0 0 -1
    outer loop
      vertex -6.5694 12.5173 0
      vertex -7.78112 9.13053 0
      vertex -7.1 12.2976 0
    endloop
  endfacet
  facet normal 0 0 -1
    outer loop
      vertex -7.90526 -11.4923 0
      vertex -7.78112 -9.13053 0
      vertex -7.55563 -11.9479 0
    endloop
  endfacet
  facet normal 0 0 -1
    outer loop
      vertex -8.12504 -10.9617 0
      vertex -7.78112 -9.13053 0
      vertex -7.90526 -11.4923 0
    endloop
  endfacet
  facet normal 0 0 -1
    outer loop
      vertex -8.2 -10.3923 0
      vertex -7.78112 -9.13053 0
      vertex -8.12504 -10.9617 0
    endloop
  endfacet
  facet normal 0 0 -1
    outer loop
      vertex -7.78112 -9.13053 0
      vertex -8.12504 -9.8229 0
      vertex -7.90526 -9.2923 0
    endloop
  endfacet
  facet normal 0 0 -1
    outer loop
      vertex -7.78112 -9.13053 0
      vertex -8.2 -10.3923 0
      vertex -8.12504 -9.8229 0
    endloop
  endfacet
  facet normal -0 0 -1
    outer loop
      vertex -3.23763 -0.283256 0
      vertex -11.7978 -2.17338 0
      vertex -3.25 0 0
    endloop
  endfacet
  facet normal 0 0 -1
    outer loop
      vertex -3.13926 0.841162 0
      vertex -11.5911 3.10583 0
      vertex -11.3039 4.01671 0
    endloop
  endfacet
  facet normal 0 0 -1
    outer loop
      vertex -11.7978 2.17338 0
      vertex -3.25 0 0
      vertex -11.7978 -2.17338 0
    endloop
  endfacet
  facet normal 0 0 -1
    outer loop
      vertex -3.13926 0.841162 0
      vertex -11.7978 2.17338 0
      vertex -11.5911 3.10583 0
    endloop
  endfacet
  facet normal 0 0 -1
    outer loop
      vertex -12.5694 -2.12504 0
      vertex -11.7978 -2.17338 0
      vertex -12 -2.2 0
    endloop
  endfacet
  facet normal 0 0 -1
    outer loop
      vertex -13.1 -1.90526 0
      vertex -11.7978 -2.17338 0
      vertex -12.5694 -2.12504 0
    endloop
  endfacet
  facet normal 0 0 -1
    outer loop
      vertex -13.5556 -1.55563 0
      vertex -11.7978 -2.17338 0
      vertex -13.1 -1.90526 0
    endloop
  endfacet
  facet normal -0 0 -1
    outer loop
      vertex -11.7978 2.17338 0
      vertex -12.5694 2.12504 0
      vertex -12 2.2 0
    endloop
  endfacet
  facet normal 0 0 -1
    outer loop
      vertex -11.7978 -2.17338 0
      vertex -13.5556 -1.55563 0
      vertex -11.7978 2.17338 0
    endloop
  endfacet
  facet normal 0 0 -1
    outer loop
      vertex -11.7978 2.17338 0
      vertex -13.1 1.90526 0
      vertex -12.5694 2.12504 0
    endloop
  endfacet
  facet normal 0 0 -1
    outer loop
      vertex -13.5556 1.55563 0
      vertex -11.7978 2.17338 0
      vertex -13.5556 -1.55563 0
    endloop
  endfacet
  facet normal 0 0 -1
    outer loop
      vertex -11.7978 2.17338 0
      vertex -13.5556 1.55563 0
      vertex -13.1 1.90526 0
    endloop
  endfacet
  facet normal 0 0 -1
    outer loop
      vertex -13.9053 -1.1 0
      vertex -13.5556 1.55563 0
      vertex -13.5556 -1.55563 0
    endloop
  endfacet
  facet normal 0 0 -1
    outer loop
      vertex -13.9053 -1.1 0
      vertex -13.9053 1.1 0
      vertex -13.5556 1.55563 0
    endloop
  endfacet
  facet normal 0 0 -1
    outer loop
      vertex -14.125 -0.569402 0
      vertex -13.9053 1.1 0
      vertex -13.9053 -1.1 0
    endloop
  endfacet
  facet normal 0 0 -1
    outer loop
      vertex -14.125 -0.569402 0
      vertex -14.125 0.569402 0
      vertex -13.9053 1.1 0
    endloop
  endfacet
  facet normal 0 -0 -1
    outer loop
      vertex -14.125 0.569402 0
      vertex -14.125 -0.569402 0
      vertex -14.2 0 0
    endloop
  endfacet
  facet normal 0 0 -1
    outer loop
      vertex -11.7978 -2.17338 0
      vertex -3.13926 -0.841162 0
      vertex -11.5911 -3.10583 0
    endloop
  endfacet
  facet normal 0 0 -1
    outer loop
      vertex -2.2981 2.2981 0
      vertex -8.48528 8.48528 0
      vertex -7.78112 9.13053 0
    endloop
  endfacet
  facet normal -0 0 -1
    outer loop
      vertex -3.13926 -0.841162 0
      vertex -11.7978 -2.17338 0
      vertex -3.20062 -0.564356 0
    endloop
  endfacet
  facet normal 0 0 -1
    outer loop
      vertex -2.2981 2.2981 0
      vertex -9.13053 7.78112 0
      vertex -8.48528 8.48528 0
    endloop
  endfacet
  facet normal 0 0 -1
    outer loop
      vertex -9.8229 -8.12504 0
      vertex -9.13053 -7.78112 0
      vertex -9.2923 -7.90526 0
    endloop
  endfacet
  facet normal -0 0 -1
    outer loop
      vertex -3.20062 -0.564356 0
      vertex -11.7978 -2.17338 0
      vertex -3.23763 -0.283256 0
    endloop
  endfacet
  facet normal 0 0 -1
    outer loop
      vertex -10.3923 -8.2 0
      vertex -9.13053 -7.78112 0
      vertex -9.8229 -8.12504 0
    endloop
  endfacet
  facet normal 0 0 -1
    outer loop
      vertex -2.81458 1.625 0
      vertex -11.3039 4.01671 0
      vertex -9.13053 7.78112 0
    endloop
  endfacet
  facet normal 0 0 -1
    outer loop
      vertex -10.9617 -8.12504 0
      vertex -9.13053 -7.78112 0
      vertex -10.3923 -8.2 0
    endloop
  endfacet
  facet normal 0 -0 -1
    outer loop
      vertex -10.9617 8.12504 0
      vertex -9.13053 7.78112 0
      vertex -11.3039 4.01671 0
    endloop
  endfacet
  facet normal -0 0 -1
    outer loop
      vertex -9.13053 -7.78112 0
      vertex -10.9617 -8.12504 0
      vertex -11.3039 -4.01671 0
    endloop
  endfacet
  facet normal 0 0 -1
    outer loop
      vertex -9.13053 7.78112 0
      vertex -9.8229 8.12504 0
      vertex -9.2923 7.90526 0
    endloop
  endfacet
  facet normal 0 0 -1
    outer loop
      vertex -9.13053 7.78112 0
      vertex -10.3923 8.2 0
      vertex -9.8229 8.12504 0
    endloop
  endfacet
  facet normal 0 0 -1
    outer loop
      vertex -11.4923 -7.90526 0
      vertex -11.3039 -4.01671 0
      vertex -10.9617 -8.12504 0
    endloop
  endfacet
  facet normal 0 0 -1
    outer loop
      vertex -11.9479 -7.55563 0
      vertex -11.3039 -4.01671 0
      vertex -11.4923 -7.90526 0
    endloop
  endfacet
  facet normal 0 0 -1
    outer loop
      vertex -12.2976 -7.1 0
      vertex -11.3039 -4.01671 0
      vertex -11.9479 -7.55563 0
    endloop
  endfacet
  facet normal 0 0 -1
    outer loop
      vertex -11.3039 -4.01671 0
      vertex -11.9479 -4.44436 0
      vertex -11.4923 -4.09474 0
    endloop
  endfacet
  facet normal 0 0 -1
    outer loop
      vertex -12.2976 -4.9 0
      vertex -11.3039 -4.01671 0
      vertex -12.2976 -7.1 0
    endloop
  endfacet
  facet normal 0 0 -1
    outer loop
      vertex -11.3039 -4.01671 0
      vertex -12.2976 -4.9 0
      vertex -11.9479 -4.44436 0
    endloop
  endfacet
  facet normal 0 0 -1
    outer loop
      vertex -12.5173 -6.5694 0
      vertex -12.2976 -4.9 0
      vertex -12.2976 -7.1 0
    endloop
  endfacet
  facet normal 0 0 -1
    outer loop
      vertex -12.5173 -6.5694 0
      vertex -12.5173 -5.4306 0
      vertex -12.2976 -4.9 0
    endloop
  endfacet
  facet normal 0 -0 -1
    outer loop
      vertex -12.5173 -5.4306 0
      vertex -12.5173 -6.5694 0
      vertex -12.5923 -6 0
    endloop
  endfacet
  facet normal 0 0 -1
    outer loop
      vertex -7.1 12.2976 0
      vertex -7.78112 9.13053 0
      vertex -7.55563 11.9479 0
    endloop
  endfacet
  facet normal 0 0 -1
    outer loop
      vertex -8.12504 9.8229 0
      vertex -7.78112 9.13053 0
      vertex -7.90526 9.2923 0
    endloop
  endfacet
  facet normal 0 0 -1
    outer loop
      vertex -7.78112 9.13053 0
      vertex -7.90526 11.4923 0
      vertex -7.55563 11.9479 0
    endloop
  endfacet
  facet normal 0 0 -1
    outer loop
      vertex -8.2 10.3923 0
      vertex -7.78112 9.13053 0
      vertex -8.12504 9.8229 0
    endloop
  endfacet
  facet normal 0 0 -1
    outer loop
      vertex -7.78112 9.13053 0
      vertex -8.12504 10.9617 0
      vertex -7.90526 11.4923 0
    endloop
  endfacet
  facet normal 0 0 -1
    outer loop
      vertex -7.78112 9.13053 0
      vertex -8.2 10.3923 0
      vertex -8.12504 10.9617 0
    endloop
  endfacet
  facet normal 0 0 -1
    outer loop
      vertex -9.13053 7.78112 0
      vertex -10.9617 8.12504 0
      vertex -10.3923 8.2 0
    endloop
  endfacet
  facet normal 0 0 -1
    outer loop
      vertex -11.9479 4.44436 0
      vertex -11.3039 4.01671 0
      vertex -11.4923 4.09474 0
    endloop
  endfacet
  facet normal 0 0 -1
    outer loop
      vertex -11.3039 4.01671 0
      vertex -11.4923 7.90526 0
      vertex -10.9617 8.12504 0
    endloop
  endfacet
  facet normal 0 0 -1
    outer loop
      vertex -12.2976 4.9 0
      vertex -11.3039 4.01671 0
      vertex -11.9479 4.44436 0
    endloop
  endfacet
  facet normal 0 0 -1
    outer loop
      vertex -11.3039 4.01671 0
      vertex -11.9479 7.55563 0
      vertex -11.4923 7.90526 0
    endloop
  endfacet
  facet normal 0 0 -1
    outer loop
      vertex -11.3039 4.01671 0
      vertex -12.2976 4.9 0
      vertex -11.9479 7.55563 0
    endloop
  endfacet
  facet normal 0 0 -1
    outer loop
      vertex -12.2976 4.9 0
      vertex -12.2976 7.1 0
      vertex -11.9479 7.55563 0
    endloop
  endfacet
  facet normal 0 0 -1
    outer loop
      vertex -12.5173 5.4306 0
      vertex -12.2976 7.1 0
      vertex -12.2976 4.9 0
    endloop
  endfacet
  facet normal 0 0 -1
    outer loop
      vertex -12.5173 5.4306 0
      vertex -12.5173 6.5694 0
      vertex -12.2976 7.1 0
    endloop
  endfacet
  facet normal 0 -0 -1
    outer loop
      vertex -12.5173 6.5694 0
      vertex -12.5173 5.4306 0
      vertex -12.5923 6 0
    endloop
  endfacet
  facet normal 0 0 -1
    outer loop
      vertex -2.12504 -12.5694 0
      vertex -2.2 -12 0
      vertex -2.17338 -11.7978 0
    endloop
  endfacet
  facet normal -0 0 -1
    outer loop
      vertex 2.2 12 0
      vertex 2.17338 11.7978 0
      vertex 2.12504 12.5694 0
    endloop
  endfacet
  facet normal 0 0 -1
    outer loop
      vertex -2.12504 12.5694 0
      vertex -2.17338 11.7978 0
      vertex -2.2 12 0
    endloop
  endfacet
  facet normal 0.130521 -0.991446 0
    outer loop
      vertex 12 -2.2 0
      vertex 12.5694 -2.12504 9
      vertex 12 -2.2 9
    endloop
  endfacet
  facet normal 0.130521 -0.991446 0
    outer loop
      vertex 12.5694 -2.12504 9
      vertex 12 -2.2 0
      vertex 12.5694 -2.12504 0
    endloop
  endfacet
  facet normal 0.608801 -0.793323 0
    outer loop
      vertex 13.1 -1.90526 0
      vertex 13.5556 -1.55563 9
      vertex 13.1 -1.90526 9
    endloop
  endfacet
  facet normal 0.608801 -0.793323 0
    outer loop
      vertex 13.5556 -1.55563 9
      vertex 13.1 -1.90526 0
      vertex 13.5556 -1.55563 0
    endloop
  endfacet
  facet normal 0.382681 0.923881 -0
    outer loop
      vertex 13.1 1.90526 0
      vertex 12.5694 2.12504 9
      vertex 13.1 1.90526 9
    endloop
  endfacet
  facet normal 0.382681 0.923881 0
    outer loop
      vertex 12.5694 2.12504 9
      vertex 13.1 1.90526 0
      vertex 12.5694 2.12504 0
    endloop
  endfacet
  facet normal 0.130521 0.991446 -0
    outer loop
      vertex 12.5694 2.12504 0
      vertex 12 2.2 9
      vertex 12.5694 2.12504 9
    endloop
  endfacet
  facet normal 0.130521 0.991446 0
    outer loop
      vertex 12 2.2 9
      vertex 12.5694 2.12504 0
      vertex 12 2.2 0
    endloop
  endfacet
  facet normal -0.130526 0.991445 0
    outer loop
      vertex 12 2.2 0
      vertex 11.7978 2.17338 9
      vertex 12 2.2 9
    endloop
  endfacet
  facet normal -0.130526 0.991445 0
    outer loop
      vertex 11.7978 2.17338 9
      vertex 12 2.2 0
      vertex 11.7978 2.17338 0
    endloop
  endfacet
  facet normal 0.923929 -0.382563 0
    outer loop
      vertex 13.9053 -1.1 9
      vertex 14.125 -0.569402 0
      vertex 14.125 -0.569402 9
    endloop
  endfacet
  facet normal 0.923929 -0.382563 0
    outer loop
      vertex 14.125 -0.569402 0
      vertex 13.9053 -1.1 9
      vertex 13.9053 -1.1 0
    endloop
  endfacet
  facet normal 0.793284 -0.608852 0
    outer loop
      vertex 13.5556 -1.55563 9
      vertex 13.9053 -1.1 0
      vertex 13.9053 -1.1 9
    endloop
  endfacet
  facet normal 0.793284 -0.608852 0
    outer loop
      vertex 13.9053 -1.1 0
      vertex 13.5556 -1.55563 9
      vertex 13.5556 -1.55563 0
    endloop
  endfacet
  facet normal 0.608801 0.793323 -0
    outer loop
      vertex 13.5556 1.55563 0
      vertex 13.1 1.90526 9
      vertex 13.5556 1.55563 9
    endloop
  endfacet
  facet normal 0.608801 0.793323 0
    outer loop
      vertex 13.1 1.90526 9
      vertex 13.5556 1.55563 0
      vertex 13.1 1.90526 0
    endloop
  endfacet
  facet normal 0.382681 -0.923881 0
    outer loop
      vertex 12.5694 -2.12504 0
      vertex 13.1 -1.90526 9
      vertex 12.5694 -2.12504 9
    endloop
  endfacet
  facet normal 0.382681 -0.923881 0
    outer loop
      vertex 13.1 -1.90526 9
      vertex 12.5694 -2.12504 0
      vertex 13.1 -1.90526 0
    endloop
  endfacet
  facet normal 0 0 1
    outer loop
      vertex 2.2 12 9
      vertex 2.12504 12.5694 9
      vertex 2.17338 11.7978 9
    endloop
  endfacet
  facet normal 0 0 1
    outer loop
      vertex 7.78112 9.13053 9
      vertex 8.2 10.3923 9
      vertex 8.12504 10.9617 9
    endloop
  endfacet
  facet normal 0 0 1
    outer loop
      vertex 7.78112 9.13053 9
      vertex 8.12504 10.9617 9
      vertex 7.90526 11.4923 9
    endloop
  endfacet
  facet normal 0 0 1
    outer loop
      vertex 8.2 10.3923 9
      vertex 7.78112 9.13053 9
      vertex 8.12504 9.8229 9
    endloop
  endfacet
  facet normal 0 0 1
    outer loop
      vertex 8.12504 9.8229 9
      vertex 7.78112 9.13053 9
      vertex 7.90526 9.2923 9
    endloop
  endfacet
  facet normal -0 0 1
    outer loop
      vertex 4.01671 11.3039 9
      vertex 7.78112 9.13053 9
      vertex 7.55563 11.9479 9
    endloop
  endfacet
  facet normal 0 0 1
    outer loop
      vertex 7.55563 11.9479 9
      vertex 7.78112 9.13053 9
      vertex 7.90526 11.4923 9
    endloop
  endfacet
  facet normal 0 0 1
    outer loop
      vertex 12.5173 6.5694 9
      vertex 12.5173 5.4306 9
      vertex 12.5923 6 9
    endloop
  endfacet
  facet normal 0 0 1
    outer loop
      vertex 12.2976 7.1 9
      vertex 12.5173 5.4306 9
      vertex 12.5173 6.5694 9
    endloop
  endfacet
  facet normal 0 0 1
    outer loop
      vertex 12.2976 7.1 9
      vertex 12.2976 4.9 9
      vertex 12.5173 5.4306 9
    endloop
  endfacet
  facet normal 0 0 1
    outer loop
      vertex 11.9479 7.55563 9
      vertex 12.2976 4.9 9
      vertex 12.2976 7.1 9
    endloop
  endfacet
  facet normal 0 0 1
    outer loop
      vertex 11.3039 4.01671 9
      vertex 12.2976 4.9 9
      vertex 11.9479 7.55563 9
    endloop
  endfacet
  facet normal 0 0 1
    outer loop
      vertex 11.3039 4.01671 9
      vertex 11.9479 7.55563 9
      vertex 11.4923 7.90526 9
    endloop
  endfacet
  facet normal 0 0 1
    outer loop
      vertex 12.2976 4.9 9
      vertex 11.3039 4.01671 9
      vertex 11.9479 4.44436 9
    endloop
  endfacet
  facet normal 0 0 1
    outer loop
      vertex 11.9479 4.44436 9
      vertex 11.3039 4.01671 9
      vertex 11.4923 4.09474 9
    endloop
  endfacet
  facet normal -0 0 1
    outer loop
      vertex 9.13053 7.78112 9
      vertex 11.3039 4.01671 9
      vertex 10.9617 8.12504 9
    endloop
  endfacet
  facet normal 0 0 1
    outer loop
      vertex 10.9617 8.12504 9
      vertex 11.3039 4.01671 9
      vertex 11.4923 7.90526 9
    endloop
  endfacet
  facet normal 0 0 1
    outer loop
      vertex 14.125 0.569402 9
      vertex 14.125 -0.569402 9
      vertex 14.2 0 9
    endloop
  endfacet
  facet normal 0 0 1
    outer loop
      vertex 13.9053 1.1 9
      vertex 14.125 -0.569402 9
      vertex 14.125 0.569402 9
    endloop
  endfacet
  facet normal 0 0 1
    outer loop
      vertex 13.9053 1.1 9
      vertex 13.9053 -1.1 9
      vertex 14.125 -0.569402 9
    endloop
  endfacet
  facet normal 0 0 1
    outer loop
      vertex 13.5556 1.55563 9
      vertex 13.9053 -1.1 9
      vertex 13.9053 1.1 9
    endloop
  endfacet
  facet normal 0 0 1
    outer loop
      vertex 13.5556 1.55563 9
      vertex 13.5556 -1.55563 9
      vertex 13.9053 -1.1 9
    endloop
  endfacet
  facet normal 0 0 1
    outer loop
      vertex 11.7978 2.17338 9
      vertex 13.5556 1.55563 9
      vertex 13.1 1.90526 9
    endloop
  endfacet
  facet normal 0 0 1
    outer loop
      vertex 13.5556 1.55563 9
      vertex 11.7978 2.17338 9
      vertex 13.5556 -1.55563 9
    endloop
  endfacet
  facet normal 0 0 1
    outer loop
      vertex 11.7978 2.17338 9
      vertex 13.1 1.90526 9
      vertex 12.5694 2.12504 9
    endloop
  endfacet
  facet normal 0 0 1
    outer loop
      vertex 11.7978 -2.17338 9
      vertex 13.5556 -1.55563 9
      vertex 11.7978 2.17338 9
    endloop
  endfacet
  facet normal -0 0 1
    outer loop
      vertex 11.7978 2.17338 9
      vertex 12.5694 2.12504 9
      vertex 12 2.2 9
    endloop
  endfacet
  facet normal 0 0 1
    outer loop
      vertex 13.5556 -1.55563 9
      vertex 11.7978 -2.17338 9
      vertex 13.1 -1.90526 9
    endloop
  endfacet
  facet normal 0 0 1
    outer loop
      vertex 13.1 -1.90526 9
      vertex 11.7978 -2.17338 9
      vertex 12.5694 -2.12504 9
    endloop
  endfacet
  facet normal 0 0 1
    outer loop
      vertex 12.5694 -2.12504 9
      vertex 11.7978 -2.17338 9
      vertex 12 -2.2 9
    endloop
  endfacet
  facet normal 0 0 1
    outer loop
      vertex 11.5911 3.10583 9
      vertex 11.7978 -2.17338 9
      vertex 11.7978 2.17338 9
    endloop
  endfacet
  facet normal 0 0 1
    outer loop
      vertex 11.5911 3.10583 9
      vertex 11.5911 -3.10583 9
      vertex 11.7978 -2.17338 9
    endloop
  endfacet
  facet normal 0 0 1
    outer loop
      vertex 11.3039 4.01671 9
      vertex 11.5911 -3.10583 9
      vertex 11.5911 3.10583 9
    endloop
  endfacet
  facet normal 0 0 1
    outer loop
      vertex 11.5911 -3.10583 9
      vertex 11.3039 4.01671 9
      vertex 11.3039 -4.01671 9
    endloop
  endfacet
  facet normal 0 0 1
    outer loop
      vertex 12.5173 -5.4306 9
      vertex 12.5173 -6.5694 9
      vertex 12.5923 -6 9
    endloop
  endfacet
  facet normal 0 0 1
    outer loop
      vertex 12.2976 -4.9 9
      vertex 12.5173 -6.5694 9
      vertex 12.5173 -5.4306 9
    endloop
  endfacet
  facet normal 0 0 1
    outer loop
      vertex 12.2976 -4.9 9
      vertex 12.2976 -7.1 9
      vertex 12.5173 -6.5694 9
    endloop
  endfacet
  facet normal 0 0 1
    outer loop
      vertex 11.3039 -4.01671 9
      vertex 12.2976 -4.9 9
      vertex 11.9479 -4.44436 9
    endloop
  endfacet
  facet normal 0 0 1
    outer loop
      vertex 12.2976 -4.9 9
      vertex 11.3039 -4.01671 9
      vertex 12.2976 -7.1 9
    endloop
  endfacet
  facet normal 0 0 1
    outer loop
      vertex 11.3039 -4.01671 9
      vertex 11.9479 -4.44436 9
      vertex 11.4923 -4.09474 9
    endloop
  endfacet
  facet normal 0 0 1
    outer loop
      vertex 12.2976 -7.1 9
      vertex 11.3039 -4.01671 9
      vertex 11.9479 -7.55563 9
    endloop
  endfacet
  facet normal 0 0 1
    outer loop
      vertex 11.9479 -7.55563 9
      vertex 11.3039 -4.01671 9
      vertex 11.4923 -7.90526 9
    endloop
  endfacet
  facet normal 0 0 1
    outer loop
      vertex 11.3039 -4.01671 9
      vertex 10.9617 -8.12504 9
      vertex 11.4923 -7.90526 9
    endloop
  endfacet
  facet normal 0 0 1
    outer loop
      vertex 11.3039 4.01671 9
      vertex 9.13053 7.78112 9
      vertex 11.3039 -4.01671 9
    endloop
  endfacet
  facet normal 0 0 1
    outer loop
      vertex 9.13053 7.78112 9
      vertex 10.9617 8.12504 9
      vertex 10.3923 8.2 9
    endloop
  endfacet
  facet normal 0 0 1
    outer loop
      vertex 9.13053 -7.78112 9
      vertex 11.3039 -4.01671 9
      vertex 9.13053 7.78112 9
    endloop
  endfacet
  facet normal 0 0 1
    outer loop
      vertex 9.13053 7.78112 9
      vertex 10.3923 8.2 9
      vertex 9.8229 8.12504 9
    endloop
  endfacet
  facet normal 0 0 1
    outer loop
      vertex 11.3039 -4.01671 9
      vertex 9.13053 -7.78112 9
      vertex 10.9617 -8.12504 9
    endloop
  endfacet
  facet normal 0 0 1
    outer loop
      vertex 9.13053 7.78112 9
      vertex 9.8229 8.12504 9
      vertex 9.2923 7.90526 9
    endloop
  endfacet
  facet normal 0 0 1
    outer loop
      vertex 10.9617 -8.12504 9
      vertex 9.13053 -7.78112 9
      vertex 10.3923 -8.2 9
    endloop
  endfacet
  facet normal 0 0 1
    outer loop
      vertex 10.3923 -8.2 9
      vertex 9.13053 -7.78112 9
      vertex 9.8229 -8.12504 9
    endloop
  endfacet
  facet normal 0 0 1
    outer loop
      vertex 9.8229 -8.12504 9
      vertex 9.13053 -7.78112 9
      vertex 9.2923 -7.90526 9
    endloop
  endfacet
  facet normal 0 0 1
    outer loop
      vertex 8.48528 8.48528 9
      vertex 9.13053 -7.78112 9
      vertex 9.13053 7.78112 9
    endloop
  endfacet
  facet normal 0 0 1
    outer loop
      vertex 8.48528 8.48528 9
      vertex 8.48528 -8.48528 9
      vertex 9.13053 -7.78112 9
    endloop
  endfacet
  facet normal 0 0 1
    outer loop
      vertex 7.78112 9.13053 9
      vertex 8.48528 -8.48528 9
      vertex 8.48528 8.48528 9
    endloop
  endfacet
  facet normal 0 0 1
    outer loop
      vertex 8.48528 -8.48528 9
      vertex 7.78112 9.13053 9
      vertex 7.78112 -9.13053 9
    endloop
  endfacet
  facet normal 0 0 1
    outer loop
      vertex 7.78112 -9.13053 9
      vertex 8.2 -10.3923 9
      vertex 8.12504 -9.8229 9
    endloop
  endfacet
  facet normal 0 0 1
    outer loop
      vertex 7.78112 -9.13053 9
      vertex 8.12504 -9.8229 9
      vertex 7.90526 -9.2923 9
    endloop
  endfacet
  facet normal 0 0 1
    outer loop
      vertex 8.2 -10.3923 9
      vertex 7.78112 -9.13053 9
      vertex 8.12504 -10.9617 9
    endloop
  endfacet
  facet normal 0 0 1
    outer loop
      vertex 8.12504 -10.9617 9
      vertex 7.78112 -9.13053 9
      vertex 7.90526 -11.4923 9
    endloop
  endfacet
  facet normal 0 0 1
    outer loop
      vertex 7.78112 -9.13053 9
      vertex 7.55563 -11.9479 9
      vertex 7.90526 -11.4923 9
    endloop
  endfacet
  facet normal 0 0 1
    outer loop
      vertex 7.78112 9.13053 9
      vertex 5.88897 0 9
      vertex 7.78112 -9.13053 9
    endloop
  endfacet
  facet normal 0 0 1
    outer loop
      vertex 4.01671 11.3039 9
      vertex 7.55563 11.9479 9
      vertex 7.1 12.2976 9
    endloop
  endfacet
  facet normal -0 0 1
    outer loop
      vertex 2.94449 -5.1 9
      vertex 7.78112 -9.13053 9
      vertex 5.88897 0 9
    endloop
  endfacet
  facet normal 0 0 1
    outer loop
      vertex 4.01671 11.3039 9
      vertex 7.1 12.2976 9
      vertex 6.5694 12.5173 9
    endloop
  endfacet
  facet normal 0 -0 1
    outer loop
      vertex 4.01671 -11.3039 9
      vertex 7.78112 -9.13053 9
      vertex 2.94449 -5.1 9
    endloop
  endfacet
  facet normal 0 0 1
    outer loop
      vertex 4.01671 11.3039 9
      vertex 6.5694 12.5173 9
      vertex 6 12.5923 9
    endloop
  endfacet
  facet normal 0 0 1
    outer loop
      vertex 7.78112 -9.13053 9
      vertex 4.01671 -11.3039 9
      vertex 7.55563 -11.9479 9
    endloop
  endfacet
  facet normal 0 0 1
    outer loop
      vertex 7.55563 -11.9479 9
      vertex 4.01671 -11.3039 9
      vertex 7.1 -12.2976 9
    endloop
  endfacet
  facet normal 0 0 1
    outer loop
      vertex 4.01671 11.3039 9
      vertex 6 12.5923 9
      vertex 5.4306 12.5173 9
    endloop
  endfacet
  facet normal 0 0 1
    outer loop
      vertex 4.01671 11.3039 9
      vertex 5.4306 12.5173 9
      vertex 4.9 12.2976 9
    endloop
  endfacet
  facet normal 0 0 1
    outer loop
      vertex 4.01671 11.3039 9
      vertex 4.9 12.2976 9
      vertex 4.44436 11.9479 9
    endloop
  endfacet
  facet normal 0 0 1
    outer loop
      vertex 4.01671 11.3039 9
      vertex 4.44436 11.9479 9
      vertex 4.09474 11.4923 9
    endloop
  endfacet
  facet normal 0 0 1
    outer loop
      vertex 7.78112 9.13053 9
      vertex 4.01671 11.3039 9
      vertex 2.94449 5.1 9
    endloop
  endfacet
  facet normal 0 0 1
    outer loop
      vertex 2.94449 5.1 9
      vertex 4.01671 11.3039 9
      vertex 3.10583 11.5911 9
    endloop
  endfacet
  facet normal 0 0 1
    outer loop
      vertex 7.78112 9.13053 9
      vertex 2.94449 5.1 9
      vertex 5.88897 0 9
    endloop
  endfacet
  facet normal 0 0 1
    outer loop
      vertex 2.17338 11.7978 9
      vertex 2.94449 5.1 9
      vertex 3.10583 11.5911 9
    endloop
  endfacet
  facet normal 0 0 1
    outer loop
      vertex 1.90526 13.1 9
      vertex 2.17338 11.7978 9
      vertex 2.12504 12.5694 9
    endloop
  endfacet
  facet normal 0 0 1
    outer loop
      vertex 1.55563 13.5556 9
      vertex 2.17338 11.7978 9
      vertex 1.90526 13.1 9
    endloop
  endfacet
  facet normal 0 0 1
    outer loop
      vertex 2.17338 11.7978 9
      vertex 1.55563 13.5556 9
      vertex -2.17338 11.7978 9
    endloop
  endfacet
  facet normal 0 0 1
    outer loop
      vertex -2.17338 11.7978 9
      vertex 1.55563 13.5556 9
      vertex 1.1 13.9053 9
    endloop
  endfacet
  facet normal 0 0 1
    outer loop
      vertex -2.17338 11.7978 9
      vertex 1.1 13.9053 9
      vertex 0.569402 14.125 9
    endloop
  endfacet
  facet normal 0 0 1
    outer loop
      vertex -2.17338 11.7978 9
      vertex 0.569402 14.125 9
      vertex 0 14.2 9
    endloop
  endfacet
  facet normal 0 0 1
    outer loop
      vertex -2.17338 11.7978 9
      vertex 0 14.2 9
      vertex -0.569402 14.125 9
    endloop
  endfacet
  facet normal 0 0 1
    outer loop
      vertex -2.17338 11.7978 9
      vertex -0.569402 14.125 9
      vertex -1.1 13.9053 9
    endloop
  endfacet
  facet normal 0 0 1
    outer loop
      vertex -2.17338 11.7978 9
      vertex -1.1 13.9053 9
      vertex -1.55563 13.5556 9
    endloop
  endfacet
  facet normal 0 0 1
    outer loop
      vertex -2.17338 11.7978 9
      vertex -1.55563 13.5556 9
      vertex -1.90526 13.1 9
    endloop
  endfacet
  facet normal 0 0 1
    outer loop
      vertex -2.17338 11.7978 9
      vertex -1.90526 13.1 9
      vertex -2.12504 12.5694 9
    endloop
  endfacet
  facet normal 0 0 1
    outer loop
      vertex 2.17338 11.7978 9
      vertex -2.17338 11.7978 9
      vertex 2.94449 5.1 9
    endloop
  endfacet
  facet normal 0 0 1
    outer loop
      vertex -2.17338 11.7978 9
      vertex -2.94449 5.1 9
      vertex 2.94449 5.1 9
    endloop
  endfacet
  facet normal -0 0 1
    outer loop
      vertex -3.10583 11.5911 9
      vertex -2.94449 5.1 9
      vertex -2.17338 11.7978 9
    endloop
  endfacet
  facet normal -0 0 1
    outer loop
      vertex -4.01671 11.3039 9
      vertex -2.94449 5.1 9
      vertex -3.10583 11.5911 9
    endloop
  endfacet
  facet normal 0 0 1
    outer loop
      vertex -4.44436 11.9479 9
      vertex -4.01671 11.3039 9
      vertex -4.09474 11.4923 9
    endloop
  endfacet
  facet normal 0 0 1
    outer loop
      vertex -4.9 12.2976 9
      vertex -4.01671 11.3039 9
      vertex -4.44436 11.9479 9
    endloop
  endfacet
  facet normal 0 0 1
    outer loop
      vertex -5.4306 12.5173 9
      vertex -4.01671 11.3039 9
      vertex -4.9 12.2976 9
    endloop
  endfacet
  facet normal 0 0 1
    outer loop
      vertex -4.01671 11.3039 9
      vertex -5.4306 12.5173 9
      vertex -7.78112 9.13053 9
    endloop
  endfacet
  facet normal 0 0 1
    outer loop
      vertex -4.01671 11.3039 9
      vertex -7.78112 9.13053 9
      vertex -2.94449 5.1 9
    endloop
  endfacet
  facet normal 0 0 1
    outer loop
      vertex -7.78112 9.13053 9
      vertex -5.4306 12.5173 9
      vertex -6 12.5923 9
    endloop
  endfacet
  facet normal 0 0 1
    outer loop
      vertex 7.1 -12.2976 9
      vertex 4.01671 -11.3039 9
      vertex 6.5694 -12.5173 9
    endloop
  endfacet
  facet normal 0 0 1
    outer loop
      vertex 6.5694 -12.5173 9
      vertex 4.01671 -11.3039 9
      vertex 6 -12.5923 9
    endloop
  endfacet
  facet normal 0 0 1
    outer loop
      vertex 6 -12.5923 9
      vertex 4.01671 -11.3039 9
      vertex 5.4306 -12.5173 9
    endloop
  endfacet
  facet normal 0 0 1
    outer loop
      vertex 5.4306 -12.5173 9
      vertex 4.01671 -11.3039 9
      vertex 4.9 -12.2976 9
    endloop
  endfacet
  facet normal 0 0 1
    outer loop
      vertex 4.44436 -11.9479 9
      vertex 4.01671 -11.3039 9
      vertex 4.09474 -11.4923 9
    endloop
  endfacet
  facet normal 0 0 1
    outer loop
      vertex 4.9 -12.2976 9
      vertex 4.01671 -11.3039 9
      vertex 4.44436 -11.9479 9
    endloop
  endfacet
  facet normal 0 0 1
    outer loop
      vertex 4.01671 -11.3039 9
      vertex 2.94449 -5.1 9
      vertex 3.10583 -11.5911 9
    endloop
  endfacet
  facet normal 0 0 1
    outer loop
      vertex 2.94449 -5.1 9
      vertex 2.17338 -11.7978 9
      vertex 3.10583 -11.5911 9
    endloop
  endfacet
  facet normal 0 0 1
    outer loop
      vertex 2.17338 -11.7978 9
      vertex 1.90526 -13.1 9
      vertex 2.12504 -12.5694 9
    endloop
  endfacet
  facet normal 0 0 1
    outer loop
      vertex -2.17338 -11.7978 9
      vertex 2.17338 -11.7978 9
      vertex 2.94449 -5.1 9
    endloop
  endfacet
  facet normal 0 -0 1
    outer loop
      vertex 1.55563 -13.5556 9
      vertex 2.17338 -11.7978 9
      vertex -2.17338 -11.7978 9
    endloop
  endfacet
  facet normal 0 0 1
    outer loop
      vertex 2.17338 -11.7978 9
      vertex 1.55563 -13.5556 9
      vertex 1.90526 -13.1 9
    endloop
  endfacet
  facet normal 0 0 1
    outer loop
      vertex 1.55563 -13.5556 9
      vertex -2.17338 -11.7978 9
      vertex 1.1 -13.9053 9
    endloop
  endfacet
  facet normal 0 0 1
    outer loop
      vertex 1.1 -13.9053 9
      vertex -2.17338 -11.7978 9
      vertex 0.569402 -14.125 9
    endloop
  endfacet
  facet normal 0 0 1
    outer loop
      vertex 0.569402 -14.125 9
      vertex -2.17338 -11.7978 9
      vertex 0 -14.2 9
    endloop
  endfacet
  facet normal 0 0 1
    outer loop
      vertex 0 -14.2 9
      vertex -2.17338 -11.7978 9
      vertex -0.569402 -14.125 9
    endloop
  endfacet
  facet normal 0 0 1
    outer loop
      vertex -0.569402 -14.125 9
      vertex -2.17338 -11.7978 9
      vertex -1.1 -13.9053 9
    endloop
  endfacet
  facet normal 0 0 1
    outer loop
      vertex -1.1 -13.9053 9
      vertex -2.17338 -11.7978 9
      vertex -1.55563 -13.5556 9
    endloop
  endfacet
  facet normal 0 0 1
    outer loop
      vertex -1.55563 -13.5556 9
      vertex -2.17338 -11.7978 9
      vertex -1.90526 -13.1 9
    endloop
  endfacet
  facet normal 0 0 1
    outer loop
      vertex -1.90526 -13.1 9
      vertex -2.17338 -11.7978 9
      vertex -2.12504 -12.5694 9
    endloop
  endfacet
  facet normal -0 0 1
    outer loop
      vertex -2.94449 -5.1 9
      vertex -2.17338 -11.7978 9
      vertex 2.94449 -5.1 9
    endloop
  endfacet
  facet normal 0 0 1
    outer loop
      vertex -2.94449 -5.1 9
      vertex -3.10583 -11.5911 9
      vertex -2.17338 -11.7978 9
    endloop
  endfacet
  facet normal 0 0 1
    outer loop
      vertex -2.94449 -5.1 9
      vertex -4.01671 -11.3039 9
      vertex -3.10583 -11.5911 9
    endloop
  endfacet
  facet normal -0 0 1
    outer loop
      vertex -7.78112 -9.13053 9
      vertex -4.01671 -11.3039 9
      vertex -2.94449 -5.1 9
    endloop
  endfacet
  facet normal 0 -0 1
    outer loop
      vertex -5.4306 -12.5173 9
      vertex -4.01671 -11.3039 9
      vertex -7.78112 -9.13053 9
    endloop
  endfacet
  facet normal 0 0 1
    outer loop
      vertex -4.01671 -11.3039 9
      vertex -4.44436 -11.9479 9
      vertex -4.09474 -11.4923 9
    endloop
  endfacet
  facet normal 0 0 1
    outer loop
      vertex -4.01671 -11.3039 9
      vertex -4.9 -12.2976 9
      vertex -4.44436 -11.9479 9
    endloop
  endfacet
  facet normal 0 0 1
    outer loop
      vertex -9.13053 -7.78112 9
      vertex -2.94449 -5.1 9
      vertex -5.88897 0 9
    endloop
  endfacet
  facet normal 0 0 1
    outer loop
      vertex -4.01671 -11.3039 9
      vertex -5.4306 -12.5173 9
      vertex -4.9 -12.2976 9
    endloop
  endfacet
  facet normal -0 0 1
    outer loop
      vertex -8.48528 8.48528 9
      vertex -2.94449 5.1 9
      vertex -7.78112 9.13053 9
    endloop
  endfacet
  facet normal 0 0 1
    outer loop
      vertex -7.78112 9.13053 9
      vertex -6 12.5923 9
      vertex -6.5694 12.5173 9
    endloop
  endfacet
  facet normal -0 0 1
    outer loop
      vertex -9.13053 7.78112 9
      vertex -2.94449 5.1 9
      vertex -8.48528 8.48528 9
    endloop
  endfacet
  facet normal 0 0 1
    outer loop
      vertex -7.78112 9.13053 9
      vertex -6.5694 12.5173 9
      vertex -7.1 12.2976 9
    endloop
  endfacet
  facet normal 0 0 1
    outer loop
      vertex -5.4306 -12.5173 9
      vertex -7.78112 -9.13053 9
      vertex -6 -12.5923 9
    endloop
  endfacet
  facet normal 0 0 1
    outer loop
      vertex -7.78112 9.13053 9
      vertex -7.1 12.2976 9
      vertex -7.55563 11.9479 9
    endloop
  endfacet
  facet normal 0 0 1
    outer loop
      vertex -6 -12.5923 9
      vertex -7.78112 -9.13053 9
      vertex -6.5694 -12.5173 9
    endloop
  endfacet
  facet normal 0 0 1
    outer loop
      vertex -6.5694 -12.5173 9
      vertex -7.78112 -9.13053 9
      vertex -7.1 -12.2976 9
    endloop
  endfacet
  facet normal -0 0 1
    outer loop
      vertex -7.90526 11.4923 9
      vertex -7.78112 9.13053 9
      vertex -7.55563 11.9479 9
    endloop
  endfacet
  facet normal -0 0 1
    outer loop
      vertex -8.12504 10.9617 9
      vertex -7.78112 9.13053 9
      vertex -7.90526 11.4923 9
    endloop
  endfacet
  facet normal -0 0 1
    outer loop
      vertex -8.2 10.3923 9
      vertex -7.78112 9.13053 9
      vertex -8.12504 10.9617 9
    endloop
  endfacet
  facet normal 0 0 1
    outer loop
      vertex -7.78112 9.13053 9
      vertex -8.12504 9.8229 9
      vertex -7.90526 9.2923 9
    endloop
  endfacet
  facet normal 0 0 1
    outer loop
      vertex -7.78112 9.13053 9
      vertex -8.2 10.3923 9
      vertex -8.12504 9.8229 9
    endloop
  endfacet
  facet normal -0 0 1
    outer loop
      vertex -11.7978 2.17338 9
      vertex -5.88897 0 9
      vertex -11.5911 3.10583 9
    endloop
  endfacet
  facet normal 0 0 1
    outer loop
      vertex -5.88897 0 9
      vertex -11.5911 -3.10583 9
      vertex -11.3039 -4.01671 9
    endloop
  endfacet
  facet normal 0 0 1
    outer loop
      vertex -11.7978 -2.17338 9
      vertex -5.88897 0 9
      vertex -11.7978 2.17338 9
    endloop
  endfacet
  facet normal 0 0 1
    outer loop
      vertex -5.88897 0 9
      vertex -11.7978 -2.17338 9
      vertex -11.5911 -3.10583 9
    endloop
  endfacet
  facet normal 0 0 1
    outer loop
      vertex -12.5694 2.12504 9
      vertex -11.7978 2.17338 9
      vertex -12 2.2 9
    endloop
  endfacet
  facet normal 0 0 1
    outer loop
      vertex -13.1 1.90526 9
      vertex -11.7978 2.17338 9
      vertex -12.5694 2.12504 9
    endloop
  endfacet
  facet normal 0 0 1
    outer loop
      vertex -13.5556 1.55563 9
      vertex -11.7978 2.17338 9
      vertex -13.1 1.90526 9
    endloop
  endfacet
  facet normal 0 0 1
    outer loop
      vertex -11.7978 -2.17338 9
      vertex -12.5694 -2.12504 9
      vertex -12 -2.2 9
    endloop
  endfacet
  facet normal 0 0 1
    outer loop
      vertex -11.7978 2.17338 9
      vertex -13.5556 1.55563 9
      vertex -11.7978 -2.17338 9
    endloop
  endfacet
  facet normal 0 0 1
    outer loop
      vertex -11.7978 -2.17338 9
      vertex -13.1 -1.90526 9
      vertex -12.5694 -2.12504 9
    endloop
  endfacet
  facet normal -0 0 1
    outer loop
      vertex -13.5556 -1.55563 9
      vertex -11.7978 -2.17338 9
      vertex -13.5556 1.55563 9
    endloop
  endfacet
  facet normal 0 0 1
    outer loop
      vertex -11.7978 -2.17338 9
      vertex -13.5556 -1.55563 9
      vertex -13.1 -1.90526 9
    endloop
  endfacet
  facet normal -0 0 1
    outer loop
      vertex -13.9053 1.1 9
      vertex -13.5556 -1.55563 9
      vertex -13.5556 1.55563 9
    endloop
  endfacet
  facet normal 0 0 1
    outer loop
      vertex -13.9053 1.1 9
      vertex -13.9053 -1.1 9
      vertex -13.5556 -1.55563 9
    endloop
  endfacet
  facet normal -0 0 1
    outer loop
      vertex -14.125 0.569402 9
      vertex -13.9053 -1.1 9
      vertex -13.9053 1.1 9
    endloop
  endfacet
  facet normal 0 0 1
    outer loop
      vertex -14.125 0.569402 9
      vertex -14.125 -0.569402 9
      vertex -13.9053 -1.1 9
    endloop
  endfacet
  facet normal 0 -0 1
    outer loop
      vertex -14.125 -0.569402 9
      vertex -14.125 0.569402 9
      vertex -14.2 0 9
    endloop
  endfacet
  facet normal 0 0 1
    outer loop
      vertex -2.94449 5.1 9
      vertex -9.13053 7.78112 9
      vertex -5.88897 0 9
    endloop
  endfacet
  facet normal 0 0 1
    outer loop
      vertex -2.94449 -5.1 9
      vertex -8.48528 -8.48528 9
      vertex -7.78112 -9.13053 9
    endloop
  endfacet
  facet normal -0 0 1
    outer loop
      vertex -11.3039 4.01671 9
      vertex -5.88897 0 9
      vertex -9.13053 7.78112 9
    endloop
  endfacet
  facet normal 0 0 1
    outer loop
      vertex -2.94449 -5.1 9
      vertex -9.13053 -7.78112 9
      vertex -8.48528 -8.48528 9
    endloop
  endfacet
  facet normal 0 0 1
    outer loop
      vertex -9.8229 8.12504 9
      vertex -9.13053 7.78112 9
      vertex -9.2923 7.90526 9
    endloop
  endfacet
  facet normal -0 0 1
    outer loop
      vertex -11.5911 3.10583 9
      vertex -5.88897 0 9
      vertex -11.3039 4.01671 9
    endloop
  endfacet
  facet normal 0 0 1
    outer loop
      vertex -10.3923 8.2 9
      vertex -9.13053 7.78112 9
      vertex -9.8229 8.12504 9
    endloop
  endfacet
  facet normal 0 0 1
    outer loop
      vertex -5.88897 0 9
      vertex -11.3039 -4.01671 9
      vertex -9.13053 -7.78112 9
    endloop
  endfacet
  facet normal -0 0 1
    outer loop
      vertex -10.9617 8.12504 9
      vertex -9.13053 7.78112 9
      vertex -10.3923 8.2 9
    endloop
  endfacet
  facet normal 0 -0 1
    outer loop
      vertex -10.9617 -8.12504 9
      vertex -9.13053 -7.78112 9
      vertex -11.3039 -4.01671 9
    endloop
  endfacet
  facet normal 0 0 1
    outer loop
      vertex -9.13053 7.78112 9
      vertex -10.9617 8.12504 9
      vertex -11.3039 4.01671 9
    endloop
  endfacet
  facet normal 0 0 1
    outer loop
      vertex -9.13053 -7.78112 9
      vertex -9.8229 -8.12504 9
      vertex -9.2923 -7.90526 9
    endloop
  endfacet
  facet normal 0 0 1
    outer loop
      vertex -9.13053 -7.78112 9
      vertex -10.3923 -8.2 9
      vertex -9.8229 -8.12504 9
    endloop
  endfacet
  facet normal -0 0 1
    outer loop
      vertex -11.4923 7.90526 9
      vertex -11.3039 4.01671 9
      vertex -10.9617 8.12504 9
    endloop
  endfacet
  facet normal -0 0 1
    outer loop
      vertex -11.9479 7.55563 9
      vertex -11.3039 4.01671 9
      vertex -11.4923 7.90526 9
    endloop
  endfacet
  facet normal -0 0 1
    outer loop
      vertex -12.2976 7.1 9
      vertex -11.3039 4.01671 9
      vertex -11.9479 7.55563 9
    endloop
  endfacet
  facet normal 0 0 1
    outer loop
      vertex -11.3039 4.01671 9
      vertex -11.9479 4.44436 9
      vertex -11.4923 4.09474 9
    endloop
  endfacet
  facet normal -0 0 1
    outer loop
      vertex -12.2976 4.9 9
      vertex -11.3039 4.01671 9
      vertex -12.2976 7.1 9
    endloop
  endfacet
  facet normal 0 0 1
    outer loop
      vertex -11.3039 4.01671 9
      vertex -12.2976 4.9 9
      vertex -11.9479 4.44436 9
    endloop
  endfacet
  facet normal -0 0 1
    outer loop
      vertex -12.5173 6.5694 9
      vertex -12.2976 4.9 9
      vertex -12.2976 7.1 9
    endloop
  endfacet
  facet normal 0 0 1
    outer loop
      vertex -12.5173 6.5694 9
      vertex -12.5173 5.4306 9
      vertex -12.2976 4.9 9
    endloop
  endfacet
  facet normal 0 -0 1
    outer loop
      vertex -12.5173 5.4306 9
      vertex -12.5173 6.5694 9
      vertex -12.5923 6 9
    endloop
  endfacet
  facet normal 0 0 1
    outer loop
      vertex -7.1 -12.2976 9
      vertex -7.78112 -9.13053 9
      vertex -7.55563 -11.9479 9
    endloop
  endfacet
  facet normal 0 0 1
    outer loop
      vertex -8.12504 -9.8229 9
      vertex -7.78112 -9.13053 9
      vertex -7.90526 -9.2923 9
    endloop
  endfacet
  facet normal 0 0 1
    outer loop
      vertex -7.78112 -9.13053 9
      vertex -7.90526 -11.4923 9
      vertex -7.55563 -11.9479 9
    endloop
  endfacet
  facet normal 0 0 1
    outer loop
      vertex -8.2 -10.3923 9
      vertex -7.78112 -9.13053 9
      vertex -8.12504 -9.8229 9
    endloop
  endfacet
  facet normal 0 0 1
    outer loop
      vertex -7.78112 -9.13053 9
      vertex -8.12504 -10.9617 9
      vertex -7.90526 -11.4923 9
    endloop
  endfacet
  facet normal 0 0 1
    outer loop
      vertex -7.78112 -9.13053 9
      vertex -8.2 -10.3923 9
      vertex -8.12504 -10.9617 9
    endloop
  endfacet
  facet normal 0 0 1
    outer loop
      vertex -9.13053 -7.78112 9
      vertex -10.9617 -8.12504 9
      vertex -10.3923 -8.2 9
    endloop
  endfacet
  facet normal 0 0 1
    outer loop
      vertex -11.9479 -4.44436 9
      vertex -11.3039 -4.01671 9
      vertex -11.4923 -4.09474 9
    endloop
  endfacet
  facet normal 0 0 1
    outer loop
      vertex -11.3039 -4.01671 9
      vertex -11.4923 -7.90526 9
      vertex -10.9617 -8.12504 9
    endloop
  endfacet
  facet normal 0 0 1
    outer loop
      vertex -12.2976 -4.9 9
      vertex -11.3039 -4.01671 9
      vertex -11.9479 -4.44436 9
    endloop
  endfacet
  facet normal 0 0 1
    outer loop
      vertex -11.3039 -4.01671 9
      vertex -11.9479 -7.55563 9
      vertex -11.4923 -7.90526 9
    endloop
  endfacet
  facet normal 0 0 1
    outer loop
      vertex -11.3039 -4.01671 9
      vertex -12.2976 -4.9 9
      vertex -11.9479 -7.55563 9
    endloop
  endfacet
  facet normal 0 0 1
    outer loop
      vertex -12.2976 -4.9 9
      vertex -12.2976 -7.1 9
      vertex -11.9479 -7.55563 9
    endloop
  endfacet
  facet normal -0 0 1
    outer loop
      vertex -12.5173 -5.4306 9
      vertex -12.2976 -7.1 9
      vertex -12.2976 -4.9 9
    endloop
  endfacet
  facet normal 0 0 1
    outer loop
      vertex -12.5173 -5.4306 9
      vertex -12.5173 -6.5694 9
      vertex -12.2976 -7.1 9
    endloop
  endfacet
  facet normal 0 -0 1
    outer loop
      vertex -12.5173 -6.5694 9
      vertex -12.5173 -5.4306 9
      vertex -12.5923 -6 9
    endloop
  endfacet
  facet normal 0 0 1
    outer loop
      vertex -2.12504 12.5694 9
      vertex -2.2 12 9
      vertex -2.17338 11.7978 9
    endloop
  endfacet
  facet normal 0 0 1
    outer loop
      vertex 2.2 -12 9
      vertex 2.17338 -11.7978 9
      vertex 2.12504 -12.5694 9
    endloop
  endfacet
  facet normal 0 0 1
    outer loop
      vertex -2.12504 -12.5694 9
      vertex -2.17338 -11.7978 9
      vertex -2.2 -12 9
    endloop
  endfacet
  facet normal -0.130526 -0.991445 0
    outer loop
      vertex 11.7978 -2.17338 0
      vertex 12 -2.2 9
      vertex 11.7978 -2.17338 9
    endloop
  endfacet
  facet normal -0.130526 -0.991445 -0
    outer loop
      vertex 12 -2.2 9
      vertex 11.7978 -2.17338 0
      vertex 12 -2.2 0
    endloop
  endfacet
  facet normal 0.608801 0.793323 -0
    outer loop
      vertex 11.9479 7.55563 0
      vertex 11.4923 7.90526 9
      vertex 11.9479 7.55563 9
    endloop
  endfacet
  facet normal 0.608801 0.793323 0
    outer loop
      vertex 11.4923 7.90526 9
      vertex 11.9479 7.55563 0
      vertex 11.4923 7.90526 0
    endloop
  endfacet
  facet normal 0.793284 0.608852 0
    outer loop
      vertex 12.2976 7.1 9
      vertex 11.9479 7.55563 0
      vertex 11.9479 7.55563 9
    endloop
  endfacet
  facet normal 0.793284 0.608852 0
    outer loop
      vertex 11.9479 7.55563 0
      vertex 12.2976 7.1 9
      vertex 12.2976 7.1 0
    endloop
  endfacet
  facet normal 0.382651 -0.923893 0
    outer loop
      vertex 11.3039 4.01671 0
      vertex 11.4923 4.09474 9
      vertex 11.3039 4.01671 9
    endloop
  endfacet
  facet normal 0.382651 -0.923893 0
    outer loop
      vertex 11.4923 4.09474 9
      vertex 11.3039 4.01671 0
      vertex 11.4923 4.09474 0
    endloop
  endfacet
  facet normal 0.79329 -0.608844 0
    outer loop
      vertex 11.9479 4.44436 9
      vertex 12.2976 4.9 0
      vertex 12.2976 4.9 9
    endloop
  endfacet
  facet normal 0.79329 -0.608844 0
    outer loop
      vertex 12.2976 4.9 0
      vertex 11.9479 4.44436 9
      vertex 11.9479 4.44436 0
    endloop
  endfacet
  facet normal 0.991437 0.13059 0
    outer loop
      vertex 12.5923 6 9
      vertex 12.5173 6.5694 0
      vertex 12.5173 6.5694 9
    endloop
  endfacet
  facet normal 0.991437 0.13059 0
    outer loop
      vertex 12.5173 6.5694 0
      vertex 12.5923 6 9
      vertex 12.5923 6 0
    endloop
  endfacet
  facet normal 0.130521 0.991446 -0
    outer loop
      vertex 10.9617 8.12504 0
      vertex 10.3923 8.2 9
      vertex 10.9617 8.12504 9
    endloop
  endfacet
  facet normal 0.130521 0.991446 0
    outer loop
      vertex 10.3923 8.2 9
      vertex 10.9617 8.12504 0
      vertex 10.3923 8.2 0
    endloop
  endfacet
  facet normal -0.130521 0.991446 0
    outer loop
      vertex 10.3923 8.2 0
      vertex 9.8229 8.12504 9
      vertex 10.3923 8.2 9
    endloop
  endfacet
  facet normal -0.130521 0.991446 0
    outer loop
      vertex 9.8229 8.12504 9
      vertex 10.3923 8.2 0
      vertex 9.8229 8.12504 0
    endloop
  endfacet
  facet normal -0.608791 0.793331 0
    outer loop
      vertex 9.2923 7.90526 0
      vertex 9.13053 7.78112 9
      vertex 9.2923 7.90526 9
    endloop
  endfacet
  facet normal -0.608791 0.793331 0
    outer loop
      vertex 9.13053 7.78112 9
      vertex 9.2923 7.90526 0
      vertex 9.13053 7.78112 0
    endloop
  endfacet
  facet normal -0.382681 0.923881 0
    outer loop
      vertex 9.8229 8.12504 0
      vertex 9.2923 7.90526 9
      vertex 9.8229 8.12504 9
    endloop
  endfacet
  facet normal -0.382681 0.923881 0
    outer loop
      vertex 9.2923 7.90526 9
      vertex 9.8229 8.12504 0
      vertex 9.2923 7.90526 0
    endloop
  endfacet
  facet normal 0.991437 -0.13059 0
    outer loop
      vertex 12.5173 5.4306 9
      vertex 12.5923 6 0
      vertex 12.5923 6 9
    endloop
  endfacet
  facet normal 0.991437 -0.13059 0
    outer loop
      vertex 12.5923 6 0
      vertex 12.5173 5.4306 9
      vertex 12.5173 5.4306 0
    endloop
  endfacet
  facet normal 0.92393 -0.382562 0
    outer loop
      vertex 12.2976 4.9 9
      vertex 12.5173 5.4306 0
      vertex 12.5173 5.4306 9
    endloop
  endfacet
  facet normal 0.92393 -0.382562 0
    outer loop
      vertex 12.5173 5.4306 0
      vertex 12.2976 4.9 9
      vertex 12.2976 4.9 0
    endloop
  endfacet
  facet normal 0.60879 -0.793332 0
    outer loop
      vertex 11.4923 4.09474 0
      vertex 11.9479 4.44436 9
      vertex 11.4923 4.09474 9
    endloop
  endfacet
  facet normal 0.60879 -0.793332 0
    outer loop
      vertex 11.9479 4.44436 9
      vertex 11.4923 4.09474 0
      vertex 11.9479 4.44436 0
    endloop
  endfacet
  facet normal 0.92393 0.382562 0
    outer loop
      vertex 12.5173 6.5694 9
      vertex 12.2976 7.1 0
      vertex 12.2976 7.1 9
    endloop
  endfacet
  facet normal 0.92393 0.382562 0
    outer loop
      vertex 12.2976 7.1 0
      vertex 12.5173 6.5694 9
      vertex 12.5173 6.5694 0
    endloop
  endfacet
  facet normal 0.382681 0.923881 -0
    outer loop
      vertex 11.4923 7.90526 0
      vertex 10.9617 8.12504 9
      vertex 11.4923 7.90526 9
    endloop
  endfacet
  facet normal 0.382681 0.923881 0
    outer loop
      vertex 10.9617 8.12504 9
      vertex 11.4923 7.90526 0
      vertex 10.9617 8.12504 0
    endloop
  endfacet
  facet normal 0.13059 0.991437 -0
    outer loop
      vertex 6.5694 12.5173 0
      vertex 6 12.5923 9
      vertex 6.5694 12.5173 9
    endloop
  endfacet
  facet normal 0.13059 0.991437 0
    outer loop
      vertex 6 12.5923 9
      vertex 6.5694 12.5173 0
      vertex 6 12.5923 0
    endloop
  endfacet
  facet normal 0.382562 0.92393 -0
    outer loop
      vertex 7.1 12.2976 0
      vertex 6.5694 12.5173 9
      vertex 7.1 12.2976 9
    endloop
  endfacet
  facet normal 0.382562 0.92393 0
    outer loop
      vertex 6.5694 12.5173 9
      vertex 7.1 12.2976 0
      vertex 6.5694 12.5173 0
    endloop
  endfacet
  facet normal -0.13059 0.991437 0
    outer loop
      vertex 6 12.5923 0
      vertex 5.4306 12.5173 9
      vertex 6 12.5923 9
    endloop
  endfacet
  facet normal -0.13059 0.991437 0
    outer loop
      vertex 5.4306 12.5173 9
      vertex 6 12.5923 0
      vertex 5.4306 12.5173 0
    endloop
  endfacet
  facet normal 0.991446 0.130521 0
    outer loop
      vertex 8.2 10.3923 9
      vertex 8.12504 10.9617 0
      vertex 8.12504 10.9617 9
    endloop
  endfacet
  facet normal 0.991446 0.130521 0
    outer loop
      vertex 8.12504 10.9617 0
      vertex 8.2 10.3923 9
      vertex 8.2 10.3923 0
    endloop
  endfacet
  facet normal -0.382562 0.92393 0
    outer loop
      vertex 5.4306 12.5173 0
      vertex 4.9 12.2976 9
      vertex 5.4306 12.5173 9
    endloop
  endfacet
  facet normal -0.382562 0.92393 0
    outer loop
      vertex 4.9 12.2976 9
      vertex 5.4306 12.5173 0
      vertex 4.9 12.2976 0
    endloop
  endfacet
  facet normal 0.923881 -0.382681 0
    outer loop
      vertex 7.90526 9.2923 9
      vertex 8.12504 9.8229 0
      vertex 8.12504 9.8229 9
    endloop
  endfacet
  facet normal 0.923881 -0.382681 0
    outer loop
      vertex 8.12504 9.8229 0
      vertex 7.90526 9.2923 9
      vertex 7.90526 9.2923 0
    endloop
  endfacet
  facet normal 0.923881 0.382681 0
    outer loop
      vertex 8.12504 10.9617 9
      vertex 7.90526 11.4923 0
      vertex 7.90526 11.4923 9
    endloop
  endfacet
  facet normal 0.923881 0.382681 0
    outer loop
      vertex 7.90526 11.4923 0
      vertex 8.12504 10.9617 9
      vertex 8.12504 10.9617 0
    endloop
  endfacet
  facet normal -0.923893 0.382651 0
    outer loop
      vertex 4.01671 11.3039 0
      vertex 4.09474 11.4923 9
      vertex 4.09474 11.4923 0
    endloop
  endfacet
  facet normal -0.923893 0.382651 0
    outer loop
      vertex 4.09474 11.4923 9
      vertex 4.01671 11.3039 0
      vertex 4.01671 11.3039 9
    endloop
  endfacet
  facet normal 0.793323 0.608801 0
    outer loop
      vertex 7.90526 11.4923 9
      vertex 7.55563 11.9479 0
      vertex 7.55563 11.9479 9
    endloop
  endfacet
  facet normal 0.793323 0.608801 0
    outer loop
      vertex 7.55563 11.9479 0
      vertex 7.90526 11.4923 9
      vertex 7.90526 11.4923 0
    endloop
  endfacet
  facet normal 0.793331 -0.608791 0
    outer loop
      vertex 7.78112 9.13053 9
      vertex 7.90526 9.2923 0
      vertex 7.90526 9.2923 9
    endloop
  endfacet
  facet normal 0.793331 -0.608791 0
    outer loop
      vertex 7.90526 9.2923 0
      vertex 7.78112 9.13053 9
      vertex 7.78112 9.13053 0
    endloop
  endfacet
  facet normal 0.991446 -0.130521 0
    outer loop
      vertex 8.12504 9.8229 9
      vertex 8.2 10.3923 0
      vertex 8.2 10.3923 9
    endloop
  endfacet
  facet normal 0.991446 -0.130521 0
    outer loop
      vertex 8.2 10.3923 0
      vertex 8.12504 9.8229 9
      vertex 8.12504 9.8229 0
    endloop
  endfacet
  facet normal -0.793332 0.60879 0
    outer loop
      vertex 4.09474 11.4923 0
      vertex 4.44436 11.9479 9
      vertex 4.44436 11.9479 0
    endloop
  endfacet
  facet normal -0.793332 0.60879 0
    outer loop
      vertex 4.44436 11.9479 9
      vertex 4.09474 11.4923 0
      vertex 4.09474 11.4923 9
    endloop
  endfacet
  facet normal -0.608844 0.79329 0
    outer loop
      vertex 4.9 12.2976 0
      vertex 4.44436 11.9479 9
      vertex 4.9 12.2976 9
    endloop
  endfacet
  facet normal -0.608844 0.79329 0
    outer loop
      vertex 4.44436 11.9479 9
      vertex 4.9 12.2976 0
      vertex 4.44436 11.9479 0
    endloop
  endfacet
  facet normal 0.608852 0.793284 -0
    outer loop
      vertex 7.55563 11.9479 0
      vertex 7.1 12.2976 9
      vertex 7.55563 11.9479 9
    endloop
  endfacet
  facet normal 0.608852 0.793284 0
    outer loop
      vertex 7.1 12.2976 9
      vertex 7.55563 11.9479 0
      vertex 7.1 12.2976 0
    endloop
  endfacet
  facet normal -0.382563 0.923929 0
    outer loop
      vertex -0.569402 14.125 0
      vertex -1.1 13.9053 9
      vertex -0.569402 14.125 9
    endloop
  endfacet
  facet normal -0.382563 0.923929 0
    outer loop
      vertex -1.1 13.9053 9
      vertex -0.569402 14.125 0
      vertex -1.1 13.9053 0
    endloop
  endfacet
  facet normal -0.130589 0.991437 0
    outer loop
      vertex 0 14.2 0
      vertex -0.569402 14.125 9
      vertex 0 14.2 9
    endloop
  endfacet
  facet normal -0.130589 0.991437 0
    outer loop
      vertex -0.569402 14.125 9
      vertex 0 14.2 0
      vertex -0.569402 14.125 0
    endloop
  endfacet
  facet normal -0.608852 0.793284 0
    outer loop
      vertex -1.1 13.9053 0
      vertex -1.55563 13.5556 9
      vertex -1.1 13.9053 9
    endloop
  endfacet
  facet normal -0.608852 0.793284 0
    outer loop
      vertex -1.55563 13.5556 9
      vertex -1.1 13.9053 0
      vertex -1.55563 13.5556 0
    endloop
  endfacet
  facet normal 0.130589 0.991437 -0
    outer loop
      vertex 0.569402 14.125 0
      vertex 0 14.2 9
      vertex 0.569402 14.125 9
    endloop
  endfacet
  facet normal 0.130589 0.991437 0
    outer loop
      vertex 0 14.2 9
      vertex 0.569402 14.125 0
      vertex 0 14.2 0
    endloop
  endfacet
  facet normal 0.991446 0.130521 0
    outer loop
      vertex 2.2 12 9
      vertex 2.12504 12.5694 0
      vertex 2.12504 12.5694 9
    endloop
  endfacet
  facet normal 0.991446 0.130521 0
    outer loop
      vertex 2.12504 12.5694 0
      vertex 2.2 12 9
      vertex 2.2 12 0
    endloop
  endfacet
  facet normal 0.382563 0.923929 -0
    outer loop
      vertex 1.1 13.9053 0
      vertex 0.569402 14.125 9
      vertex 1.1 13.9053 9
    endloop
  endfacet
  facet normal 0.382563 0.923929 0
    outer loop
      vertex 0.569402 14.125 9
      vertex 1.1 13.9053 0
      vertex 0.569402 14.125 0
    endloop
  endfacet
  facet normal 0.793323 0.608801 0
    outer loop
      vertex 1.90526 13.1 9
      vertex 1.55563 13.5556 0
      vertex 1.55563 13.5556 9
    endloop
  endfacet
  facet normal 0.793323 0.608801 0
    outer loop
      vertex 1.55563 13.5556 0
      vertex 1.90526 13.1 9
      vertex 1.90526 13.1 0
    endloop
  endfacet
  facet normal -0.923881 0.382681 0
    outer loop
      vertex -2.12504 12.5694 0
      vertex -1.90526 13.1 9
      vertex -1.90526 13.1 0
    endloop
  endfacet
  facet normal -0.923881 0.382681 0
    outer loop
      vertex -1.90526 13.1 9
      vertex -2.12504 12.5694 0
      vertex -2.12504 12.5694 9
    endloop
  endfacet
  facet normal -0.991446 0.130521 0
    outer loop
      vertex -2.2 12 0
      vertex -2.12504 12.5694 9
      vertex -2.12504 12.5694 0
    endloop
  endfacet
  facet normal -0.991446 0.130521 0
    outer loop
      vertex -2.12504 12.5694 9
      vertex -2.2 12 0
      vertex -2.2 12 9
    endloop
  endfacet
  facet normal -0.991445 -0.130526 0
    outer loop
      vertex -2.17338 11.7978 0
      vertex -2.2 12 9
      vertex -2.2 12 0
    endloop
  endfacet
  facet normal -0.991445 -0.130526 0
    outer loop
      vertex -2.2 12 9
      vertex -2.17338 11.7978 0
      vertex -2.17338 11.7978 9
    endloop
  endfacet
  facet normal 0.608852 0.793284 -0
    outer loop
      vertex 1.55563 13.5556 0
      vertex 1.1 13.9053 9
      vertex 1.55563 13.5556 9
    endloop
  endfacet
  facet normal 0.608852 0.793284 0
    outer loop
      vertex 1.1 13.9053 9
      vertex 1.55563 13.5556 0
      vertex 1.1 13.9053 0
    endloop
  endfacet
  facet normal -0.793323 0.608801 0
    outer loop
      vertex -1.90526 13.1 0
      vertex -1.55563 13.5556 9
      vertex -1.55563 13.5556 0
    endloop
  endfacet
  facet normal -0.793323 0.608801 0
    outer loop
      vertex -1.55563 13.5556 9
      vertex -1.90526 13.1 0
      vertex -1.90526 13.1 9
    endloop
  endfacet
  facet normal 0.923881 0.382681 0
    outer loop
      vertex 2.12504 12.5694 9
      vertex 1.90526 13.1 0
      vertex 1.90526 13.1 9
    endloop
  endfacet
  facet normal 0.923881 0.382681 0
    outer loop
      vertex 1.90526 13.1 0
      vertex 2.12504 12.5694 9
      vertex 2.12504 12.5694 0
    endloop
  endfacet
  facet normal 0.991445 -0.130526 0
    outer loop
      vertex 2.17338 11.7978 9
      vertex 2.2 12 0
      vertex 2.2 12 9
    endloop
  endfacet
  facet normal 0.991445 -0.130526 0
    outer loop
      vertex 2.2 12 0
      vertex 2.17338 11.7978 9
      vertex 2.17338 11.7978 0
    endloop
  endfacet
  facet normal -0.793323 0.608801 0
    outer loop
      vertex -7.90526 11.4923 0
      vertex -7.55563 11.9479 9
      vertex -7.55563 11.9479 0
    endloop
  endfacet
  facet normal -0.793323 0.608801 0
    outer loop
      vertex -7.55563 11.9479 9
      vertex -7.90526 11.4923 0
      vertex -7.90526 11.4923 9
    endloop
  endfacet
  facet normal -0.608852 0.793284 0
    outer loop
      vertex -7.1 12.2976 0
      vertex -7.55563 11.9479 9
      vertex -7.1 12.2976 9
    endloop
  endfacet
  facet normal -0.608852 0.793284 0
    outer loop
      vertex -7.55563 11.9479 9
      vertex -7.1 12.2976 0
      vertex -7.55563 11.9479 0
    endloop
  endfacet
  facet normal 0.923893 0.382651 0
    outer loop
      vertex -4.01671 11.3039 9
      vertex -4.09474 11.4923 0
      vertex -4.09474 11.4923 9
    endloop
  endfacet
  facet normal 0.923893 0.382651 0
    outer loop
      vertex -4.09474 11.4923 0
      vertex -4.01671 11.3039 9
      vertex -4.01671 11.3039 0
    endloop
  endfacet
  facet normal 0.608844 0.79329 -0
    outer loop
      vertex -4.44436 11.9479 0
      vertex -4.9 12.2976 9
      vertex -4.44436 11.9479 9
    endloop
  endfacet
  facet normal 0.608844 0.79329 0
    outer loop
      vertex -4.9 12.2976 9
      vertex -4.44436 11.9479 0
      vertex -4.9 12.2976 0
    endloop
  endfacet
  facet normal -0.13059 0.991437 0
    outer loop
      vertex -6 12.5923 0
      vertex -6.5694 12.5173 9
      vertex -6 12.5923 9
    endloop
  endfacet
  facet normal -0.13059 0.991437 0
    outer loop
      vertex -6.5694 12.5173 9
      vertex -6 12.5923 0
      vertex -6.5694 12.5173 0
    endloop
  endfacet
  facet normal -0.991446 0.130521 0
    outer loop
      vertex -8.2 10.3923 0
      vertex -8.12504 10.9617 9
      vertex -8.12504 10.9617 0
    endloop
  endfacet
  facet normal -0.991446 0.130521 0
    outer loop
      vertex -8.12504 10.9617 9
      vertex -8.2 10.3923 0
      vertex -8.2 10.3923 9
    endloop
  endfacet
  facet normal -0.991446 -0.130521 0
    outer loop
      vertex -8.12504 9.8229 0
      vertex -8.2 10.3923 9
      vertex -8.2 10.3923 0
    endloop
  endfacet
  facet normal -0.991446 -0.130521 0
    outer loop
      vertex -8.2 10.3923 9
      vertex -8.12504 9.8229 0
      vertex -8.12504 9.8229 9
    endloop
  endfacet
  facet normal -0.793331 -0.608791 0
    outer loop
      vertex -7.78112 9.13053 0
      vertex -7.90526 9.2923 9
      vertex -7.90526 9.2923 0
    endloop
  endfacet
  facet normal -0.793331 -0.608791 0
    outer loop
      vertex -7.90526 9.2923 9
      vertex -7.78112 9.13053 0
      vertex -7.78112 9.13053 9
    endloop
  endfacet
  facet normal 0.793332 0.60879 0
    outer loop
      vertex -4.09474 11.4923 9
      vertex -4.44436 11.9479 0
      vertex -4.44436 11.9479 9
    endloop
  endfacet
  facet normal 0.793332 0.60879 0
    outer loop
      vertex -4.44436 11.9479 0
      vertex -4.09474 11.4923 9
      vertex -4.09474 11.4923 0
    endloop
  endfacet
  facet normal 0.382562 0.92393 -0
    outer loop
      vertex -4.9 12.2976 0
      vertex -5.4306 12.5173 9
      vertex -4.9 12.2976 9
    endloop
  endfacet
  facet normal 0.382562 0.92393 0
    outer loop
      vertex -5.4306 12.5173 9
      vertex -4.9 12.2976 0
      vertex -5.4306 12.5173 0
    endloop
  endfacet
  facet normal -0.382562 0.92393 0
    outer loop
      vertex -6.5694 12.5173 0
      vertex -7.1 12.2976 9
      vertex -6.5694 12.5173 9
    endloop
  endfacet
  facet normal -0.382562 0.92393 0
    outer loop
      vertex -7.1 12.2976 9
      vertex -6.5694 12.5173 0
      vertex -7.1 12.2976 0
    endloop
  endfacet
  facet normal -0.923881 -0.382681 0
    outer loop
      vertex -7.90526 9.2923 0
      vertex -8.12504 9.8229 9
      vertex -8.12504 9.8229 0
    endloop
  endfacet
  facet normal -0.923881 -0.382681 0
    outer loop
      vertex -8.12504 9.8229 9
      vertex -7.90526 9.2923 0
      vertex -7.90526 9.2923 9
    endloop
  endfacet
  facet normal 0.13059 0.991437 -0
    outer loop
      vertex -5.4306 12.5173 0
      vertex -6 12.5923 9
      vertex -5.4306 12.5173 9
    endloop
  endfacet
  facet normal 0.13059 0.991437 0
    outer loop
      vertex -6 12.5923 9
      vertex -5.4306 12.5173 0
      vertex -6 12.5923 0
    endloop
  endfacet
  facet normal -0.923881 0.382681 0
    outer loop
      vertex -8.12504 10.9617 0
      vertex -7.90526 11.4923 9
      vertex -7.90526 11.4923 0
    endloop
  endfacet
  facet normal -0.923881 0.382681 0
    outer loop
      vertex -7.90526 11.4923 9
      vertex -8.12504 10.9617 0
      vertex -8.12504 10.9617 9
    endloop
  endfacet
  facet normal -0.991437 0.13059 0
    outer loop
      vertex -12.5923 6 0
      vertex -12.5173 6.5694 9
      vertex -12.5173 6.5694 0
    endloop
  endfacet
  facet normal -0.991437 0.13059 0
    outer loop
      vertex -12.5173 6.5694 9
      vertex -12.5923 6 0
      vertex -12.5923 6 9
    endloop
  endfacet
  facet normal -0.92393 0.382562 0
    outer loop
      vertex -12.5173 6.5694 0
      vertex -12.2976 7.1 9
      vertex -12.2976 7.1 0
    endloop
  endfacet
  facet normal -0.92393 0.382562 0
    outer loop
      vertex -12.2976 7.1 9
      vertex -12.5173 6.5694 0
      vertex -12.5173 6.5694 9
    endloop
  endfacet
  facet normal -0.991437 -0.13059 0
    outer loop
      vertex -12.5173 5.4306 0
      vertex -12.5923 6 9
      vertex -12.5923 6 0
    endloop
  endfacet
  facet normal -0.991437 -0.13059 0
    outer loop
      vertex -12.5923 6 9
      vertex -12.5173 5.4306 0
      vertex -12.5173 5.4306 9
    endloop
  endfacet
  facet normal -0.130521 0.991446 0
    outer loop
      vertex -10.3923 8.2 0
      vertex -10.9617 8.12504 9
      vertex -10.3923 8.2 9
    endloop
  endfacet
  facet normal -0.130521 0.991446 0
    outer loop
      vertex -10.9617 8.12504 9
      vertex -10.3923 8.2 0
      vertex -10.9617 8.12504 0
    endloop
  endfacet
  facet normal -0.60879 -0.793332 0
    outer loop
      vertex -11.9479 4.44436 0
      vertex -11.4923 4.09474 9
      vertex -11.9479 4.44436 9
    endloop
  endfacet
  facet normal -0.60879 -0.793332 -0
    outer loop
      vertex -11.4923 4.09474 9
      vertex -11.9479 4.44436 0
      vertex -11.4923 4.09474 0
    endloop
  endfacet
  facet normal 0.382681 0.923881 -0
    outer loop
      vertex -9.2923 7.90526 0
      vertex -9.8229 8.12504 9
      vertex -9.2923 7.90526 9
    endloop
  endfacet
  facet normal 0.382681 0.923881 0
    outer loop
      vertex -9.8229 8.12504 9
      vertex -9.2923 7.90526 0
      vertex -9.8229 8.12504 0
    endloop
  endfacet
  facet normal -0.79329 -0.608844 0
    outer loop
      vertex -11.9479 4.44436 0
      vertex -12.2976 4.9 9
      vertex -12.2976 4.9 0
    endloop
  endfacet
  facet normal -0.79329 -0.608844 0
    outer loop
      vertex -12.2976 4.9 9
      vertex -11.9479 4.44436 0
      vertex -11.9479 4.44436 9
    endloop
  endfacet
  facet normal -0.92393 -0.382562 0
    outer loop
      vertex -12.2976 4.9 0
      vertex -12.5173 5.4306 9
      vertex -12.5173 5.4306 0
    endloop
  endfacet
  facet normal -0.92393 -0.382562 0
    outer loop
      vertex -12.5173 5.4306 9
      vertex -12.2976 4.9 0
      vertex -12.2976 4.9 9
    endloop
  endfacet
  facet normal -0.382681 0.923881 0
    outer loop
      vertex -10.9617 8.12504 0
      vertex -11.4923 7.90526 9
      vertex -10.9617 8.12504 9
    endloop
  endfacet
  facet normal -0.382681 0.923881 0
    outer loop
      vertex -11.4923 7.90526 9
      vertex -10.9617 8.12504 0
      vertex -11.4923 7.90526 0
    endloop
  endfacet
  facet normal -0.382651 -0.923893 0
    outer loop
      vertex -11.4923 4.09474 0
      vertex -11.3039 4.01671 9
      vertex -11.4923 4.09474 9
    endloop
  endfacet
  facet normal -0.382651 -0.923893 -0
    outer loop
      vertex -11.3039 4.01671 9
      vertex -11.4923 4.09474 0
      vertex -11.3039 4.01671 0
    endloop
  endfacet
  facet normal -0.608801 0.793323 0
    outer loop
      vertex -11.4923 7.90526 0
      vertex -11.9479 7.55563 9
      vertex -11.4923 7.90526 9
    endloop
  endfacet
  facet normal -0.608801 0.793323 0
    outer loop
      vertex -11.9479 7.55563 9
      vertex -11.4923 7.90526 0
      vertex -11.9479 7.55563 0
    endloop
  endfacet
  facet normal 0.608791 0.793331 -0
    outer loop
      vertex -9.13053 7.78112 0
      vertex -9.2923 7.90526 9
      vertex -9.13053 7.78112 9
    endloop
  endfacet
  facet normal 0.608791 0.793331 0
    outer loop
      vertex -9.2923 7.90526 9
      vertex -9.13053 7.78112 0
      vertex -9.2923 7.90526 0
    endloop
  endfacet
  facet normal 0.130521 0.991446 -0
    outer loop
      vertex -9.8229 8.12504 0
      vertex -10.3923 8.2 9
      vertex -9.8229 8.12504 9
    endloop
  endfacet
  facet normal 0.130521 0.991446 0
    outer loop
      vertex -10.3923 8.2 9
      vertex -9.8229 8.12504 0
      vertex -10.3923 8.2 0
    endloop
  endfacet
  facet normal -0.793284 0.608852 0
    outer loop
      vertex -12.2976 7.1 0
      vertex -11.9479 7.55563 9
      vertex -11.9479 7.55563 0
    endloop
  endfacet
  facet normal -0.793284 0.608852 0
    outer loop
      vertex -11.9479 7.55563 9
      vertex -12.2976 7.1 0
      vertex -12.2976 7.1 9
    endloop
  endfacet
  facet normal -0.923929 -0.382563 0
    outer loop
      vertex -13.9053 -1.1 0
      vertex -14.125 -0.569402 9
      vertex -14.125 -0.569402 0
    endloop
  endfacet
  facet normal -0.923929 -0.382563 0
    outer loop
      vertex -14.125 -0.569402 9
      vertex -13.9053 -1.1 0
      vertex -13.9053 -1.1 9
    endloop
  endfacet
  facet normal -0.793284 -0.608852 0
    outer loop
      vertex -13.5556 -1.55563 0
      vertex -13.9053 -1.1 9
      vertex -13.9053 -1.1 0
    endloop
  endfacet
  facet normal -0.793284 -0.608852 0
    outer loop
      vertex -13.9053 -1.1 9
      vertex -13.5556 -1.55563 0
      vertex -13.5556 -1.55563 9
    endloop
  endfacet
  facet normal -0.991437 0.130589 0
    outer loop
      vertex -14.2 0 0
      vertex -14.125 0.569402 9
      vertex -14.125 0.569402 0
    endloop
  endfacet
  facet normal -0.991437 0.130589 0
    outer loop
      vertex -14.125 0.569402 9
      vertex -14.2 0 0
      vertex -14.2 0 9
    endloop
  endfacet
  facet normal -0.130521 0.991446 0
    outer loop
      vertex -12 2.2 0
      vertex -12.5694 2.12504 9
      vertex -12 2.2 9
    endloop
  endfacet
  facet normal -0.130521 0.991446 0
    outer loop
      vertex -12.5694 2.12504 9
      vertex -12 2.2 0
      vertex -12.5694 2.12504 0
    endloop
  endfacet
  facet normal -0.923929 0.382563 0
    outer loop
      vertex -14.125 0.569402 0
      vertex -13.9053 1.1 9
      vertex -13.9053 1.1 0
    endloop
  endfacet
  facet normal -0.923929 0.382563 0
    outer loop
      vertex -13.9053 1.1 9
      vertex -14.125 0.569402 0
      vertex -14.125 0.569402 9
    endloop
  endfacet
  facet normal -0.382681 -0.923881 0
    outer loop
      vertex -13.1 -1.90526 0
      vertex -12.5694 -2.12504 9
      vertex -13.1 -1.90526 9
    endloop
  endfacet
  facet normal -0.382681 -0.923881 -0
    outer loop
      vertex -12.5694 -2.12504 9
      vertex -13.1 -1.90526 0
      vertex -12.5694 -2.12504 0
    endloop
  endfacet
  facet normal -0.991437 -0.130589 0
    outer loop
      vertex -14.125 -0.569402 0
      vertex -14.2 0 9
      vertex -14.2 0 0
    endloop
  endfacet
  facet normal -0.991437 -0.130589 0
    outer loop
      vertex -14.2 0 9
      vertex -14.125 -0.569402 0
      vertex -14.125 -0.569402 9
    endloop
  endfacet
  facet normal -0.130521 -0.991446 0
    outer loop
      vertex -12.5694 -2.12504 0
      vertex -12 -2.2 9
      vertex -12.5694 -2.12504 9
    endloop
  endfacet
  facet normal -0.130521 -0.991446 -0
    outer loop
      vertex -12 -2.2 9
      vertex -12.5694 -2.12504 0
      vertex -12 -2.2 0
    endloop
  endfacet
  facet normal -0.608801 0.793323 0
    outer loop
      vertex -13.1 1.90526 0
      vertex -13.5556 1.55563 9
      vertex -13.1 1.90526 9
    endloop
  endfacet
  facet normal -0.608801 0.793323 0
    outer loop
      vertex -13.5556 1.55563 9
      vertex -13.1 1.90526 0
      vertex -13.5556 1.55563 0
    endloop
  endfacet
  facet normal 0.130526 -0.991445 0
    outer loop
      vertex -12 -2.2 0
      vertex -11.7978 -2.17338 9
      vertex -12 -2.2 9
    endloop
  endfacet
  facet normal 0.130526 -0.991445 0
    outer loop
      vertex -11.7978 -2.17338 9
      vertex -12 -2.2 0
      vertex -11.7978 -2.17338 0
    endloop
  endfacet
  facet normal -0.793284 0.608852 0
    outer loop
      vertex -13.9053 1.1 0
      vertex -13.5556 1.55563 9
      vertex -13.5556 1.55563 0
    endloop
  endfacet
  facet normal -0.793284 0.608852 0
    outer loop
      vertex -13.5556 1.55563 9
      vertex -13.9053 1.1 0
      vertex -13.9053 1.1 9
    endloop
  endfacet
  facet normal -0.608801 -0.793323 0
    outer loop
      vertex -13.5556 -1.55563 0
      vertex -13.1 -1.90526 9
      vertex -13.5556 -1.55563 9
    endloop
  endfacet
  facet normal -0.608801 -0.793323 -0
    outer loop
      vertex -13.1 -1.90526 9
      vertex -13.5556 -1.55563 0
      vertex -13.1 -1.90526 0
    endloop
  endfacet
  facet normal -0.382681 0.923881 0
    outer loop
      vertex -12.5694 2.12504 0
      vertex -13.1 1.90526 9
      vertex -12.5694 2.12504 9
    endloop
  endfacet
  facet normal -0.382681 0.923881 0
    outer loop
      vertex -13.1 1.90526 9
      vertex -12.5694 2.12504 0
      vertex -13.1 1.90526 0
    endloop
  endfacet
  facet normal 0.130526 0.991445 -0
    outer loop
      vertex -11.7978 2.17338 0
      vertex -12 2.2 9
      vertex -11.7978 2.17338 9
    endloop
  endfacet
  facet normal 0.130526 0.991445 0
    outer loop
      vertex -12 2.2 9
      vertex -11.7978 2.17338 0
      vertex -12 2.2 0
    endloop
  endfacet
  facet normal -0.991437 -0.13059 0
    outer loop
      vertex -12.5173 -6.5694 0
      vertex -12.5923 -6 9
      vertex -12.5923 -6 0
    endloop
  endfacet
  facet normal -0.991437 -0.13059 0
    outer loop
      vertex -12.5923 -6 9
      vertex -12.5173 -6.5694 0
      vertex -12.5173 -6.5694 9
    endloop
  endfacet
  facet normal -0.382651 0.923893 0
    outer loop
      vertex -11.3039 -4.01671 0
      vertex -11.4923 -4.09474 9
      vertex -11.3039 -4.01671 9
    endloop
  endfacet
  facet normal -0.382651 0.923893 0
    outer loop
      vertex -11.4923 -4.09474 9
      vertex -11.3039 -4.01671 0
      vertex -11.4923 -4.09474 0
    endloop
  endfacet
  facet normal -0.79329 0.608844 0
    outer loop
      vertex -12.2976 -4.9 0
      vertex -11.9479 -4.44436 9
      vertex -11.9479 -4.44436 0
    endloop
  endfacet
  facet normal -0.79329 0.608844 0
    outer loop
      vertex -11.9479 -4.44436 9
      vertex -12.2976 -4.9 0
      vertex -12.2976 -4.9 9
    endloop
  endfacet
  facet normal 0.130521 -0.991446 0
    outer loop
      vertex -10.3923 -8.2 0
      vertex -9.8229 -8.12504 9
      vertex -10.3923 -8.2 9
    endloop
  endfacet
  facet normal 0.130521 -0.991446 0
    outer loop
      vertex -9.8229 -8.12504 9
      vertex -10.3923 -8.2 0
      vertex -9.8229 -8.12504 0
    endloop
  endfacet
  facet normal 0.608791 -0.793331 0
    outer loop
      vertex -9.2923 -7.90526 0
      vertex -9.13053 -7.78112 9
      vertex -9.2923 -7.90526 9
    endloop
  endfacet
  facet normal 0.608791 -0.793331 0
    outer loop
      vertex -9.13053 -7.78112 9
      vertex -9.2923 -7.90526 0
      vertex -9.13053 -7.78112 0
    endloop
  endfacet
  facet normal -0.793284 -0.608852 0
    outer loop
      vertex -11.9479 -7.55563 0
      vertex -12.2976 -7.1 9
      vertex -12.2976 -7.1 0
    endloop
  endfacet
  facet normal -0.793284 -0.608852 0
    outer loop
      vertex -12.2976 -7.1 9
      vertex -11.9479 -7.55563 0
      vertex -11.9479 -7.55563 9
    endloop
  endfacet
  facet normal -0.60879 0.793332 0
    outer loop
      vertex -11.4923 -4.09474 0
      vertex -11.9479 -4.44436 9
      vertex -11.4923 -4.09474 9
    endloop
  endfacet
  facet normal -0.60879 0.793332 0
    outer loop
      vertex -11.9479 -4.44436 9
      vertex -11.4923 -4.09474 0
      vertex -11.9479 -4.44436 0
    endloop
  endfacet
  facet normal -0.130521 -0.991446 0
    outer loop
      vertex -10.9617 -8.12504 0
      vertex -10.3923 -8.2 9
      vertex -10.9617 -8.12504 9
    endloop
  endfacet
  facet normal -0.130521 -0.991446 -0
    outer loop
      vertex -10.3923 -8.2 9
      vertex -10.9617 -8.12504 0
      vertex -10.3923 -8.2 0
    endloop
  endfacet
  facet normal -0.608801 -0.793323 0
    outer loop
      vertex -11.9479 -7.55563 0
      vertex -11.4923 -7.90526 9
      vertex -11.9479 -7.55563 9
    endloop
  endfacet
  facet normal -0.608801 -0.793323 -0
    outer loop
      vertex -11.4923 -7.90526 9
      vertex -11.9479 -7.55563 0
      vertex -11.4923 -7.90526 0
    endloop
  endfacet
  facet normal -0.92393 0.382562 0
    outer loop
      vertex -12.5173 -5.4306 0
      vertex -12.2976 -4.9 9
      vertex -12.2976 -4.9 0
    endloop
  endfacet
  facet normal -0.92393 0.382562 0
    outer loop
      vertex -12.2976 -4.9 9
      vertex -12.5173 -5.4306 0
      vertex -12.5173 -5.4306 9
    endloop
  endfacet
  facet normal -0.92393 -0.382562 0
    outer loop
      vertex -12.2976 -7.1 0
      vertex -12.5173 -6.5694 9
      vertex -12.5173 -6.5694 0
    endloop
  endfacet
  facet normal -0.92393 -0.382562 0
    outer loop
      vertex -12.5173 -6.5694 9
      vertex -12.2976 -7.1 0
      vertex -12.2976 -7.1 9
    endloop
  endfacet
  facet normal 0.382681 -0.923881 0
    outer loop
      vertex -9.8229 -8.12504 0
      vertex -9.2923 -7.90526 9
      vertex -9.8229 -8.12504 9
    endloop
  endfacet
  facet normal 0.382681 -0.923881 0
    outer loop
      vertex -9.2923 -7.90526 9
      vertex -9.8229 -8.12504 0
      vertex -9.2923 -7.90526 0
    endloop
  endfacet
  facet normal -0.991437 0.13059 0
    outer loop
      vertex -12.5923 -6 0
      vertex -12.5173 -5.4306 9
      vertex -12.5173 -5.4306 0
    endloop
  endfacet
  facet normal -0.991437 0.13059 0
    outer loop
      vertex -12.5173 -5.4306 9
      vertex -12.5923 -6 0
      vertex -12.5923 -6 9
    endloop
  endfacet
  facet normal -0.382681 -0.923881 0
    outer loop
      vertex -11.4923 -7.90526 0
      vertex -10.9617 -8.12504 9
      vertex -11.4923 -7.90526 9
    endloop
  endfacet
  facet normal -0.382681 -0.923881 -0
    outer loop
      vertex -10.9617 -8.12504 9
      vertex -11.4923 -7.90526 0
      vertex -10.9617 -8.12504 0
    endloop
  endfacet
  facet normal 0.13059 -0.991437 0
    outer loop
      vertex -6 -12.5923 0
      vertex -5.4306 -12.5173 9
      vertex -6 -12.5923 9
    endloop
  endfacet
  facet normal 0.13059 -0.991437 0
    outer loop
      vertex -5.4306 -12.5173 9
      vertex -6 -12.5923 0
      vertex -5.4306 -12.5173 0
    endloop
  endfacet
  facet normal -0.382562 -0.92393 0
    outer loop
      vertex -7.1 -12.2976 0
      vertex -6.5694 -12.5173 9
      vertex -7.1 -12.2976 9
    endloop
  endfacet
  facet normal -0.382562 -0.92393 -0
    outer loop
      vertex -6.5694 -12.5173 9
      vertex -7.1 -12.2976 0
      vertex -6.5694 -12.5173 0
    endloop
  endfacet
  facet normal -0.608852 -0.793284 0
    outer loop
      vertex -7.55563 -11.9479 0
      vertex -7.1 -12.2976 9
      vertex -7.55563 -11.9479 9
    endloop
  endfacet
  facet normal -0.608852 -0.793284 -0
    outer loop
      vertex -7.1 -12.2976 9
      vertex -7.55563 -11.9479 0
      vertex -7.1 -12.2976 0
    endloop
  endfacet
  facet normal -0.991446 -0.130521 0
    outer loop
      vertex -8.12504 -10.9617 0
      vertex -8.2 -10.3923 9
      vertex -8.2 -10.3923 0
    endloop
  endfacet
  facet normal -0.991446 -0.130521 0
    outer loop
      vertex -8.2 -10.3923 9
      vertex -8.12504 -10.9617 0
      vertex -8.12504 -10.9617 9
    endloop
  endfacet
  facet normal 0.793332 -0.60879 0
    outer loop
      vertex -4.44436 -11.9479 9
      vertex -4.09474 -11.4923 0
      vertex -4.09474 -11.4923 9
    endloop
  endfacet
  facet normal 0.793332 -0.60879 0
    outer loop
      vertex -4.09474 -11.4923 0
      vertex -4.44436 -11.9479 9
      vertex -4.44436 -11.9479 0
    endloop
  endfacet
  facet normal -0.923881 0.382681 0
    outer loop
      vertex -8.12504 -9.8229 0
      vertex -7.90526 -9.2923 9
      vertex -7.90526 -9.2923 0
    endloop
  endfacet
  facet normal -0.923881 0.382681 0
    outer loop
      vertex -7.90526 -9.2923 9
      vertex -8.12504 -9.8229 0
      vertex -8.12504 -9.8229 9
    endloop
  endfacet
  facet normal 0.608844 -0.79329 0
    outer loop
      vertex -4.9 -12.2976 0
      vertex -4.44436 -11.9479 9
      vertex -4.9 -12.2976 9
    endloop
  endfacet
  facet normal 0.608844 -0.79329 0
    outer loop
      vertex -4.44436 -11.9479 9
      vertex -4.9 -12.2976 0
      vertex -4.44436 -11.9479 0
    endloop
  endfacet
  facet normal 0.382562 -0.92393 0
    outer loop
      vertex -5.4306 -12.5173 0
      vertex -4.9 -12.2976 9
      vertex -5.4306 -12.5173 9
    endloop
  endfacet
  facet normal 0.382562 -0.92393 0
    outer loop
      vertex -4.9 -12.2976 9
      vertex -5.4306 -12.5173 0
      vertex -4.9 -12.2976 0
    endloop
  endfacet
  facet normal -0.13059 -0.991437 0
    outer loop
      vertex -6.5694 -12.5173 0
      vertex -6 -12.5923 9
      vertex -6.5694 -12.5173 9
    endloop
  endfacet
  facet normal -0.13059 -0.991437 -0
    outer loop
      vertex -6 -12.5923 9
      vertex -6.5694 -12.5173 0
      vertex -6 -12.5923 0
    endloop
  endfacet
  facet normal -0.923881 -0.382681 0
    outer loop
      vertex -7.90526 -11.4923 0
      vertex -8.12504 -10.9617 9
      vertex -8.12504 -10.9617 0
    endloop
  endfacet
  facet normal -0.923881 -0.382681 0
    outer loop
      vertex -8.12504 -10.9617 9
      vertex -7.90526 -11.4923 0
      vertex -7.90526 -11.4923 9
    endloop
  endfacet
  facet normal 0.923893 -0.382651 0
    outer loop
      vertex -4.09474 -11.4923 9
      vertex -4.01671 -11.3039 0
      vertex -4.01671 -11.3039 9
    endloop
  endfacet
  facet normal 0.923893 -0.382651 0
    outer loop
      vertex -4.01671 -11.3039 0
      vertex -4.09474 -11.4923 9
      vertex -4.09474 -11.4923 0
    endloop
  endfacet
  facet normal -0.793323 -0.608801 0
    outer loop
      vertex -7.55563 -11.9479 0
      vertex -7.90526 -11.4923 9
      vertex -7.90526 -11.4923 0
    endloop
  endfacet
  facet normal -0.793323 -0.608801 0
    outer loop
      vertex -7.90526 -11.4923 9
      vertex -7.55563 -11.9479 0
      vertex -7.55563 -11.9479 9
    endloop
  endfacet
  facet normal -0.793331 0.608791 0
    outer loop
      vertex -7.90526 -9.2923 0
      vertex -7.78112 -9.13053 9
      vertex -7.78112 -9.13053 0
    endloop
  endfacet
  facet normal -0.793331 0.608791 0
    outer loop
      vertex -7.78112 -9.13053 9
      vertex -7.90526 -9.2923 0
      vertex -7.90526 -9.2923 9
    endloop
  endfacet
  facet normal -0.991446 0.130521 0
    outer loop
      vertex -8.2 -10.3923 0
      vertex -8.12504 -9.8229 9
      vertex -8.12504 -9.8229 0
    endloop
  endfacet
  facet normal -0.991446 0.130521 0
    outer loop
      vertex -8.12504 -9.8229 9
      vertex -8.2 -10.3923 0
      vertex -8.2 -10.3923 9
    endloop
  endfacet
  facet normal 0.382563 -0.923929 0
    outer loop
      vertex 0.569402 -14.125 0
      vertex 1.1 -13.9053 9
      vertex 0.569402 -14.125 9
    endloop
  endfacet
  facet normal 0.382563 -0.923929 0
    outer loop
      vertex 1.1 -13.9053 9
      vertex 0.569402 -14.125 0
      vertex 1.1 -13.9053 0
    endloop
  endfacet
  facet normal 0.608852 -0.793284 0
    outer loop
      vertex 1.1 -13.9053 0
      vertex 1.55563 -13.5556 9
      vertex 1.1 -13.9053 9
    endloop
  endfacet
  facet normal 0.608852 -0.793284 0
    outer loop
      vertex 1.55563 -13.5556 9
      vertex 1.1 -13.9053 0
      vertex 1.55563 -13.5556 0
    endloop
  endfacet
  facet normal -0.130589 -0.991437 0
    outer loop
      vertex -0.569402 -14.125 0
      vertex 0 -14.2 9
      vertex -0.569402 -14.125 9
    endloop
  endfacet
  facet normal -0.130589 -0.991437 -0
    outer loop
      vertex 0 -14.2 9
      vertex -0.569402 -14.125 0
      vertex 0 -14.2 0
    endloop
  endfacet
  facet normal -0.991446 -0.130521 0
    outer loop
      vertex -2.12504 -12.5694 0
      vertex -2.2 -12 9
      vertex -2.2 -12 0
    endloop
  endfacet
  facet normal -0.991446 -0.130521 0
    outer loop
      vertex -2.2 -12 9
      vertex -2.12504 -12.5694 0
      vertex -2.12504 -12.5694 9
    endloop
  endfacet
  facet normal 0.923881 -0.382681 0
    outer loop
      vertex 1.90526 -13.1 9
      vertex 2.12504 -12.5694 0
      vertex 2.12504 -12.5694 9
    endloop
  endfacet
  facet normal 0.923881 -0.382681 0
    outer loop
      vertex 2.12504 -12.5694 0
      vertex 1.90526 -13.1 9
      vertex 1.90526 -13.1 0
    endloop
  endfacet
  facet normal 0.130589 -0.991437 0
    outer loop
      vertex 0 -14.2 0
      vertex 0.569402 -14.125 9
      vertex 0 -14.2 9
    endloop
  endfacet
  facet normal 0.130589 -0.991437 0
    outer loop
      vertex 0.569402 -14.125 9
      vertex 0 -14.2 0
      vertex 0.569402 -14.125 0
    endloop
  endfacet
  facet normal -0.793323 -0.608801 0
    outer loop
      vertex -1.55563 -13.5556 0
      vertex -1.90526 -13.1 9
      vertex -1.90526 -13.1 0
    endloop
  endfacet
  facet normal -0.793323 -0.608801 0
    outer loop
      vertex -1.90526 -13.1 9
      vertex -1.55563 -13.5556 0
      vertex -1.55563 -13.5556 9
    endloop
  endfacet
  facet normal 0.991446 -0.130521 0
    outer loop
      vertex 2.12504 -12.5694 9
      vertex 2.2 -12 0
      vertex 2.2 -12 9
    endloop
  endfacet
  facet normal 0.991446 -0.130521 0
    outer loop
      vertex 2.2 -12 0
      vertex 2.12504 -12.5694 9
      vertex 2.12504 -12.5694 0
    endloop
  endfacet
  facet normal 0.991445 0.130526 0
    outer loop
      vertex 2.2 -12 9
      vertex 2.17338 -11.7978 0
      vertex 2.17338 -11.7978 9
    endloop
  endfacet
  facet normal 0.991445 0.130526 0
    outer loop
      vertex 2.17338 -11.7978 0
      vertex 2.2 -12 9
      vertex 2.2 -12 0
    endloop
  endfacet
  facet normal -0.382563 -0.923929 0
    outer loop
      vertex -1.1 -13.9053 0
      vertex -0.569402 -14.125 9
      vertex -1.1 -13.9053 9
    endloop
  endfacet
  facet normal -0.382563 -0.923929 -0
    outer loop
      vertex -0.569402 -14.125 9
      vertex -1.1 -13.9053 0
      vertex -0.569402 -14.125 0
    endloop
  endfacet
  facet normal -0.608852 -0.793284 0
    outer loop
      vertex -1.55563 -13.5556 0
      vertex -1.1 -13.9053 9
      vertex -1.55563 -13.5556 9
    endloop
  endfacet
  facet normal -0.608852 -0.793284 -0
    outer loop
      vertex -1.1 -13.9053 9
      vertex -1.55563 -13.5556 0
      vertex -1.1 -13.9053 0
    endloop
  endfacet
  facet normal 0.793323 -0.608801 0
    outer loop
      vertex 1.55563 -13.5556 9
      vertex 1.90526 -13.1 0
      vertex 1.90526 -13.1 9
    endloop
  endfacet
  facet normal 0.793323 -0.608801 0
    outer loop
      vertex 1.90526 -13.1 0
      vertex 1.55563 -13.5556 9
      vertex 1.55563 -13.5556 0
    endloop
  endfacet
  facet normal -0.923881 -0.382681 0
    outer loop
      vertex -1.90526 -13.1 0
      vertex -2.12504 -12.5694 9
      vertex -2.12504 -12.5694 0
    endloop
  endfacet
  facet normal -0.923881 -0.382681 0
    outer loop
      vertex -2.12504 -12.5694 9
      vertex -1.90526 -13.1 0
      vertex -1.90526 -13.1 9
    endloop
  endfacet
  facet normal -0.991445 0.130526 0
    outer loop
      vertex -2.2 -12 0
      vertex -2.17338 -11.7978 9
      vertex -2.17338 -11.7978 0
    endloop
  endfacet
  facet normal -0.991445 0.130526 0
    outer loop
      vertex -2.17338 -11.7978 9
      vertex -2.2 -12 0
      vertex -2.2 -12 9
    endloop
  endfacet
  facet normal 0.13059 -0.991437 0
    outer loop
      vertex 6 -12.5923 0
      vertex 6.5694 -12.5173 9
      vertex 6 -12.5923 9
    endloop
  endfacet
  facet normal 0.13059 -0.991437 0
    outer loop
      vertex 6.5694 -12.5173 9
      vertex 6 -12.5923 0
      vertex 6.5694 -12.5173 0
    endloop
  endfacet
  facet normal -0.923893 -0.382651 0
    outer loop
      vertex 4.09474 -11.4923 0
      vertex 4.01671 -11.3039 9
      vertex 4.01671 -11.3039 0
    endloop
  endfacet
  facet normal -0.923893 -0.382651 0
    outer loop
      vertex 4.01671 -11.3039 9
      vertex 4.09474 -11.4923 0
      vertex 4.09474 -11.4923 9
    endloop
  endfacet
  facet normal -0.608844 -0.79329 0
    outer loop
      vertex 4.44436 -11.9479 0
      vertex 4.9 -12.2976 9
      vertex 4.44436 -11.9479 9
    endloop
  endfacet
  facet normal -0.608844 -0.79329 -0
    outer loop
      vertex 4.9 -12.2976 9
      vertex 4.44436 -11.9479 0
      vertex 4.9 -12.2976 0
    endloop
  endfacet
  facet normal 0.991446 0.130521 0
    outer loop
      vertex 8.2 -10.3923 9
      vertex 8.12504 -9.8229 0
      vertex 8.12504 -9.8229 9
    endloop
  endfacet
  facet normal 0.991446 0.130521 0
    outer loop
      vertex 8.12504 -9.8229 0
      vertex 8.2 -10.3923 9
      vertex 8.2 -10.3923 0
    endloop
  endfacet
  facet normal 0.793331 0.608791 0
    outer loop
      vertex 7.90526 -9.2923 9
      vertex 7.78112 -9.13053 0
      vertex 7.78112 -9.13053 9
    endloop
  endfacet
  facet normal 0.793331 0.608791 0
    outer loop
      vertex 7.78112 -9.13053 0
      vertex 7.90526 -9.2923 9
      vertex 7.90526 -9.2923 0
    endloop
  endfacet
  facet normal 0.608852 -0.793284 0
    outer loop
      vertex 7.1 -12.2976 0
      vertex 7.55563 -11.9479 9
      vertex 7.1 -12.2976 9
    endloop
  endfacet
  facet normal 0.608852 -0.793284 0
    outer loop
      vertex 7.55563 -11.9479 9
      vertex 7.1 -12.2976 0
      vertex 7.55563 -11.9479 0
    endloop
  endfacet
  facet normal 0.923881 0.382681 0
    outer loop
      vertex 8.12504 -9.8229 9
      vertex 7.90526 -9.2923 0
      vertex 7.90526 -9.2923 9
    endloop
  endfacet
  facet normal 0.923881 0.382681 0
    outer loop
      vertex 7.90526 -9.2923 0
      vertex 8.12504 -9.8229 9
      vertex 8.12504 -9.8229 0
    endloop
  endfacet
  facet normal 0.991446 -0.130521 0
    outer loop
      vertex 8.12504 -10.9617 9
      vertex 8.2 -10.3923 0
      vertex 8.2 -10.3923 9
    endloop
  endfacet
  facet normal 0.991446 -0.130521 0
    outer loop
      vertex 8.2 -10.3923 0
      vertex 8.12504 -10.9617 9
      vertex 8.12504 -10.9617 0
    endloop
  endfacet
  facet normal -0.13059 -0.991437 0
    outer loop
      vertex 5.4306 -12.5173 0
      vertex 6 -12.5923 9
      vertex 5.4306 -12.5173 9
    endloop
  endfacet
  facet normal -0.13059 -0.991437 -0
    outer loop
      vertex 6 -12.5923 9
      vertex 5.4306 -12.5173 0
      vertex 6 -12.5923 0
    endloop
  endfacet
  facet normal 0.793323 -0.608801 0
    outer loop
      vertex 7.55563 -11.9479 9
      vertex 7.90526 -11.4923 0
      vertex 7.90526 -11.4923 9
    endloop
  endfacet
  facet normal 0.793323 -0.608801 0
    outer loop
      vertex 7.90526 -11.4923 0
      vertex 7.55563 -11.9479 9
      vertex 7.55563 -11.9479 0
    endloop
  endfacet
  facet normal -0.382562 -0.92393 0
    outer loop
      vertex 4.9 -12.2976 0
      vertex 5.4306 -12.5173 9
      vertex 4.9 -12.2976 9
    endloop
  endfacet
  facet normal -0.382562 -0.92393 -0
    outer loop
      vertex 5.4306 -12.5173 9
      vertex 4.9 -12.2976 0
      vertex 5.4306 -12.5173 0
    endloop
  endfacet
  facet normal -0.793332 -0.60879 0
    outer loop
      vertex 4.44436 -11.9479 0
      vertex 4.09474 -11.4923 9
      vertex 4.09474 -11.4923 0
    endloop
  endfacet
  facet normal -0.793332 -0.60879 0
    outer loop
      vertex 4.09474 -11.4923 9
      vertex 4.44436 -11.9479 0
      vertex 4.44436 -11.9479 9
    endloop
  endfacet
  facet normal 0.382562 -0.92393 0
    outer loop
      vertex 6.5694 -12.5173 0
      vertex 7.1 -12.2976 9
      vertex 6.5694 -12.5173 9
    endloop
  endfacet
  facet normal 0.382562 -0.92393 0
    outer loop
      vertex 7.1 -12.2976 9
      vertex 6.5694 -12.5173 0
      vertex 7.1 -12.2976 0
    endloop
  endfacet
  facet normal 0.923881 -0.382681 0
    outer loop
      vertex 7.90526 -11.4923 9
      vertex 8.12504 -10.9617 0
      vertex 8.12504 -10.9617 9
    endloop
  endfacet
  facet normal 0.923881 -0.382681 0
    outer loop
      vertex 8.12504 -10.9617 0
      vertex 7.90526 -11.4923 9
      vertex 7.90526 -11.4923 0
    endloop
  endfacet
  facet normal 0.991437 0.13059 0
    outer loop
      vertex 12.5923 -6 9
      vertex 12.5173 -5.4306 0
      vertex 12.5173 -5.4306 9
    endloop
  endfacet
  facet normal 0.991437 0.13059 0
    outer loop
      vertex 12.5173 -5.4306 0
      vertex 12.5923 -6 9
      vertex 12.5923 -6 0
    endloop
  endfacet
  facet normal 0.92393 -0.382562 0
    outer loop
      vertex 12.2976 -7.1 9
      vertex 12.5173 -6.5694 0
      vertex 12.5173 -6.5694 9
    endloop
  endfacet
  facet normal 0.92393 -0.382562 0
    outer loop
      vertex 12.5173 -6.5694 0
      vertex 12.2976 -7.1 9
      vertex 12.2976 -7.1 0
    endloop
  endfacet
  facet normal 0.793284 -0.608852 0
    outer loop
      vertex 11.9479 -7.55563 9
      vertex 12.2976 -7.1 0
      vertex 12.2976 -7.1 9
    endloop
  endfacet
  facet normal 0.793284 -0.608852 0
    outer loop
      vertex 12.2976 -7.1 0
      vertex 11.9479 -7.55563 9
      vertex 11.9479 -7.55563 0
    endloop
  endfacet
  facet normal 0.130521 -0.991446 0
    outer loop
      vertex 10.3923 -8.2 0
      vertex 10.9617 -8.12504 9
      vertex 10.3923 -8.2 9
    endloop
  endfacet
  facet normal 0.130521 -0.991446 0
    outer loop
      vertex 10.9617 -8.12504 9
      vertex 10.3923 -8.2 0
      vertex 10.9617 -8.12504 0
    endloop
  endfacet
  facet normal 0.92393 0.382562 0
    outer loop
      vertex 12.5173 -5.4306 9
      vertex 12.2976 -4.9 0
      vertex 12.2976 -4.9 9
    endloop
  endfacet
  facet normal 0.92393 0.382562 0
    outer loop
      vertex 12.2976 -4.9 0
      vertex 12.5173 -5.4306 9
      vertex 12.5173 -5.4306 0
    endloop
  endfacet
  facet normal 0.991437 -0.13059 0
    outer loop
      vertex 12.5173 -6.5694 9
      vertex 12.5923 -6 0
      vertex 12.5923 -6 9
    endloop
  endfacet
  facet normal 0.991437 -0.13059 0
    outer loop
      vertex 12.5923 -6 0
      vertex 12.5173 -6.5694 9
      vertex 12.5173 -6.5694 0
    endloop
  endfacet
  facet normal -0.382681 -0.923881 0
    outer loop
      vertex 9.2923 -7.90526 0
      vertex 9.8229 -8.12504 9
      vertex 9.2923 -7.90526 9
    endloop
  endfacet
  facet normal -0.382681 -0.923881 -0
    outer loop
      vertex 9.8229 -8.12504 9
      vertex 9.2923 -7.90526 0
      vertex 9.8229 -8.12504 0
    endloop
  endfacet
  facet normal 0.382681 -0.923881 0
    outer loop
      vertex 10.9617 -8.12504 0
      vertex 11.4923 -7.90526 9
      vertex 10.9617 -8.12504 9
    endloop
  endfacet
  facet normal 0.382681 -0.923881 0
    outer loop
      vertex 11.4923 -7.90526 9
      vertex 10.9617 -8.12504 0
      vertex 11.4923 -7.90526 0
    endloop
  endfacet
  facet normal 0.382651 0.923893 -0
    outer loop
      vertex 11.4923 -4.09474 0
      vertex 11.3039 -4.01671 9
      vertex 11.4923 -4.09474 9
    endloop
  endfacet
  facet normal 0.382651 0.923893 0
    outer loop
      vertex 11.3039 -4.01671 9
      vertex 11.4923 -4.09474 0
      vertex 11.3039 -4.01671 0
    endloop
  endfacet
  facet normal 0.608801 -0.793323 0
    outer loop
      vertex 11.4923 -7.90526 0
      vertex 11.9479 -7.55563 9
      vertex 11.4923 -7.90526 9
    endloop
  endfacet
  facet normal 0.608801 -0.793323 0
    outer loop
      vertex 11.9479 -7.55563 9
      vertex 11.4923 -7.90526 0
      vertex 11.9479 -7.55563 0
    endloop
  endfacet
  facet normal -0.608791 -0.793331 0
    outer loop
      vertex 9.13053 -7.78112 0
      vertex 9.2923 -7.90526 9
      vertex 9.13053 -7.78112 9
    endloop
  endfacet
  facet normal -0.608791 -0.793331 -0
    outer loop
      vertex 9.2923 -7.90526 9
      vertex 9.13053 -7.78112 0
      vertex 9.2923 -7.90526 0
    endloop
  endfacet
  facet normal -0.130521 -0.991446 0
    outer loop
      vertex 9.8229 -8.12504 0
      vertex 10.3923 -8.2 9
      vertex 9.8229 -8.12504 9
    endloop
  endfacet
  facet normal -0.130521 -0.991446 -0
    outer loop
      vertex 10.3923 -8.2 9
      vertex 9.8229 -8.12504 0
      vertex 10.3923 -8.2 0
    endloop
  endfacet
  facet normal 0.60879 0.793332 -0
    outer loop
      vertex 11.9479 -4.44436 0
      vertex 11.4923 -4.09474 9
      vertex 11.9479 -4.44436 9
    endloop
  endfacet
  facet normal 0.60879 0.793332 0
    outer loop
      vertex 11.4923 -4.09474 9
      vertex 11.9479 -4.44436 0
      vertex 11.4923 -4.09474 0
    endloop
  endfacet
  facet normal 0.79329 0.608844 0
    outer loop
      vertex 12.2976 -4.9 9
      vertex 11.9479 -4.44436 0
      vertex 11.9479 -4.44436 9
    endloop
  endfacet
  facet normal 0.79329 0.608844 0
    outer loop
      vertex 11.9479 -4.44436 0
      vertex 12.2976 -4.9 9
      vertex 12.2976 -4.9 0
    endloop
  endfacet
  facet normal 0.9763 0.21642 0
    outer loop
      vertex 11.7978 2.17338 9
      vertex 11.5911 3.10583 0
      vertex 11.5911 3.10583 9
    endloop
  endfacet
  facet normal 0.9763 0.21642 0
    outer loop
      vertex 11.5911 3.10583 0
      vertex 11.7978 2.17338 9
      vertex 11.7978 2.17338 0
    endloop
  endfacet
  facet normal 0.9763 -0.21642 0
    outer loop
      vertex 11.5911 -3.10583 9
      vertex 11.7978 -2.17338 0
      vertex 11.7978 -2.17338 9
    endloop
  endfacet
  facet normal 0.9763 -0.21642 0
    outer loop
      vertex 11.7978 -2.17338 0
      vertex 11.5911 -3.10583 9
      vertex 11.5911 -3.10583 0
    endloop
  endfacet
  facet normal -0.300706 -0.953717 0
    outer loop
      vertex -4.01671 -11.3039 0
      vertex -3.10583 -11.5911 9
      vertex -4.01671 -11.3039 9
    endloop
  endfacet
  facet normal -0.300706 -0.953717 -0
    outer loop
      vertex -3.10583 -11.5911 9
      vertex -4.01671 -11.3039 0
      vertex -3.10583 -11.5911 0
    endloop
  endfacet
  facet normal 0.737274 -0.675594 0
    outer loop
      vertex 8.48528 -8.48528 9
      vertex 9.13053 -7.78112 0
      vertex 9.13053 -7.78112 9
    endloop
  endfacet
  facet normal 0.737274 -0.675594 0
    outer loop
      vertex 9.13053 -7.78112 0
      vertex 8.48528 -8.48528 9
      vertex 8.48528 -8.48528 0
    endloop
  endfacet
  facet normal -0.21642 -0.9763 0
    outer loop
      vertex -3.10583 -11.5911 0
      vertex -2.17338 -11.7978 9
      vertex -3.10583 -11.5911 9
    endloop
  endfacet
  facet normal -0.21642 -0.9763 -0
    outer loop
      vertex -2.17338 -11.7978 9
      vertex -3.10583 -11.5911 0
      vertex -2.17338 -11.7978 0
    endloop
  endfacet
  facet normal -0.675594 -0.737274 0
    outer loop
      vertex -8.48528 -8.48528 0
      vertex -7.78112 -9.13053 9
      vertex -8.48528 -8.48528 9
    endloop
  endfacet
  facet normal -0.675594 -0.737274 -0
    outer loop
      vertex -7.78112 -9.13053 9
      vertex -8.48528 -8.48528 0
      vertex -7.78112 -9.13053 0
    endloop
  endfacet
  facet normal 0.737274 0.675594 0
    outer loop
      vertex 9.13053 7.78112 9
      vertex 8.48528 8.48528 0
      vertex 8.48528 8.48528 9
    endloop
  endfacet
  facet normal 0.737274 0.675594 0
    outer loop
      vertex 8.48528 8.48528 0
      vertex 9.13053 7.78112 9
      vertex 9.13053 7.78112 0
    endloop
  endfacet
  facet normal 0.21642 0.9763 -0
    outer loop
      vertex 3.10583 11.5911 0
      vertex 2.17338 11.7978 9
      vertex 3.10583 11.5911 9
    endloop
  endfacet
  facet normal 0.21642 0.9763 0
    outer loop
      vertex 2.17338 11.7978 9
      vertex 3.10583 11.5911 0
      vertex 2.17338 11.7978 0
    endloop
  endfacet
  facet normal 0.300706 0.953717 -0
    outer loop
      vertex 4.01671 11.3039 0
      vertex 3.10583 11.5911 9
      vertex 4.01671 11.3039 9
    endloop
  endfacet
  facet normal 0.300706 0.953717 0
    outer loop
      vertex 3.10583 11.5911 9
      vertex 4.01671 11.3039 0
      vertex 3.10583 11.5911 0
    endloop
  endfacet
  facet normal -0.9763 -0.21642 0
    outer loop
      vertex -11.5911 -3.10583 0
      vertex -11.7978 -2.17338 9
      vertex -11.7978 -2.17338 0
    endloop
  endfacet
  facet normal -0.9763 -0.21642 0
    outer loop
      vertex -11.7978 -2.17338 9
      vertex -11.5911 -3.10583 0
      vertex -11.5911 -3.10583 9
    endloop
  endfacet
  facet normal -0.21642 0.9763 0
    outer loop
      vertex -2.17338 11.7978 0
      vertex -3.10583 11.5911 9
      vertex -2.17338 11.7978 9
    endloop
  endfacet
  facet normal -0.21642 0.9763 0
    outer loop
      vertex -3.10583 11.5911 9
      vertex -2.17338 11.7978 0
      vertex -3.10583 11.5911 0
    endloop
  endfacet
  facet normal 0.675594 0.737274 -0
    outer loop
      vertex 8.48528 8.48528 0
      vertex 7.78112 9.13053 9
      vertex 8.48528 8.48528 9
    endloop
  endfacet
  facet normal 0.675594 0.737274 0
    outer loop
      vertex 7.78112 9.13053 9
      vertex 8.48528 8.48528 0
      vertex 7.78112 9.13053 0
    endloop
  endfacet
  facet normal 0.953717 0.300706 0
    outer loop
      vertex 11.5911 3.10583 9
      vertex 11.3039 4.01671 0
      vertex 11.3039 4.01671 9
    endloop
  endfacet
  facet normal 0.953717 0.300706 0
    outer loop
      vertex 11.3039 4.01671 0
      vertex 11.5911 3.10583 9
      vertex 11.5911 3.10583 0
    endloop
  endfacet
  facet normal -0.675594 0.737274 0
    outer loop
      vertex -7.78112 9.13053 0
      vertex -8.48528 8.48528 9
      vertex -7.78112 9.13053 9
    endloop
  endfacet
  facet normal -0.675594 0.737274 0
    outer loop
      vertex -8.48528 8.48528 9
      vertex -7.78112 9.13053 0
      vertex -8.48528 8.48528 0
    endloop
  endfacet
  facet normal -0.953717 0.300706 0
    outer loop
      vertex -11.5911 3.10583 0
      vertex -11.3039 4.01671 9
      vertex -11.3039 4.01671 0
    endloop
  endfacet
  facet normal -0.953717 0.300706 0
    outer loop
      vertex -11.3039 4.01671 9
      vertex -11.5911 3.10583 0
      vertex -11.5911 3.10583 9
    endloop
  endfacet
  facet normal -0.300706 0.953717 0
    outer loop
      vertex -3.10583 11.5911 0
      vertex -4.01671 11.3039 9
      vertex -3.10583 11.5911 9
    endloop
  endfacet
  facet normal -0.300706 0.953717 0
    outer loop
      vertex -4.01671 11.3039 9
      vertex -3.10583 11.5911 0
      vertex -4.01671 11.3039 0
    endloop
  endfacet
  facet normal 0.21642 -0.9763 0
    outer loop
      vertex 2.17338 -11.7978 0
      vertex 3.10583 -11.5911 9
      vertex 2.17338 -11.7978 9
    endloop
  endfacet
  facet normal 0.21642 -0.9763 0
    outer loop
      vertex 3.10583 -11.5911 9
      vertex 2.17338 -11.7978 0
      vertex 3.10583 -11.5911 0
    endloop
  endfacet
  facet normal -0.9763 0.21642 0
    outer loop
      vertex -11.7978 2.17338 0
      vertex -11.5911 3.10583 9
      vertex -11.5911 3.10583 0
    endloop
  endfacet
  facet normal -0.9763 0.21642 0
    outer loop
      vertex -11.5911 3.10583 9
      vertex -11.7978 2.17338 0
      vertex -11.7978 2.17338 9
    endloop
  endfacet
  facet normal -0.737274 -0.675594 0
    outer loop
      vertex -8.48528 -8.48528 0
      vertex -9.13053 -7.78112 9
      vertex -9.13053 -7.78112 0
    endloop
  endfacet
  facet normal -0.737274 -0.675594 0
    outer loop
      vertex -9.13053 -7.78112 9
      vertex -8.48528 -8.48528 0
      vertex -8.48528 -8.48528 9
    endloop
  endfacet
  facet normal -0.953717 -0.300706 0
    outer loop
      vertex -11.3039 -4.01671 0
      vertex -11.5911 -3.10583 9
      vertex -11.5911 -3.10583 0
    endloop
  endfacet
  facet normal -0.953717 -0.300706 0
    outer loop
      vertex -11.5911 -3.10583 9
      vertex -11.3039 -4.01671 0
      vertex -11.3039 -4.01671 9
    endloop
  endfacet
  facet normal -0.737274 0.675594 0
    outer loop
      vertex -9.13053 7.78112 0
      vertex -8.48528 8.48528 9
      vertex -8.48528 8.48528 0
    endloop
  endfacet
  facet normal -0.737274 0.675594 0
    outer loop
      vertex -8.48528 8.48528 9
      vertex -9.13053 7.78112 0
      vertex -9.13053 7.78112 9
    endloop
  endfacet
  facet normal 0.300706 -0.953717 0
    outer loop
      vertex 3.10583 -11.5911 0
      vertex 4.01671 -11.3039 9
      vertex 3.10583 -11.5911 9
    endloop
  endfacet
  facet normal 0.300706 -0.953717 0
    outer loop
      vertex 4.01671 -11.3039 9
      vertex 3.10583 -11.5911 0
      vertex 4.01671 -11.3039 0
    endloop
  endfacet
  facet normal 0.953717 -0.300706 0
    outer loop
      vertex 11.3039 -4.01671 9
      vertex 11.5911 -3.10583 0
      vertex 11.5911 -3.10583 9
    endloop
  endfacet
  facet normal 0.953717 -0.300706 0
    outer loop
      vertex 11.5911 -3.10583 0
      vertex 11.3039 -4.01671 9
      vertex 11.3039 -4.01671 0
    endloop
  endfacet
  facet normal 0.675594 -0.737274 0
    outer loop
      vertex 7.78112 -9.13053 0
      vertex 8.48528 -8.48528 9
      vertex 7.78112 -9.13053 9
    endloop
  endfacet
  facet normal 0.675594 -0.737274 0
    outer loop
      vertex 8.48528 -8.48528 9
      vertex 7.78112 -9.13053 0
      vertex 8.48528 -8.48528 0
    endloop
  endfacet
  facet normal 0.382674 0.923884 -0
    outer loop
      vertex -1.11156 -3.054 0
      vertex -1.37351 -2.9455 3.8
      vertex -1.11156 -3.054 3.8
    endloop
  endfacet
  facet normal 0.382674 0.923884 0
    outer loop
      vertex -1.37351 -2.9455 3.8
      vertex -1.11156 -3.054 0
      vertex -1.37351 -2.9455 0
    endloop
  endfacet
  facet normal -0.0436292 0.999048 0
    outer loop
      vertex 0.283256 -3.23763 0
      vertex 0 -3.25 3.8
      vertex 0.283256 -3.23763 3.8
    endloop
  endfacet
  facet normal -0.0436292 0.999048 0
    outer loop
      vertex 0 -3.25 3.8
      vertex 0.283256 -3.23763 0
      vertex 0 -3.25 0
    endloop
  endfacet
  facet normal -0.382674 -0.923884 0
    outer loop
      vertex 1.11156 3.054 0
      vertex 1.37351 2.9455 3.8
      vertex 1.11156 3.054 3.8
    endloop
  endfacet
  facet normal -0.382674 -0.923884 -0
    outer loop
      vertex 1.37351 2.9455 3.8
      vertex 1.11156 3.054 0
      vertex 1.37351 2.9455 0
    endloop
  endfacet
  facet normal 0.130535 -0.991444 0
    outer loop
      vertex -0.564356 3.20062 0
      vertex -0.283256 3.23763 3.8
      vertex -0.564356 3.20062 3.8
    endloop
  endfacet
  facet normal 0.130535 -0.991444 0
    outer loop
      vertex -0.283256 3.23763 3.8
      vertex -0.564356 3.20062 0
      vertex -0.283256 3.23763 0
    endloop
  endfacet
  facet normal 0.608756 0.793358 -0
    outer loop
      vertex -1.86412 -2.66224 0
      vertex -2.08906 -2.48964 3.8
      vertex -1.86412 -2.66224 3.8
    endloop
  endfacet
  facet normal 0.608756 0.793358 0
    outer loop
      vertex -2.08906 -2.48964 3.8
      vertex -1.86412 -2.66224 0
      vertex -2.08906 -2.48964 0
    endloop
  endfacet
  facet normal 0.0436292 0.999048 -0
    outer loop
      vertex 0 -3.25 0
      vertex -0.283256 -3.23763 3.8
      vertex 0 -3.25 3.8
    endloop
  endfacet
  facet normal 0.0436292 0.999048 0
    outer loop
      vertex -0.283256 -3.23763 3.8
      vertex 0 -3.25 0
      vertex -0.283256 -3.23763 0
    endloop
  endfacet
  facet normal 0.737295 -0.675571 0
    outer loop
      vertex -2.48964 2.08906 3.8
      vertex -2.2981 2.2981 0
      vertex -2.2981 2.2981 3.8
    endloop
  endfacet
  facet normal 0.737295 -0.675571 0
    outer loop
      vertex -2.2981 2.2981 0
      vertex -2.48964 2.08906 3.8
      vertex -2.48964 2.08906 0
    endloop
  endfacet
  facet normal 0.737295 0.675571 0
    outer loop
      vertex -2.2981 -2.2981 3.8
      vertex -2.48964 -2.08906 0
      vertex -2.48964 -2.08906 3.8
    endloop
  endfacet
  facet normal 0.737295 0.675571 0
    outer loop
      vertex -2.48964 -2.08906 0
      vertex -2.2981 -2.2981 3.8
      vertex -2.2981 -2.2981 0
    endloop
  endfacet
  facet normal -0.953713 -0.300718 0
    outer loop
      vertex 3.13926 0.841162 0
      vertex 3.054 1.11156 3.8
      vertex 3.054 1.11156 0
    endloop
  endfacet
  facet normal -0.953713 -0.300718 0
    outer loop
      vertex 3.054 1.11156 3.8
      vertex 3.13926 0.841162 0
      vertex 3.13926 0.841162 3.8
    endloop
  endfacet
  facet normal -0.737295 -0.675571 0
    outer loop
      vertex 2.48964 2.08906 0
      vertex 2.2981 2.2981 3.8
      vertex 2.2981 2.2981 0
    endloop
  endfacet
  facet normal -0.737295 -0.675571 0
    outer loop
      vertex 2.2981 2.2981 3.8
      vertex 2.48964 2.08906 0
      vertex 2.48964 2.08906 3.8
    endloop
  endfacet
  facet normal -0.216418 -0.976301 0
    outer loop
      vertex 0.564356 3.20062 0
      vertex 0.841162 3.13926 3.8
      vertex 0.564356 3.20062 3.8
    endloop
  endfacet
  facet normal -0.216418 -0.976301 -0
    outer loop
      vertex 0.841162 3.13926 3.8
      vertex 0.564356 3.20062 0
      vertex 0.841162 3.13926 0
    endloop
  endfacet
  facet normal -0.991444 -0.130535 0
    outer loop
      vertex 3.23763 0.283256 0
      vertex 3.20062 0.564356 3.8
      vertex 3.20062 0.564356 0
    endloop
  endfacet
  facet normal -0.991444 -0.130535 0
    outer loop
      vertex 3.20062 0.564356 3.8
      vertex 3.23763 0.283256 0
      vertex 3.23763 0.283256 3.8
    endloop
  endfacet
  facet normal 0.843385 -0.537309 0
    outer loop
      vertex -2.81458 1.625 3.8
      vertex -2.66224 1.86412 0
      vertex -2.66224 1.86412 3.8
    endloop
  endfacet
  facet normal 0.843385 -0.537309 0
    outer loop
      vertex -2.66224 1.86412 0
      vertex -2.81458 1.625 3.8
      vertex -2.81458 1.625 0
    endloop
  endfacet
  facet normal -0.999048 -0.0436292 0
    outer loop
      vertex 3.25 0 0
      vertex 3.23763 0.283256 3.8
      vertex 3.23763 0.283256 0
    endloop
  endfacet
  facet normal -0.999048 -0.0436292 0
    outer loop
      vertex 3.23763 0.283256 3.8
      vertex 3.25 0 0
      vertex 3.25 0 3.8
    endloop
  endfacet
  facet normal 0.923884 0.382674 0
    outer loop
      vertex -2.9455 -1.37351 3.8
      vertex -3.054 -1.11156 0
      vertex -3.054 -1.11156 3.8
    endloop
  endfacet
  facet normal 0.923884 0.382674 0
    outer loop
      vertex -3.054 -1.11156 0
      vertex -2.9455 -1.37351 3.8
      vertex -2.9455 -1.37351 0
    endloop
  endfacet
  facet normal -0.537309 0.843385 0
    outer loop
      vertex 1.86412 -2.66224 0
      vertex 1.625 -2.81458 3.8
      vertex 1.86412 -2.66224 3.8
    endloop
  endfacet
  facet normal -0.537309 0.843385 0
    outer loop
      vertex 1.625 -2.81458 3.8
      vertex 1.86412 -2.66224 0
      vertex 1.625 -2.81458 0
    endloop
  endfacet
  facet normal 0.991444 0.130535 0
    outer loop
      vertex -3.20062 -0.564356 3.8
      vertex -3.23763 -0.283256 0
      vertex -3.23763 -0.283256 3.8
    endloop
  endfacet
  facet normal 0.991444 0.130535 0
    outer loop
      vertex -3.23763 -0.283256 0
      vertex -3.20062 -0.564356 3.8
      vertex -3.20062 -0.564356 0
    endloop
  endfacet
  facet normal 0.675571 0.737295 -0
    outer loop
      vertex -2.08906 -2.48964 0
      vertex -2.2981 -2.2981 3.8
      vertex -2.08906 -2.48964 3.8
    endloop
  endfacet
  facet normal 0.675571 0.737295 0
    outer loop
      vertex -2.2981 -2.2981 3.8
      vertex -2.08906 -2.48964 0
      vertex -2.2981 -2.2981 0
    endloop
  endfacet
  facet normal -0.537309 -0.843385 0
    outer loop
      vertex 1.625 2.81458 0
      vertex 1.86412 2.66224 3.8
      vertex 1.625 2.81458 3.8
    endloop
  endfacet
  facet normal -0.537309 -0.843385 -0
    outer loop
      vertex 1.86412 2.66224 3.8
      vertex 1.625 2.81458 0
      vertex 1.86412 2.66224 0
    endloop
  endfacet
  facet normal 0.0436292 -0.999048 0
    outer loop
      vertex -0.283256 3.23763 0
      vertex 0 3.25 3.8
      vertex -0.283256 3.23763 3.8
    endloop
  endfacet
  facet normal 0.0436292 -0.999048 0
    outer loop
      vertex 0 3.25 3.8
      vertex -0.283256 3.23763 0
      vertex 0 3.25 0
    endloop
  endfacet
  facet normal -0.737295 0.675571 0
    outer loop
      vertex 2.2981 -2.2981 0
      vertex 2.48964 -2.08906 3.8
      vertex 2.48964 -2.08906 0
    endloop
  endfacet
  facet normal -0.737295 0.675571 0
    outer loop
      vertex 2.48964 -2.08906 3.8
      vertex 2.2981 -2.2981 0
      vertex 2.2981 -2.2981 3.8
    endloop
  endfacet
  facet normal -0.976301 0.216418 0
    outer loop
      vertex 3.13926 -0.841162 0
      vertex 3.20062 -0.564356 3.8
      vertex 3.20062 -0.564356 0
    endloop
  endfacet
  facet normal -0.976301 0.216418 0
    outer loop
      vertex 3.20062 -0.564356 3.8
      vertex 3.13926 -0.841162 0
      vertex 3.13926 -0.841162 3.8
    endloop
  endfacet
  facet normal 0.887007 -0.461756 0
    outer loop
      vertex -2.9455 1.37351 3.8
      vertex -2.81458 1.625 0
      vertex -2.81458 1.625 3.8
    endloop
  endfacet
  facet normal 0.887007 -0.461756 0
    outer loop
      vertex -2.81458 1.625 0
      vertex -2.9455 1.37351 3.8
      vertex -2.9455 1.37351 0
    endloop
  endfacet
  facet normal 0.999048 -0.0436292 0
    outer loop
      vertex -3.25 0 3.8
      vertex -3.23763 0.283256 0
      vertex -3.23763 0.283256 3.8
    endloop
  endfacet
  facet normal 0.999048 -0.0436292 0
    outer loop
      vertex -3.23763 0.283256 0
      vertex -3.25 0 3.8
      vertex -3.25 0 0
    endloop
  endfacet
  facet normal -0.953713 0.300718 0
    outer loop
      vertex 3.054 -1.11156 0
      vertex 3.13926 -0.841162 3.8
      vertex 3.13926 -0.841162 0
    endloop
  endfacet
  facet normal -0.953713 0.300718 0
    outer loop
      vertex 3.13926 -0.841162 3.8
      vertex 3.054 -1.11156 0
      vertex 3.054 -1.11156 3.8
    endloop
  endfacet
  facet normal -0.793358 0.608756 0
    outer loop
      vertex 2.48964 -2.08906 0
      vertex 2.66224 -1.86412 3.8
      vertex 2.66224 -1.86412 0
    endloop
  endfacet
  facet normal -0.793358 0.608756 0
    outer loop
      vertex 2.66224 -1.86412 3.8
      vertex 2.48964 -2.08906 0
      vertex 2.48964 -2.08906 3.8
    endloop
  endfacet
  facet normal -0.976301 -0.216418 0
    outer loop
      vertex 3.20062 0.564356 0
      vertex 3.13926 0.841162 3.8
      vertex 3.13926 0.841162 0
    endloop
  endfacet
  facet normal -0.976301 -0.216418 0
    outer loop
      vertex 3.13926 0.841162 3.8
      vertex 3.20062 0.564356 0
      vertex 3.20062 0.564356 3.8
    endloop
  endfacet
  facet normal 0.999048 0.0436292 0
    outer loop
      vertex -3.23763 -0.283256 3.8
      vertex -3.25 0 0
      vertex -3.25 0 3.8
    endloop
  endfacet
  facet normal 0.999048 0.0436292 0
    outer loop
      vertex -3.25 0 0
      vertex -3.23763 -0.283256 3.8
      vertex -3.23763 -0.283256 0
    endloop
  endfacet
  facet normal 0.976301 -0.216418 0
    outer loop
      vertex -3.20062 0.564356 3.8
      vertex -3.13926 0.841162 0
      vertex -3.13926 0.841162 3.8
    endloop
  endfacet
  facet normal 0.976301 -0.216418 0
    outer loop
      vertex -3.13926 0.841162 0
      vertex -3.20062 0.564356 3.8
      vertex -3.20062 0.564356 0
    endloop
  endfacet
  facet normal -0.461756 -0.887007 0
    outer loop
      vertex 1.37351 2.9455 0
      vertex 1.625 2.81458 3.8
      vertex 1.37351 2.9455 3.8
    endloop
  endfacet
  facet normal -0.461756 -0.887007 -0
    outer loop
      vertex 1.625 2.81458 3.8
      vertex 1.37351 2.9455 0
      vertex 1.625 2.81458 0
    endloop
  endfacet
  facet normal -0.216418 0.976301 0
    outer loop
      vertex 0.841162 -3.13926 0
      vertex 0.564356 -3.20062 3.8
      vertex 0.841162 -3.13926 3.8
    endloop
  endfacet
  facet normal -0.216418 0.976301 0
    outer loop
      vertex 0.564356 -3.20062 3.8
      vertex 0.841162 -3.13926 0
      vertex 0.564356 -3.20062 0
    endloop
  endfacet
  facet normal 0.216418 -0.976301 0
    outer loop
      vertex -0.841162 3.13926 0
      vertex -0.564356 3.20062 3.8
      vertex -0.841162 3.13926 3.8
    endloop
  endfacet
  facet normal 0.216418 -0.976301 0
    outer loop
      vertex -0.564356 3.20062 3.8
      vertex -0.841162 3.13926 0
      vertex -0.564356 3.20062 0
    endloop
  endfacet
  facet normal 0.382674 -0.923884 0
    outer loop
      vertex -1.37351 2.9455 0
      vertex -1.11156 3.054 3.8
      vertex -1.37351 2.9455 3.8
    endloop
  endfacet
  facet normal 0.382674 -0.923884 0
    outer loop
      vertex -1.11156 3.054 3.8
      vertex -1.37351 2.9455 0
      vertex -1.11156 3.054 0
    endloop
  endfacet
  facet normal 0.793358 0.608756 0
    outer loop
      vertex -2.48964 -2.08906 3.8
      vertex -2.66224 -1.86412 0
      vertex -2.66224 -1.86412 3.8
    endloop
  endfacet
  facet normal 0.793358 0.608756 0
    outer loop
      vertex -2.66224 -1.86412 0
      vertex -2.48964 -2.08906 3.8
      vertex -2.48964 -2.08906 0
    endloop
  endfacet
  facet normal -0.675571 -0.737295 0
    outer loop
      vertex 2.08906 2.48964 0
      vertex 2.2981 2.2981 3.8
      vertex 2.08906 2.48964 3.8
    endloop
  endfacet
  facet normal -0.675571 -0.737295 -0
    outer loop
      vertex 2.2981 2.2981 3.8
      vertex 2.08906 2.48964 0
      vertex 2.2981 2.2981 0
    endloop
  endfacet
  facet normal 0.793358 -0.608756 0
    outer loop
      vertex -2.66224 1.86412 3.8
      vertex -2.48964 2.08906 0
      vertex -2.48964 2.08906 3.8
    endloop
  endfacet
  facet normal 0.793358 -0.608756 0
    outer loop
      vertex -2.48964 2.08906 0
      vertex -2.66224 1.86412 3.8
      vertex -2.66224 1.86412 0
    endloop
  endfacet
  facet normal 0.300718 -0.953713 0
    outer loop
      vertex -1.11156 3.054 0
      vertex -0.841162 3.13926 3.8
      vertex -1.11156 3.054 3.8
    endloop
  endfacet
  facet normal 0.300718 -0.953713 0
    outer loop
      vertex -0.841162 3.13926 3.8
      vertex -1.11156 3.054 0
      vertex -0.841162 3.13926 0
    endloop
  endfacet
  facet normal 0.461756 0.887007 -0
    outer loop
      vertex -1.37351 -2.9455 0
      vertex -1.625 -2.81458 3.8
      vertex -1.37351 -2.9455 3.8
    endloop
  endfacet
  facet normal 0.461756 0.887007 0
    outer loop
      vertex -1.625 -2.81458 3.8
      vertex -1.37351 -2.9455 0
      vertex -1.625 -2.81458 0
    endloop
  endfacet
  facet normal -0.843385 0.537309 0
    outer loop
      vertex 2.66224 -1.86412 0
      vertex 2.81458 -1.625 3.8
      vertex 2.81458 -1.625 0
    endloop
  endfacet
  facet normal -0.843385 0.537309 0
    outer loop
      vertex 2.81458 -1.625 3.8
      vertex 2.66224 -1.86412 0
      vertex 2.66224 -1.86412 3.8
    endloop
  endfacet
  facet normal 0.953713 0.300718 0
    outer loop
      vertex -3.054 -1.11156 3.8
      vertex -3.13926 -0.841162 0
      vertex -3.13926 -0.841162 3.8
    endloop
  endfacet
  facet normal 0.953713 0.300718 0
    outer loop
      vertex -3.13926 -0.841162 0
      vertex -3.054 -1.11156 3.8
      vertex -3.054 -1.11156 0
    endloop
  endfacet
  facet normal 0.130535 0.991444 -0
    outer loop
      vertex -0.283256 -3.23763 0
      vertex -0.564356 -3.20062 3.8
      vertex -0.283256 -3.23763 3.8
    endloop
  endfacet
  facet normal 0.130535 0.991444 0
    outer loop
      vertex -0.564356 -3.20062 3.8
      vertex -0.283256 -3.23763 0
      vertex -0.564356 -3.20062 0
    endloop
  endfacet
  facet normal -0.887007 -0.461756 0
    outer loop
      vertex 2.9455 1.37351 0
      vertex 2.81458 1.625 3.8
      vertex 2.81458 1.625 0
    endloop
  endfacet
  facet normal -0.887007 -0.461756 0
    outer loop
      vertex 2.81458 1.625 3.8
      vertex 2.9455 1.37351 0
      vertex 2.9455 1.37351 3.8
    endloop
  endfacet
  facet normal -0.300718 0.953713 0
    outer loop
      vertex 1.11156 -3.054 0
      vertex 0.841162 -3.13926 3.8
      vertex 1.11156 -3.054 3.8
    endloop
  endfacet
  facet normal -0.300718 0.953713 0
    outer loop
      vertex 0.841162 -3.13926 3.8
      vertex 1.11156 -3.054 0
      vertex 0.841162 -3.13926 0
    endloop
  endfacet
  facet normal -0.608756 -0.793358 0
    outer loop
      vertex 1.86412 2.66224 0
      vertex 2.08906 2.48964 3.8
      vertex 1.86412 2.66224 3.8
    endloop
  endfacet
  facet normal -0.608756 -0.793358 -0
    outer loop
      vertex 2.08906 2.48964 3.8
      vertex 1.86412 2.66224 0
      vertex 2.08906 2.48964 0
    endloop
  endfacet
  facet normal -0.999048 0.0436292 0
    outer loop
      vertex 3.23763 -0.283256 0
      vertex 3.25 0 3.8
      vertex 3.25 0 0
    endloop
  endfacet
  facet normal -0.999048 0.0436292 0
    outer loop
      vertex 3.25 0 3.8
      vertex 3.23763 -0.283256 0
      vertex 3.23763 -0.283256 3.8
    endloop
  endfacet
  facet normal -0.130535 -0.991444 0
    outer loop
      vertex 0.283256 3.23763 0
      vertex 0.564356 3.20062 3.8
      vertex 0.283256 3.23763 3.8
    endloop
  endfacet
  facet normal -0.130535 -0.991444 -0
    outer loop
      vertex 0.564356 3.20062 3.8
      vertex 0.283256 3.23763 0
      vertex 0.564356 3.20062 0
    endloop
  endfacet
  facet normal -0.130535 0.991444 0
    outer loop
      vertex 0.564356 -3.20062 0
      vertex 0.283256 -3.23763 3.8
      vertex 0.564356 -3.20062 3.8
    endloop
  endfacet
  facet normal -0.130535 0.991444 0
    outer loop
      vertex 0.283256 -3.23763 3.8
      vertex 0.564356 -3.20062 0
      vertex 0.283256 -3.23763 0
    endloop
  endfacet
  facet normal -0.0436292 -0.999048 0
    outer loop
      vertex 0 3.25 0
      vertex 0.283256 3.23763 3.8
      vertex 0 3.25 3.8
    endloop
  endfacet
  facet normal -0.0436292 -0.999048 -0
    outer loop
      vertex 0.283256 3.23763 3.8
      vertex 0 3.25 0
      vertex 0.283256 3.23763 0
    endloop
  endfacet
  facet normal -0.923884 -0.382674 0
    outer loop
      vertex 3.054 1.11156 0
      vertex 2.9455 1.37351 3.8
      vertex 2.9455 1.37351 0
    endloop
  endfacet
  facet normal -0.923884 -0.382674 0
    outer loop
      vertex 2.9455 1.37351 3.8
      vertex 3.054 1.11156 0
      vertex 3.054 1.11156 3.8
    endloop
  endfacet
  facet normal -0.843385 -0.537309 0
    outer loop
      vertex 2.81458 1.625 0
      vertex 2.66224 1.86412 3.8
      vertex 2.66224 1.86412 0
    endloop
  endfacet
  facet normal -0.843385 -0.537309 0
    outer loop
      vertex 2.66224 1.86412 3.8
      vertex 2.81458 1.625 0
      vertex 2.81458 1.625 3.8
    endloop
  endfacet
  facet normal 0.675571 -0.737295 0
    outer loop
      vertex -2.2981 2.2981 0
      vertex -2.08906 2.48964 3.8
      vertex -2.2981 2.2981 3.8
    endloop
  endfacet
  facet normal 0.675571 -0.737295 0
    outer loop
      vertex -2.08906 2.48964 3.8
      vertex -2.2981 2.2981 0
      vertex -2.08906 2.48964 0
    endloop
  endfacet
  facet normal 0.608756 -0.793358 0
    outer loop
      vertex -2.08906 2.48964 0
      vertex -1.86412 2.66224 3.8
      vertex -2.08906 2.48964 3.8
    endloop
  endfacet
  facet normal 0.608756 -0.793358 0
    outer loop
      vertex -1.86412 2.66224 3.8
      vertex -2.08906 2.48964 0
      vertex -1.86412 2.66224 0
    endloop
  endfacet
  facet normal 0.976301 0.216418 0
    outer loop
      vertex -3.13926 -0.841162 3.8
      vertex -3.20062 -0.564356 0
      vertex -3.20062 -0.564356 3.8
    endloop
  endfacet
  facet normal 0.976301 0.216418 0
    outer loop
      vertex -3.20062 -0.564356 0
      vertex -3.13926 -0.841162 3.8
      vertex -3.13926 -0.841162 0
    endloop
  endfacet
  facet normal -0.793358 -0.608756 0
    outer loop
      vertex 2.66224 1.86412 0
      vertex 2.48964 2.08906 3.8
      vertex 2.48964 2.08906 0
    endloop
  endfacet
  facet normal -0.793358 -0.608756 0
    outer loop
      vertex 2.48964 2.08906 3.8
      vertex 2.66224 1.86412 0
      vertex 2.66224 1.86412 3.8
    endloop
  endfacet
  facet normal 0.537309 0.843385 -0
    outer loop
      vertex -1.625 -2.81458 0
      vertex -1.86412 -2.66224 3.8
      vertex -1.625 -2.81458 3.8
    endloop
  endfacet
  facet normal 0.537309 0.843385 0
    outer loop
      vertex -1.86412 -2.66224 3.8
      vertex -1.625 -2.81458 0
      vertex -1.86412 -2.66224 0
    endloop
  endfacet
  facet normal -0.300718 -0.953713 0
    outer loop
      vertex 0.841162 3.13926 0
      vertex 1.11156 3.054 3.8
      vertex 0.841162 3.13926 3.8
    endloop
  endfacet
  facet normal -0.300718 -0.953713 -0
    outer loop
      vertex 1.11156 3.054 3.8
      vertex 0.841162 3.13926 0
      vertex 1.11156 3.054 0
    endloop
  endfacet
  facet normal -0.382674 0.923884 0
    outer loop
      vertex 1.37351 -2.9455 0
      vertex 1.11156 -3.054 3.8
      vertex 1.37351 -2.9455 3.8
    endloop
  endfacet
  facet normal -0.382674 0.923884 0
    outer loop
      vertex 1.11156 -3.054 3.8
      vertex 1.37351 -2.9455 0
      vertex 1.11156 -3.054 0
    endloop
  endfacet
  facet normal 0.923884 -0.382674 0
    outer loop
      vertex -3.054 1.11156 3.8
      vertex -2.9455 1.37351 0
      vertex -2.9455 1.37351 3.8
    endloop
  endfacet
  facet normal 0.923884 -0.382674 0
    outer loop
      vertex -2.9455 1.37351 0
      vertex -3.054 1.11156 3.8
      vertex -3.054 1.11156 0
    endloop
  endfacet
  facet normal -0.608756 0.793358 0
    outer loop
      vertex 2.08906 -2.48964 0
      vertex 1.86412 -2.66224 3.8
      vertex 2.08906 -2.48964 3.8
    endloop
  endfacet
  facet normal -0.608756 0.793358 0
    outer loop
      vertex 1.86412 -2.66224 3.8
      vertex 2.08906 -2.48964 0
      vertex 1.86412 -2.66224 0
    endloop
  endfacet
  facet normal -0.461756 0.887007 0
    outer loop
      vertex 1.625 -2.81458 0
      vertex 1.37351 -2.9455 3.8
      vertex 1.625 -2.81458 3.8
    endloop
  endfacet
  facet normal -0.461756 0.887007 0
    outer loop
      vertex 1.37351 -2.9455 3.8
      vertex 1.625 -2.81458 0
      vertex 1.37351 -2.9455 0
    endloop
  endfacet
  facet normal 0.953713 -0.300718 0
    outer loop
      vertex -3.13926 0.841162 3.8
      vertex -3.054 1.11156 0
      vertex -3.054 1.11156 3.8
    endloop
  endfacet
  facet normal 0.953713 -0.300718 0
    outer loop
      vertex -3.054 1.11156 0
      vertex -3.13926 0.841162 3.8
      vertex -3.13926 0.841162 0
    endloop
  endfacet
  facet normal 0.537309 -0.843385 0
    outer loop
      vertex -1.86412 2.66224 0
      vertex -1.625 2.81458 3.8
      vertex -1.86412 2.66224 3.8
    endloop
  endfacet
  facet normal 0.537309 -0.843385 0
    outer loop
      vertex -1.625 2.81458 3.8
      vertex -1.86412 2.66224 0
      vertex -1.625 2.81458 0
    endloop
  endfacet
  facet normal 0.991444 -0.130535 0
    outer loop
      vertex -3.23763 0.283256 3.8
      vertex -3.20062 0.564356 0
      vertex -3.20062 0.564356 3.8
    endloop
  endfacet
  facet normal 0.991444 -0.130535 0
    outer loop
      vertex -3.20062 0.564356 0
      vertex -3.23763 0.283256 3.8
      vertex -3.23763 0.283256 0
    endloop
  endfacet
  facet normal 0.461756 -0.887007 0
    outer loop
      vertex -1.625 2.81458 0
      vertex -1.37351 2.9455 3.8
      vertex -1.625 2.81458 3.8
    endloop
  endfacet
  facet normal 0.461756 -0.887007 0
    outer loop
      vertex -1.37351 2.9455 3.8
      vertex -1.625 2.81458 0
      vertex -1.37351 2.9455 0
    endloop
  endfacet
  facet normal 0.843385 0.537309 0
    outer loop
      vertex -2.66224 -1.86412 3.8
      vertex -2.81458 -1.625 0
      vertex -2.81458 -1.625 3.8
    endloop
  endfacet
  facet normal 0.843385 0.537309 0
    outer loop
      vertex -2.81458 -1.625 0
      vertex -2.66224 -1.86412 3.8
      vertex -2.66224 -1.86412 0
    endloop
  endfacet
  facet normal 0.300718 0.953713 -0
    outer loop
      vertex -0.841162 -3.13926 0
      vertex -1.11156 -3.054 3.8
      vertex -0.841162 -3.13926 3.8
    endloop
  endfacet
  facet normal 0.300718 0.953713 0
    outer loop
      vertex -1.11156 -3.054 3.8
      vertex -0.841162 -3.13926 0
      vertex -1.11156 -3.054 0
    endloop
  endfacet
  facet normal 0.216418 0.976301 -0
    outer loop
      vertex -0.564356 -3.20062 0
      vertex -0.841162 -3.13926 3.8
      vertex -0.564356 -3.20062 3.8
    endloop
  endfacet
  facet normal 0.216418 0.976301 0
    outer loop
      vertex -0.841162 -3.13926 3.8
      vertex -0.564356 -3.20062 0
      vertex -0.841162 -3.13926 0
    endloop
  endfacet
  facet normal -0.675571 0.737295 0
    outer loop
      vertex 2.2981 -2.2981 0
      vertex 2.08906 -2.48964 3.8
      vertex 2.2981 -2.2981 3.8
    endloop
  endfacet
  facet normal -0.675571 0.737295 0
    outer loop
      vertex 2.08906 -2.48964 3.8
      vertex 2.2981 -2.2981 0
      vertex 2.08906 -2.48964 0
    endloop
  endfacet
  facet normal -0.991444 0.130535 0
    outer loop
      vertex 3.20062 -0.564356 0
      vertex 3.23763 -0.283256 3.8
      vertex 3.23763 -0.283256 0
    endloop
  endfacet
  facet normal -0.991444 0.130535 0
    outer loop
      vertex 3.23763 -0.283256 3.8
      vertex 3.20062 -0.564356 0
      vertex 3.20062 -0.564356 3.8
    endloop
  endfacet
  facet normal -0.887007 0.461756 0
    outer loop
      vertex 2.81458 -1.625 0
      vertex 2.9455 -1.37351 3.8
      vertex 2.9455 -1.37351 0
    endloop
  endfacet
  facet normal -0.887007 0.461756 0
    outer loop
      vertex 2.9455 -1.37351 3.8
      vertex 2.81458 -1.625 0
      vertex 2.81458 -1.625 3.8
    endloop
  endfacet
  facet normal -0.923884 0.382674 0
    outer loop
      vertex 2.9455 -1.37351 0
      vertex 3.054 -1.11156 3.8
      vertex 3.054 -1.11156 0
    endloop
  endfacet
  facet normal -0.923884 0.382674 0
    outer loop
      vertex 3.054 -1.11156 3.8
      vertex 2.9455 -1.37351 0
      vertex 2.9455 -1.37351 3.8
    endloop
  endfacet
  facet normal 0.887007 0.461756 0
    outer loop
      vertex -2.81458 -1.625 3.8
      vertex -2.9455 -1.37351 0
      vertex -2.9455 -1.37351 3.8
    endloop
  endfacet
  facet normal 0.887007 0.461756 0
    outer loop
      vertex -2.9455 -1.37351 0
      vertex -2.81458 -1.625 3.8
      vertex -2.81458 -1.625 0
    endloop
  endfacet
  facet normal 0 1 -0
    outer loop
      vertex 2.94449 -5.1 3.8
      vertex -2.94449 -5.1 9
      vertex 2.94449 -5.1 9
    endloop
  endfacet
  facet normal 0 1 0
    outer loop
      vertex -2.94449 -5.1 9
      vertex 2.94449 -5.1 3.8
      vertex -2.94449 -5.1 3.8
    endloop
  endfacet
  facet normal -0.866026 0.499999 0
    outer loop
      vertex 2.94449 -5.1 3.8
      vertex 5.88897 0 9
      vertex 5.88897 0 3.8
    endloop
  endfacet
  facet normal -0.866026 0.499999 0
    outer loop
      vertex 5.88897 0 9
      vertex 2.94449 -5.1 3.8
      vertex 2.94449 -5.1 9
    endloop
  endfacet
  facet normal 0 -1 0
    outer loop
      vertex -2.94449 5.1 3.8
      vertex 2.94449 5.1 9
      vertex -2.94449 5.1 9
    endloop
  endfacet
  facet normal 0 -1 -0
    outer loop
      vertex 2.94449 5.1 9
      vertex -2.94449 5.1 3.8
      vertex 2.94449 5.1 3.8
    endloop
  endfacet
  facet normal -0.866026 -0.499999 0
    outer loop
      vertex 5.88897 0 3.8
      vertex 2.94449 5.1 9
      vertex 2.94449 5.1 3.8
    endloop
  endfacet
  facet normal -0.866026 -0.499999 0
    outer loop
      vertex 2.94449 5.1 9
      vertex 5.88897 0 3.8
      vertex 5.88897 0 9
    endloop
  endfacet
  facet normal 0.866026 -0.499999 0
    outer loop
      vertex -5.88897 0 9
      vertex -2.94449 5.1 3.8
      vertex -2.94449 5.1 9
    endloop
  endfacet
  facet normal 0.866026 -0.499999 0
    outer loop
      vertex -2.94449 5.1 3.8
      vertex -5.88897 0 9
      vertex -5.88897 0 3.8
    endloop
  endfacet
  facet normal 0.866026 0.499999 0
    outer loop
      vertex -2.94449 -5.1 9
      vertex -5.88897 0 3.8
      vertex -5.88897 0 9
    endloop
  endfacet
  facet normal 0.866026 0.499999 0
    outer loop
      vertex -5.88897 0 3.8
      vertex -2.94449 -5.1 9
      vertex -2.94449 -5.1 3.8
    endloop
  endfacet
  facet normal 0 0 1
    outer loop
      vertex 5.88897 0 3.8
      vertex 3.23763 0.283256 3.8
      vertex 3.25 0 3.8
    endloop
  endfacet
  facet normal 0 0 1
    outer loop
      vertex 5.88897 0 3.8
      vertex 3.20062 0.564356 3.8
      vertex 3.23763 0.283256 3.8
    endloop
  endfacet
  facet normal 0 0 1
    outer loop
      vertex 5.88897 0 3.8
      vertex 3.13926 0.841162 3.8
      vertex 3.20062 0.564356 3.8
    endloop
  endfacet
  facet normal 0 0 1
    outer loop
      vertex 5.88897 0 3.8
      vertex 3.054 1.11156 3.8
      vertex 3.13926 0.841162 3.8
    endloop
  endfacet
  facet normal 0 0 1
    outer loop
      vertex 5.88897 0 3.8
      vertex 2.9455 1.37351 3.8
      vertex 3.054 1.11156 3.8
    endloop
  endfacet
  facet normal -0 0 1
    outer loop
      vertex 2.81458 1.625 3.8
      vertex 5.88897 0 3.8
      vertex 2.94449 5.1 3.8
    endloop
  endfacet
  facet normal 0 0 1
    outer loop
      vertex 5.88897 0 3.8
      vertex 2.81458 1.625 3.8
      vertex 2.9455 1.37351 3.8
    endloop
  endfacet
  facet normal 0 0 1
    outer loop
      vertex 2.94449 5.1 3.8
      vertex 2.66224 1.86412 3.8
      vertex 2.81458 1.625 3.8
    endloop
  endfacet
  facet normal 0 0 1
    outer loop
      vertex 2.94449 5.1 3.8
      vertex 2.48964 2.08906 3.8
      vertex 2.66224 1.86412 3.8
    endloop
  endfacet
  facet normal 0 0 1
    outer loop
      vertex 2.94449 5.1 3.8
      vertex 2.2981 2.2981 3.8
      vertex 2.48964 2.08906 3.8
    endloop
  endfacet
  facet normal 0 0 1
    outer loop
      vertex 2.94449 5.1 3.8
      vertex 2.08906 2.48964 3.8
      vertex 2.2981 2.2981 3.8
    endloop
  endfacet
  facet normal 0 0 1
    outer loop
      vertex 2.94449 5.1 3.8
      vertex 1.86412 2.66224 3.8
      vertex 2.08906 2.48964 3.8
    endloop
  endfacet
  facet normal 0 0 1
    outer loop
      vertex 2.94449 5.1 3.8
      vertex 1.625 2.81458 3.8
      vertex 1.86412 2.66224 3.8
    endloop
  endfacet
  facet normal 0 0 1
    outer loop
      vertex 2.94449 5.1 3.8
      vertex 1.37351 2.9455 3.8
      vertex 1.625 2.81458 3.8
    endloop
  endfacet
  facet normal 0 0 1
    outer loop
      vertex 2.94449 5.1 3.8
      vertex 1.11156 3.054 3.8
      vertex 1.37351 2.9455 3.8
    endloop
  endfacet
  facet normal 0 0 1
    outer loop
      vertex 2.94449 5.1 3.8
      vertex 0.841162 3.13926 3.8
      vertex 1.11156 3.054 3.8
    endloop
  endfacet
  facet normal 0 0 1
    outer loop
      vertex 2.94449 5.1 3.8
      vertex 0.564356 3.20062 3.8
      vertex 0.841162 3.13926 3.8
    endloop
  endfacet
  facet normal 0 0 1
    outer loop
      vertex 2.94449 5.1 3.8
      vertex 0.283256 3.23763 3.8
      vertex 0.564356 3.20062 3.8
    endloop
  endfacet
  facet normal 0 0 1
    outer loop
      vertex 2.94449 5.1 3.8
      vertex 0 3.25 3.8
      vertex 0.283256 3.23763 3.8
    endloop
  endfacet
  facet normal -0 0 1
    outer loop
      vertex -2.94449 5.1 3.8
      vertex 0 3.25 3.8
      vertex 2.94449 5.1 3.8
    endloop
  endfacet
  facet normal 0 0 1
    outer loop
      vertex 0 3.25 3.8
      vertex -2.94449 5.1 3.8
      vertex -0.283256 3.23763 3.8
    endloop
  endfacet
  facet normal 0 0 1
    outer loop
      vertex -0.283256 3.23763 3.8
      vertex -2.94449 5.1 3.8
      vertex -0.564356 3.20062 3.8
    endloop
  endfacet
  facet normal 0 0 1
    outer loop
      vertex -0.564356 3.20062 3.8
      vertex -2.94449 5.1 3.8
      vertex -0.841162 3.13926 3.8
    endloop
  endfacet
  facet normal 0 0 1
    outer loop
      vertex -0.841162 3.13926 3.8
      vertex -2.94449 5.1 3.8
      vertex -1.11156 3.054 3.8
    endloop
  endfacet
  facet normal 0 0 1
    outer loop
      vertex -1.11156 3.054 3.8
      vertex -2.94449 5.1 3.8
      vertex -1.37351 2.9455 3.8
    endloop
  endfacet
  facet normal 0 0 1
    outer loop
      vertex -2.94449 5.1 3.8
      vertex -1.625 2.81458 3.8
      vertex -1.37351 2.9455 3.8
    endloop
  endfacet
  facet normal 0 0 1
    outer loop
      vertex -2.94449 5.1 3.8
      vertex -1.86412 2.66224 3.8
      vertex -1.625 2.81458 3.8
    endloop
  endfacet
  facet normal 0 0 1
    outer loop
      vertex -2.94449 5.1 3.8
      vertex -2.08906 2.48964 3.8
      vertex -1.86412 2.66224 3.8
    endloop
  endfacet
  facet normal 0 0 1
    outer loop
      vertex -2.94449 5.1 3.8
      vertex -2.2981 2.2981 3.8
      vertex -2.08906 2.48964 3.8
    endloop
  endfacet
  facet normal 0 0 1
    outer loop
      vertex -2.94449 5.1 3.8
      vertex -2.48964 2.08906 3.8
      vertex -2.2981 2.2981 3.8
    endloop
  endfacet
  facet normal 0 0 1
    outer loop
      vertex -2.94449 5.1 3.8
      vertex -2.66224 1.86412 3.8
      vertex -2.48964 2.08906 3.8
    endloop
  endfacet
  facet normal 0 0 1
    outer loop
      vertex -2.94449 5.1 3.8
      vertex -2.81458 1.625 3.8
      vertex -2.66224 1.86412 3.8
    endloop
  endfacet
  facet normal 0 0 1
    outer loop
      vertex -5.88897 0 3.8
      vertex -2.81458 1.625 3.8
      vertex -2.94449 5.1 3.8
    endloop
  endfacet
  facet normal 0 0 1
    outer loop
      vertex -2.81458 1.625 3.8
      vertex -5.88897 0 3.8
      vertex -2.9455 1.37351 3.8
    endloop
  endfacet
  facet normal 0 0 1
    outer loop
      vertex -2.9455 1.37351 3.8
      vertex -5.88897 0 3.8
      vertex -3.054 1.11156 3.8
    endloop
  endfacet
  facet normal 0 0 1
    outer loop
      vertex -3.054 1.11156 3.8
      vertex -5.88897 0 3.8
      vertex -3.13926 0.841162 3.8
    endloop
  endfacet
  facet normal 0 0 1
    outer loop
      vertex -3.13926 0.841162 3.8
      vertex -5.88897 0 3.8
      vertex -3.20062 0.564356 3.8
    endloop
  endfacet
  facet normal 0 0 1
    outer loop
      vertex -3.23763 0.283256 3.8
      vertex -5.88897 0 3.8
      vertex -3.25 0 3.8
    endloop
  endfacet
  facet normal 0 0 1
    outer loop
      vertex -3.20062 0.564356 3.8
      vertex -5.88897 0 3.8
      vertex -3.23763 0.283256 3.8
    endloop
  endfacet
  facet normal 0 0 1
    outer loop
      vertex 3.23763 -0.283256 3.8
      vertex 5.88897 0 3.8
      vertex 3.25 0 3.8
    endloop
  endfacet
  facet normal 0 0 1
    outer loop
      vertex 3.20062 -0.564356 3.8
      vertex 5.88897 0 3.8
      vertex 3.23763 -0.283256 3.8
    endloop
  endfacet
  facet normal 0 0 1
    outer loop
      vertex 3.13926 -0.841162 3.8
      vertex 5.88897 0 3.8
      vertex 3.20062 -0.564356 3.8
    endloop
  endfacet
  facet normal 0 0 1
    outer loop
      vertex 3.054 -1.11156 3.8
      vertex 5.88897 0 3.8
      vertex 3.13926 -0.841162 3.8
    endloop
  endfacet
  facet normal 0 0 1
    outer loop
      vertex 2.9455 -1.37351 3.8
      vertex 5.88897 0 3.8
      vertex 3.054 -1.11156 3.8
    endloop
  endfacet
  facet normal 0 0 1
    outer loop
      vertex 2.81458 -1.625 3.8
      vertex 5.88897 0 3.8
      vertex 2.9455 -1.37351 3.8
    endloop
  endfacet
  facet normal 0 0 1
    outer loop
      vertex 5.88897 0 3.8
      vertex 2.81458 -1.625 3.8
      vertex 2.94449 -5.1 3.8
    endloop
  endfacet
  facet normal -0 0 1
    outer loop
      vertex 2.66224 -1.86412 3.8
      vertex 2.94449 -5.1 3.8
      vertex 2.81458 -1.625 3.8
    endloop
  endfacet
  facet normal -0 0 1
    outer loop
      vertex 2.48964 -2.08906 3.8
      vertex 2.94449 -5.1 3.8
      vertex 2.66224 -1.86412 3.8
    endloop
  endfacet
  facet normal -0 0 1
    outer loop
      vertex 2.2981 -2.2981 3.8
      vertex 2.94449 -5.1 3.8
      vertex 2.48964 -2.08906 3.8
    endloop
  endfacet
  facet normal -0 0 1
    outer loop
      vertex 2.08906 -2.48964 3.8
      vertex 2.94449 -5.1 3.8
      vertex 2.2981 -2.2981 3.8
    endloop
  endfacet
  facet normal -0 0 1
    outer loop
      vertex 1.86412 -2.66224 3.8
      vertex 2.94449 -5.1 3.8
      vertex 2.08906 -2.48964 3.8
    endloop
  endfacet
  facet normal -0 0 1
    outer loop
      vertex 1.625 -2.81458 3.8
      vertex 2.94449 -5.1 3.8
      vertex 1.86412 -2.66224 3.8
    endloop
  endfacet
  facet normal -0 0 1
    outer loop
      vertex 1.37351 -2.9455 3.8
      vertex 2.94449 -5.1 3.8
      vertex 1.625 -2.81458 3.8
    endloop
  endfacet
  facet normal -0 0 1
    outer loop
      vertex 1.11156 -3.054 3.8
      vertex 2.94449 -5.1 3.8
      vertex 1.37351 -2.9455 3.8
    endloop
  endfacet
  facet normal -0 0 1
    outer loop
      vertex 0.841162 -3.13926 3.8
      vertex 2.94449 -5.1 3.8
      vertex 1.11156 -3.054 3.8
    endloop
  endfacet
  facet normal -0 0 1
    outer loop
      vertex 0.564356 -3.20062 3.8
      vertex 2.94449 -5.1 3.8
      vertex 0.841162 -3.13926 3.8
    endloop
  endfacet
  facet normal -0 0 1
    outer loop
      vertex 0.283256 -3.23763 3.8
      vertex 2.94449 -5.1 3.8
      vertex 0.564356 -3.20062 3.8
    endloop
  endfacet
  facet normal -0 0 1
    outer loop
      vertex 0 -3.25 3.8
      vertex 2.94449 -5.1 3.8
      vertex 0.283256 -3.23763 3.8
    endloop
  endfacet
  facet normal 0 0 1
    outer loop
      vertex -2.94449 -5.1 3.8
      vertex 0 -3.25 3.8
      vertex -0.283256 -3.23763 3.8
    endloop
  endfacet
  facet normal 0 0 1
    outer loop
      vertex -2.94449 -5.1 3.8
      vertex -0.283256 -3.23763 3.8
      vertex -0.564356 -3.20062 3.8
    endloop
  endfacet
  facet normal 0 0 1
    outer loop
      vertex -2.94449 -5.1 3.8
      vertex -0.564356 -3.20062 3.8
      vertex -0.841162 -3.13926 3.8
    endloop
  endfacet
  facet normal 0 0 1
    outer loop
      vertex -2.94449 -5.1 3.8
      vertex -0.841162 -3.13926 3.8
      vertex -1.11156 -3.054 3.8
    endloop
  endfacet
  facet normal 0 0 1
    outer loop
      vertex -2.94449 -5.1 3.8
      vertex -1.11156 -3.054 3.8
      vertex -1.37351 -2.9455 3.8
    endloop
  endfacet
  facet normal 0 0 1
    outer loop
      vertex 0 -3.25 3.8
      vertex -2.94449 -5.1 3.8
      vertex 2.94449 -5.1 3.8
    endloop
  endfacet
  facet normal 0 0 1
    outer loop
      vertex -1.625 -2.81458 3.8
      vertex -2.94449 -5.1 3.8
      vertex -1.37351 -2.9455 3.8
    endloop
  endfacet
  facet normal 0 0 1
    outer loop
      vertex -1.86412 -2.66224 3.8
      vertex -2.94449 -5.1 3.8
      vertex -1.625 -2.81458 3.8
    endloop
  endfacet
  facet normal 0 0 1
    outer loop
      vertex -2.08906 -2.48964 3.8
      vertex -2.94449 -5.1 3.8
      vertex -1.86412 -2.66224 3.8
    endloop
  endfacet
  facet normal 0 0 1
    outer loop
      vertex -2.2981 -2.2981 3.8
      vertex -2.94449 -5.1 3.8
      vertex -2.08906 -2.48964 3.8
    endloop
  endfacet
  facet normal 0 0 1
    outer loop
      vertex -2.48964 -2.08906 3.8
      vertex -2.94449 -5.1 3.8
      vertex -2.2981 -2.2981 3.8
    endloop
  endfacet
  facet normal 0 0 1
    outer loop
      vertex -2.66224 -1.86412 3.8
      vertex -2.94449 -5.1 3.8
      vertex -2.48964 -2.08906 3.8
    endloop
  endfacet
  facet normal 0 0 1
    outer loop
      vertex -2.81458 -1.625 3.8
      vertex -2.94449 -5.1 3.8
      vertex -2.66224 -1.86412 3.8
    endloop
  endfacet
  facet normal 0 0 1
    outer loop
      vertex -5.88897 0 3.8
      vertex -2.81458 -1.625 3.8
      vertex -2.9455 -1.37351 3.8
    endloop
  endfacet
  facet normal 0 0 1
    outer loop
      vertex -5.88897 0 3.8
      vertex -2.9455 -1.37351 3.8
      vertex -3.054 -1.11156 3.8
    endloop
  endfacet
  facet normal 0 0 1
    outer loop
      vertex -5.88897 0 3.8
      vertex -3.054 -1.11156 3.8
      vertex -3.13926 -0.841162 3.8
    endloop
  endfacet
  facet normal 0 0 1
    outer loop
      vertex -5.88897 0 3.8
      vertex -3.13926 -0.841162 3.8
      vertex -3.20062 -0.564356 3.8
    endloop
  endfacet
  facet normal 0 0 1
    outer loop
      vertex -5.88897 0 3.8
      vertex -3.20062 -0.564356 3.8
      vertex -3.23763 -0.283256 3.8
    endloop
  endfacet
  facet normal 0 0 1
    outer loop
      vertex -2.81458 -1.625 3.8
      vertex -5.88897 0 3.8
      vertex -2.94449 -5.1 3.8
    endloop
  endfacet
  facet normal -0 0 1
    outer loop
      vertex -5.88897 0 3.8
      vertex -3.23763 -0.283256 3.8
      vertex -3.25 0 3.8
    endloop
  endfacet
endsolid OpenSCAD_Model
