solid OpenSCAD_Model
  facet normal -1 0 0
    outer loop
      vertex -57.0532 -57.0532 -84
      vertex -57.0532 -63.0532 -84
      vertex -57.0532 -57.0532 -77.984
    endloop
  endfacet
  facet normal -1 0 0
    outer loop
      vertex -57.0532 -17.0632 -14
      vertex -57.0532 57.0532 -8
      vertex -57.0532 57.0532 -14
    endloop
  endfacet
  facet normal -1 0 0
    outer loop
      vertex -57.0532 -63.0532 -8
      vertex -57.0532 -57.0532 -77.984
      vertex -57.0532 -63.0532 -84
    endloop
  endfacet
  facet normal -1 0 0
    outer loop
      vertex -57.0532 -17.0632 -14
      vertex -57.0532 -63.0532 -8
      vertex -57.0532 57.0532 -8
    endloop
  endfacet
  facet normal -1 0 0
    outer loop
      vertex -57.0532 -57.0532 -77.984
      vertex -57.0532 -63.0532 -8
      vertex -57.0532 -17.0632 -14
    endloop
  endfacet
  facet normal 0 0.847998 -0.529999
    outer loop
      vertex -51.0532 -57.0532 -77.984
      vertex -57.0532 -17.0632 -14
      vertex -51.0532 -17.0632 -14
    endloop
  endfacet
  facet normal 0 0.847998 -0.529999
    outer loop
      vertex -57.0532 -17.0632 -14
      vertex -51.0532 -57.0532 -77.984
      vertex -57.0532 -57.0532 -77.984
    endloop
  endfacet
  facet normal 1 -0 0
    outer loop
      vertex -51.0532 -57.0532 -14
      vertex -51.0532 -57.0532 -77.984
      vertex -51.0532 -17.0632 -14
    endloop
  endfacet
  facet normal 0 0 -1
    outer loop
      vertex -11.4865 -12.31 -14
      vertex 11.4865 -12.31 -14
      vertex -11.3958 -12.4841 -14
    endloop
  endfacet
  facet normal 0 0 -1
    outer loop
      vertex 11.844 11.844 -14
      vertex -11.1936 13.2389 -14
      vertex -11.185 13.435 -14
    endloop
  endfacet
  facet normal 0 0 -1
    outer loop
      vertex 11.4865 -12.31 -14
      vertex -11.4865 -12.31 -14
      vertex 11.5919 -12.1445 -14
    endloop
  endfacet
  facet normal 0 0 -1
    outer loop
      vertex 11.844 11.844 -14
      vertex -11.2192 13.0443 -14
      vertex -11.1936 13.2389 -14
    endloop
  endfacet
  facet normal 0 0 -1
    outer loop
      vertex -11.5919 -12.1445 -14
      vertex 11.5919 -12.1445 -14
      vertex -11.4865 -12.31 -14
    endloop
  endfacet
  facet normal 0 0 -1
    outer loop
      vertex 11.844 11.844 -14
      vertex -11.2617 12.8527 -14
      vertex -11.2192 13.0443 -14
    endloop
  endfacet
  facet normal 0 0 -1
    outer loop
      vertex 11.5919 -12.1445 -14
      vertex -11.5919 -12.1445 -14
      vertex 11.7114 -11.9888 -14
    endloop
  endfacet
  facet normal 0 0 -1
    outer loop
      vertex 11.844 11.844 -14
      vertex -11.3207 12.6655 -14
      vertex -11.2617 12.8527 -14
    endloop
  endfacet
  facet normal 0 0 -1
    outer loop
      vertex -11.7114 -11.9888 -14
      vertex 11.7114 -11.9888 -14
      vertex -11.5919 -12.1445 -14
    endloop
  endfacet
  facet normal 0 0 -1
    outer loop
      vertex 11.844 11.844 -14
      vertex -11.3958 12.4841 -14
      vertex -11.3207 12.6655 -14
    endloop
  endfacet
  facet normal 0 0 -1
    outer loop
      vertex 11.7114 -11.9888 -14
      vertex -11.7114 -11.9888 -14
      vertex 11.844 -11.844 -14
    endloop
  endfacet
  facet normal 0 0 -1
    outer loop
      vertex 11.844 11.844 -14
      vertex -11.4865 12.31 -14
      vertex -11.3958 12.4841 -14
    endloop
  endfacet
  facet normal 0 0 -1
    outer loop
      vertex -11.844 -11.844 -14
      vertex 11.844 -11.844 -14
      vertex -11.7114 -11.9888 -14
    endloop
  endfacet
  facet normal 0 0 -1
    outer loop
      vertex 11.844 11.844 -14
      vertex -11.5919 12.1445 -14
      vertex -11.4865 12.31 -14
    endloop
  endfacet
  facet normal 0 0 -1
    outer loop
      vertex 11.844 -11.844 -14
      vertex -11.844 -11.844 -14
      vertex 11.844 11.844 -14
    endloop
  endfacet
  facet normal 0 0 -1
    outer loop
      vertex 11.844 11.844 -14
      vertex -11.7114 11.9888 -14
      vertex -11.5919 12.1445 -14
    endloop
  endfacet
  facet normal 0 0 -1
    outer loop
      vertex -11.844 11.844 -14
      vertex 11.844 11.844 -14
      vertex -11.844 -11.844 -14
    endloop
  endfacet
  facet normal 0 0 -1
    outer loop
      vertex 11.844 11.844 -14
      vertex -11.844 11.844 -14
      vertex -11.7114 11.9888 -14
    endloop
  endfacet
  facet normal 0 0 -1
    outer loop
      vertex -11.9888 -11.7114 -14
      vertex -11.844 11.844 -14
      vertex -11.844 -11.844 -14
    endloop
  endfacet
  facet normal 0 0 -1
    outer loop
      vertex -11.9888 -11.7114 -14
      vertex -11.9888 11.7114 -14
      vertex -11.844 11.844 -14
    endloop
  endfacet
  facet normal 0 0 -1
    outer loop
      vertex -12.1445 -11.5919 -14
      vertex -11.9888 11.7114 -14
      vertex -11.9888 -11.7114 -14
    endloop
  endfacet
  facet normal 0 0 -1
    outer loop
      vertex -12.1445 -11.5919 -14
      vertex -12.1445 11.5919 -14
      vertex -11.9888 11.7114 -14
    endloop
  endfacet
  facet normal 0 0 -1
    outer loop
      vertex -12.31 -11.4865 -14
      vertex -12.1445 11.5919 -14
      vertex -12.1445 -11.5919 -14
    endloop
  endfacet
  facet normal 0 0 -1
    outer loop
      vertex -12.31 -11.4865 -14
      vertex -12.31 11.4865 -14
      vertex -12.1445 11.5919 -14
    endloop
  endfacet
  facet normal 0 0 -1
    outer loop
      vertex -12.4841 -11.3958 -14
      vertex -12.31 11.4865 -14
      vertex -12.31 -11.4865 -14
    endloop
  endfacet
  facet normal 0 0 -1
    outer loop
      vertex -12.4841 -11.3958 -14
      vertex -12.4841 11.3958 -14
      vertex -12.31 11.4865 -14
    endloop
  endfacet
  facet normal 0 0 -1
    outer loop
      vertex -12.6655 -11.3207 -14
      vertex -12.4841 11.3958 -14
      vertex -12.4841 -11.3958 -14
    endloop
  endfacet
  facet normal 0 0 -1
    outer loop
      vertex -12.6655 -11.3207 -14
      vertex -12.6655 11.3207 -14
      vertex -12.4841 11.3958 -14
    endloop
  endfacet
  facet normal 0 0 -1
    outer loop
      vertex -12.8527 -11.2617 -14
      vertex -12.6655 11.3207 -14
      vertex -12.6655 -11.3207 -14
    endloop
  endfacet
  facet normal 0 0 -1
    outer loop
      vertex -12.8527 -11.2617 -14
      vertex -12.8527 11.2617 -14
      vertex -12.6655 11.3207 -14
    endloop
  endfacet
  facet normal 0 0 -1
    outer loop
      vertex -13.0443 -11.2192 -14
      vertex -12.8527 11.2617 -14
      vertex -12.8527 -11.2617 -14
    endloop
  endfacet
  facet normal 0 0 -1
    outer loop
      vertex -13.0443 -11.2192 -14
      vertex -13.0443 11.2192 -14
      vertex -12.8527 11.2617 -14
    endloop
  endfacet
  facet normal 0 0 -1
    outer loop
      vertex -13.2389 -11.1936 -14
      vertex -13.0443 11.2192 -14
      vertex -13.0443 -11.2192 -14
    endloop
  endfacet
  facet normal 0 0 -1
    outer loop
      vertex -13.2389 -11.1936 -14
      vertex -13.2389 11.1936 -14
      vertex -13.0443 11.2192 -14
    endloop
  endfacet
  facet normal 0 0 -1
    outer loop
      vertex -13.435 -11.185 -14
      vertex -13.2389 11.1936 -14
      vertex -13.2389 -11.1936 -14
    endloop
  endfacet
  facet normal 0 0 -1
    outer loop
      vertex -13.435 -11.185 -14
      vertex -13.435 11.185 -14
      vertex -13.2389 11.1936 -14
    endloop
  endfacet
  facet normal 0 0 -1
    outer loop
      vertex -13.6311 -11.1936 -14
      vertex -13.435 11.185 -14
      vertex -13.435 -11.185 -14
    endloop
  endfacet
  facet normal 0 0 -1
    outer loop
      vertex -13.6311 -11.1936 -14
      vertex -13.6311 11.1936 -14
      vertex -13.435 11.185 -14
    endloop
  endfacet
  facet normal 0 0 -1
    outer loop
      vertex -13.8257 -11.2192 -14
      vertex -13.6311 11.1936 -14
      vertex -13.6311 -11.1936 -14
    endloop
  endfacet
  facet normal 0 0 -1
    outer loop
      vertex -13.8257 -11.2192 -14
      vertex -13.8257 11.2192 -14
      vertex -13.6311 11.1936 -14
    endloop
  endfacet
  facet normal 0 0 -1
    outer loop
      vertex -14.0174 -11.2617 -14
      vertex -13.8257 11.2192 -14
      vertex -13.8257 -11.2192 -14
    endloop
  endfacet
  facet normal 0 0 -1
    outer loop
      vertex -14.0174 -11.2617 -14
      vertex -14.0174 11.2617 -14
      vertex -13.8257 11.2192 -14
    endloop
  endfacet
  facet normal 0 0 -1
    outer loop
      vertex -14.2046 -11.3207 -14
      vertex -14.0174 11.2617 -14
      vertex -14.0174 -11.2617 -14
    endloop
  endfacet
  facet normal 0 0 -1
    outer loop
      vertex -14.2046 -11.3207 -14
      vertex -14.2046 11.3207 -14
      vertex -14.0174 11.2617 -14
    endloop
  endfacet
  facet normal 0 0 -1
    outer loop
      vertex -14.3859 -11.3958 -14
      vertex -14.2046 11.3207 -14
      vertex -14.2046 -11.3207 -14
    endloop
  endfacet
  facet normal 0 0 -1
    outer loop
      vertex -14.3859 -11.3958 -14
      vertex -14.3859 11.3958 -14
      vertex -14.2046 11.3207 -14
    endloop
  endfacet
  facet normal 0 0 -1
    outer loop
      vertex -14.56 -11.4865 -14
      vertex -14.3859 11.3958 -14
      vertex -14.3859 -11.3958 -14
    endloop
  endfacet
  facet normal 0 0 -1
    outer loop
      vertex -14.56 -11.4865 -14
      vertex -14.56 11.4865 -14
      vertex -14.3859 11.3958 -14
    endloop
  endfacet
  facet normal 0 0 -1
    outer loop
      vertex -14.7256 -11.5919 -14
      vertex -14.56 11.4865 -14
      vertex -14.56 -11.4865 -14
    endloop
  endfacet
  facet normal 0 0 -1
    outer loop
      vertex -14.7256 -11.5919 -14
      vertex -14.7256 11.5919 -14
      vertex -14.56 11.4865 -14
    endloop
  endfacet
  facet normal 0 0 -1
    outer loop
      vertex -14.8813 -11.7114 -14
      vertex -14.7256 11.5919 -14
      vertex -14.7256 -11.5919 -14
    endloop
  endfacet
  facet normal 0 0 -1
    outer loop
      vertex -14.8813 -11.7114 -14
      vertex -14.8813 11.7114 -14
      vertex -14.7256 11.5919 -14
    endloop
  endfacet
  facet normal 0 0 -1
    outer loop
      vertex -15.026 -11.844 -14
      vertex -14.8813 11.7114 -14
      vertex -14.8813 -11.7114 -14
    endloop
  endfacet
  facet normal 0 0 -1
    outer loop
      vertex -15.026 -11.844 -14
      vertex -15.026 11.844 -14
      vertex -14.8813 11.7114 -14
    endloop
  endfacet
  facet normal 0 0 -1
    outer loop
      vertex -15.1586 -11.9888 -14
      vertex -15.026 11.844 -14
      vertex -15.026 -11.844 -14
    endloop
  endfacet
  facet normal 0 0 -1
    outer loop
      vertex -15.1586 -11.9888 -14
      vertex -15.1586 11.9888 -14
      vertex -15.026 11.844 -14
    endloop
  endfacet
  facet normal 0 0 -1
    outer loop
      vertex -15.2781 -12.1445 -14
      vertex -15.1586 11.9888 -14
      vertex -15.1586 -11.9888 -14
    endloop
  endfacet
  facet normal 0 0 -1
    outer loop
      vertex -15.2781 -12.1445 -14
      vertex -15.2781 12.1445 -14
      vertex -15.1586 11.9888 -14
    endloop
  endfacet
  facet normal 0 0 -1
    outer loop
      vertex -15.3836 -12.31 -14
      vertex -15.2781 12.1445 -14
      vertex -15.2781 -12.1445 -14
    endloop
  endfacet
  facet normal 0 0 -1
    outer loop
      vertex -15.3836 -12.31 -14
      vertex -15.3836 12.31 -14
      vertex -15.2781 12.1445 -14
    endloop
  endfacet
  facet normal 0 0 -1
    outer loop
      vertex -51.0532 -17.0632 -14
      vertex -15.3836 -12.31 -14
      vertex -15.4742 -12.4841 -14
    endloop
  endfacet
  facet normal -0 0 -1
    outer loop
      vertex -15.3836 -12.31 -14
      vertex -51.0532 -17.0632 -14
      vertex -15.3836 12.31 -14
    endloop
  endfacet
  facet normal 0 0 -1
    outer loop
      vertex -51.0532 -17.0632 -14
      vertex -15.4742 -12.4841 -14
      vertex -15.5493 -12.6655 -14
    endloop
  endfacet
  facet normal -0 0 -1
    outer loop
      vertex -15.3836 12.31 -14
      vertex -51.0532 -17.0632 -14
      vertex -15.4742 12.4841 -14
    endloop
  endfacet
  facet normal 0 0 -1
    outer loop
      vertex -51.0532 -17.0632 -14
      vertex -15.5493 -12.6655 -14
      vertex -15.6084 -12.8527 -14
    endloop
  endfacet
  facet normal -0 0 -1
    outer loop
      vertex -15.4742 12.4841 -14
      vertex -51.0532 -17.0632 -14
      vertex -15.5493 12.6655 -14
    endloop
  endfacet
  facet normal 0 0 -1
    outer loop
      vertex -51.0532 -17.0632 -14
      vertex -15.6084 -12.8527 -14
      vertex -15.6508 -13.0443 -14
    endloop
  endfacet
  facet normal -0 0 -1
    outer loop
      vertex -15.5493 12.6655 -14
      vertex -51.0532 -17.0632 -14
      vertex -15.6084 12.8527 -14
    endloop
  endfacet
  facet normal 0 0 -1
    outer loop
      vertex -51.0532 -17.0632 -14
      vertex -15.6508 -13.0443 -14
      vertex -15.6765 -13.2389 -14
    endloop
  endfacet
  facet normal -0 0 -1
    outer loop
      vertex -15.6084 12.8527 -14
      vertex -51.0532 -17.0632 -14
      vertex -15.6508 13.0443 -14
    endloop
  endfacet
  facet normal 0 0 -1
    outer loop
      vertex -51.0532 -17.0632 -14
      vertex -15.6765 -13.2389 -14
      vertex -15.685 -13.435 -14
    endloop
  endfacet
  facet normal -0 0 -1
    outer loop
      vertex -15.6508 13.0443 -14
      vertex -51.0532 -17.0632 -14
      vertex -15.6765 13.2389 -14
    endloop
  endfacet
  facet normal 0 0 -1
    outer loop
      vertex 15.6508 -13.0443 -14
      vertex 51.0532 -17.0632 -14
      vertex 15.6765 -13.2389 -14
    endloop
  endfacet
  facet normal 0 0 -1
    outer loop
      vertex 51.0532 -17.0632 -14
      vertex 15.6765 13.2389 -14
      vertex 15.685 13.435 -14
    endloop
  endfacet
  facet normal 0 0 -1
    outer loop
      vertex 15.6084 -12.8527 -14
      vertex 51.0532 -17.0632 -14
      vertex 15.6508 -13.0443 -14
    endloop
  endfacet
  facet normal 0 0 -1
    outer loop
      vertex 51.0532 -17.0632 -14
      vertex 15.6508 13.0443 -14
      vertex 15.6765 13.2389 -14
    endloop
  endfacet
  facet normal 0 0 -1
    outer loop
      vertex 15.5493 -12.6655 -14
      vertex 51.0532 -17.0632 -14
      vertex 15.6084 -12.8527 -14
    endloop
  endfacet
  facet normal 0 0 -1
    outer loop
      vertex 51.0532 -17.0632 -14
      vertex 15.6084 12.8527 -14
      vertex 15.6508 13.0443 -14
    endloop
  endfacet
  facet normal 0 0 -1
    outer loop
      vertex 15.4742 -12.4841 -14
      vertex 51.0532 -17.0632 -14
      vertex 15.5493 -12.6655 -14
    endloop
  endfacet
  facet normal 0 0 -1
    outer loop
      vertex 51.0532 -17.0632 -14
      vertex 15.5493 12.6655 -14
      vertex 15.6084 12.8527 -14
    endloop
  endfacet
  facet normal 0 0 -1
    outer loop
      vertex 15.3836 -12.31 -14
      vertex 51.0532 -17.0632 -14
      vertex 15.4742 -12.4841 -14
    endloop
  endfacet
  facet normal 0 0 -1
    outer loop
      vertex 51.0532 -17.0632 -14
      vertex 15.4742 12.4841 -14
      vertex 15.5493 12.6655 -14
    endloop
  endfacet
  facet normal 0 0 -1
    outer loop
      vertex 15.3836 12.31 -14
      vertex 51.0532 -17.0632 -14
      vertex 15.3836 -12.31 -14
    endloop
  endfacet
  facet normal 0 0 -1
    outer loop
      vertex 51.0532 -17.0632 -14
      vertex 15.3836 12.31 -14
      vertex 15.4742 12.4841 -14
    endloop
  endfacet
  facet normal 0 0 -1
    outer loop
      vertex 15.2781 -12.1445 -14
      vertex 15.3836 12.31 -14
      vertex 15.3836 -12.31 -14
    endloop
  endfacet
  facet normal 0 0 -1
    outer loop
      vertex 15.2781 -12.1445 -14
      vertex 15.2781 12.1445 -14
      vertex 15.3836 12.31 -14
    endloop
  endfacet
  facet normal 0 0 -1
    outer loop
      vertex 15.1586 -11.9888 -14
      vertex 15.2781 12.1445 -14
      vertex 15.2781 -12.1445 -14
    endloop
  endfacet
  facet normal 0 0 -1
    outer loop
      vertex 15.1586 -11.9888 -14
      vertex 15.1586 11.9888 -14
      vertex 15.2781 12.1445 -14
    endloop
  endfacet
  facet normal 0 0 -1
    outer loop
      vertex 15.026 -11.844 -14
      vertex 15.1586 11.9888 -14
      vertex 15.1586 -11.9888 -14
    endloop
  endfacet
  facet normal 0 0 -1
    outer loop
      vertex 15.026 -11.844 -14
      vertex 15.026 11.844 -14
      vertex 15.1586 11.9888 -14
    endloop
  endfacet
  facet normal 0 0 -1
    outer loop
      vertex 14.8813 -11.7114 -14
      vertex 15.026 11.844 -14
      vertex 15.026 -11.844 -14
    endloop
  endfacet
  facet normal 0 0 -1
    outer loop
      vertex 14.8813 -11.7114 -14
      vertex 14.8813 11.7114 -14
      vertex 15.026 11.844 -14
    endloop
  endfacet
  facet normal 0 0 -1
    outer loop
      vertex 14.7256 -11.5919 -14
      vertex 14.8813 11.7114 -14
      vertex 14.8813 -11.7114 -14
    endloop
  endfacet
  facet normal 0 0 -1
    outer loop
      vertex 14.7256 -11.5919 -14
      vertex 14.7256 11.5919 -14
      vertex 14.8813 11.7114 -14
    endloop
  endfacet
  facet normal 0 0 -1
    outer loop
      vertex 14.56 -11.4865 -14
      vertex 14.7256 11.5919 -14
      vertex 14.7256 -11.5919 -14
    endloop
  endfacet
  facet normal 0 0 -1
    outer loop
      vertex 14.56 -11.4865 -14
      vertex 14.56 11.4865 -14
      vertex 14.7256 11.5919 -14
    endloop
  endfacet
  facet normal 0 0 -1
    outer loop
      vertex 14.3859 -11.3958 -14
      vertex 14.56 11.4865 -14
      vertex 14.56 -11.4865 -14
    endloop
  endfacet
  facet normal 0 0 -1
    outer loop
      vertex 14.3859 -11.3958 -14
      vertex 14.3859 11.3958 -14
      vertex 14.56 11.4865 -14
    endloop
  endfacet
  facet normal 0 0 -1
    outer loop
      vertex 14.2046 -11.3207 -14
      vertex 14.3859 11.3958 -14
      vertex 14.3859 -11.3958 -14
    endloop
  endfacet
  facet normal 0 0 -1
    outer loop
      vertex 14.2046 -11.3207 -14
      vertex 14.2046 11.3207 -14
      vertex 14.3859 11.3958 -14
    endloop
  endfacet
  facet normal 0 0 -1
    outer loop
      vertex 14.0174 -11.2617 -14
      vertex 14.2046 11.3207 -14
      vertex 14.2046 -11.3207 -14
    endloop
  endfacet
  facet normal 0 0 -1
    outer loop
      vertex 14.0174 -11.2617 -14
      vertex 14.0174 11.2617 -14
      vertex 14.2046 11.3207 -14
    endloop
  endfacet
  facet normal 0 0 -1
    outer loop
      vertex 13.8257 -11.2192 -14
      vertex 14.0174 11.2617 -14
      vertex 14.0174 -11.2617 -14
    endloop
  endfacet
  facet normal 0 0 -1
    outer loop
      vertex 13.8257 -11.2192 -14
      vertex 13.8257 11.2192 -14
      vertex 14.0174 11.2617 -14
    endloop
  endfacet
  facet normal 0 0 -1
    outer loop
      vertex 13.6311 -11.1936 -14
      vertex 13.8257 11.2192 -14
      vertex 13.8257 -11.2192 -14
    endloop
  endfacet
  facet normal 0 0 -1
    outer loop
      vertex 13.6311 -11.1936 -14
      vertex 13.6311 11.1936 -14
      vertex 13.8257 11.2192 -14
    endloop
  endfacet
  facet normal 0 0 -1
    outer loop
      vertex 13.435 -11.185 -14
      vertex 13.6311 11.1936 -14
      vertex 13.6311 -11.1936 -14
    endloop
  endfacet
  facet normal 0 0 -1
    outer loop
      vertex 13.435 -11.185 -14
      vertex 13.435 11.185 -14
      vertex 13.6311 11.1936 -14
    endloop
  endfacet
  facet normal 0 0 -1
    outer loop
      vertex 13.2389 -11.1936 -14
      vertex 13.435 11.185 -14
      vertex 13.435 -11.185 -14
    endloop
  endfacet
  facet normal 0 0 -1
    outer loop
      vertex 13.2389 -11.1936 -14
      vertex 13.2389 11.1936 -14
      vertex 13.435 11.185 -14
    endloop
  endfacet
  facet normal 0 0 -1
    outer loop
      vertex 13.0443 -11.2192 -14
      vertex 13.2389 11.1936 -14
      vertex 13.2389 -11.1936 -14
    endloop
  endfacet
  facet normal 0 0 -1
    outer loop
      vertex 13.0443 -11.2192 -14
      vertex 13.0443 11.2192 -14
      vertex 13.2389 11.1936 -14
    endloop
  endfacet
  facet normal 0 0 -1
    outer loop
      vertex 12.8527 -11.2617 -14
      vertex 13.0443 11.2192 -14
      vertex 13.0443 -11.2192 -14
    endloop
  endfacet
  facet normal 0 0 -1
    outer loop
      vertex 12.8527 -11.2617 -14
      vertex 12.8527 11.2617 -14
      vertex 13.0443 11.2192 -14
    endloop
  endfacet
  facet normal 0 0 -1
    outer loop
      vertex 12.6655 -11.3207 -14
      vertex 12.8527 11.2617 -14
      vertex 12.8527 -11.2617 -14
    endloop
  endfacet
  facet normal 0 0 -1
    outer loop
      vertex 12.6655 -11.3207 -14
      vertex 12.6655 11.3207 -14
      vertex 12.8527 11.2617 -14
    endloop
  endfacet
  facet normal 0 0 -1
    outer loop
      vertex 12.4841 -11.3958 -14
      vertex 12.6655 11.3207 -14
      vertex 12.6655 -11.3207 -14
    endloop
  endfacet
  facet normal 0 0 -1
    outer loop
      vertex 12.4841 -11.3958 -14
      vertex 12.4841 11.3958 -14
      vertex 12.6655 11.3207 -14
    endloop
  endfacet
  facet normal 0 0 -1
    outer loop
      vertex 12.31 -11.4865 -14
      vertex 12.4841 11.3958 -14
      vertex 12.4841 -11.3958 -14
    endloop
  endfacet
  facet normal 0 0 -1
    outer loop
      vertex 12.31 -11.4865 -14
      vertex 12.31 11.4865 -14
      vertex 12.4841 11.3958 -14
    endloop
  endfacet
  facet normal 0 0 -1
    outer loop
      vertex 12.1445 -11.5919 -14
      vertex 12.31 11.4865 -14
      vertex 12.31 -11.4865 -14
    endloop
  endfacet
  facet normal 0 0 -1
    outer loop
      vertex 12.1445 -11.5919 -14
      vertex 12.1445 11.5919 -14
      vertex 12.31 11.4865 -14
    endloop
  endfacet
  facet normal 0 0 -1
    outer loop
      vertex 11.9888 -11.7114 -14
      vertex 12.1445 11.5919 -14
      vertex 12.1445 -11.5919 -14
    endloop
  endfacet
  facet normal 0 0 -1
    outer loop
      vertex 11.9888 -11.7114 -14
      vertex 11.9888 11.7114 -14
      vertex 12.1445 11.5919 -14
    endloop
  endfacet
  facet normal 0 0 -1
    outer loop
      vertex 11.844 -11.844 -14
      vertex 11.9888 11.7114 -14
      vertex 11.9888 -11.7114 -14
    endloop
  endfacet
  facet normal 0 0 -1
    outer loop
      vertex 11.844 -11.844 -14
      vertex 11.844 11.844 -14
      vertex 11.9888 11.7114 -14
    endloop
  endfacet
  facet normal 0 0 -1
    outer loop
      vertex 11.3207 -12.6655 -14
      vertex -11.3207 -12.6655 -14
      vertex 11.3958 -12.4841 -14
    endloop
  endfacet
  facet normal 0 0 -1
    outer loop
      vertex -11.3958 -12.4841 -14
      vertex 11.3958 -12.4841 -14
      vertex -11.3207 -12.6655 -14
    endloop
  endfacet
  facet normal 0 0 -1
    outer loop
      vertex -11.3207 -12.6655 -14
      vertex 11.3207 -12.6655 -14
      vertex -11.2617 -12.8527 -14
    endloop
  endfacet
  facet normal 0 0 -1
    outer loop
      vertex 11.3958 -12.4841 -14
      vertex -11.3958 -12.4841 -14
      vertex 11.4865 -12.31 -14
    endloop
  endfacet
  facet normal 0 0 -1
    outer loop
      vertex 11.2617 -12.8527 -14
      vertex -11.2617 -12.8527 -14
      vertex 11.3207 -12.6655 -14
    endloop
  endfacet
  facet normal 0 0 -1
    outer loop
      vertex 11.844 11.844 -14
      vertex -11.185 13.435 -14
      vertex 11.7114 11.9888 -14
    endloop
  endfacet
  facet normal 0 0 -1
    outer loop
      vertex -11.2617 -12.8527 -14
      vertex 11.2617 -12.8527 -14
      vertex -11.2192 -13.0443 -14
    endloop
  endfacet
  facet normal 0 0 -1
    outer loop
      vertex 11.7114 11.9888 -14
      vertex -11.185 13.435 -14
      vertex 11.5919 12.1445 -14
    endloop
  endfacet
  facet normal 0 0 -1
    outer loop
      vertex 11.2192 -13.0443 -14
      vertex -11.2192 -13.0443 -14
      vertex 11.2617 -12.8527 -14
    endloop
  endfacet
  facet normal 0 0 -1
    outer loop
      vertex 11.5919 12.1445 -14
      vertex -11.185 13.435 -14
      vertex 11.4865 12.31 -14
    endloop
  endfacet
  facet normal 0 0 -1
    outer loop
      vertex -11.2192 -13.0443 -14
      vertex 11.2192 -13.0443 -14
      vertex -11.1936 -13.2389 -14
    endloop
  endfacet
  facet normal 0 0 -1
    outer loop
      vertex 11.4865 12.31 -14
      vertex -11.185 13.435 -14
      vertex 11.3958 12.4841 -14
    endloop
  endfacet
  facet normal 0 0 -1
    outer loop
      vertex 11.1936 -13.2389 -14
      vertex -11.1936 -13.2389 -14
      vertex 11.2192 -13.0443 -14
    endloop
  endfacet
  facet normal 0 0 -1
    outer loop
      vertex 11.3958 12.4841 -14
      vertex -11.185 13.435 -14
      vertex 11.3207 12.6655 -14
    endloop
  endfacet
  facet normal 0 0 -1
    outer loop
      vertex -11.1936 -13.2389 -14
      vertex 11.1936 -13.2389 -14
      vertex -11.185 -13.435 -14
    endloop
  endfacet
  facet normal 0 0 -1
    outer loop
      vertex 11.3207 12.6655 -14
      vertex -11.185 13.435 -14
      vertex 11.2617 12.8527 -14
    endloop
  endfacet
  facet normal 0 0 -1
    outer loop
      vertex -11.185 -13.435 -14
      vertex 11.1936 -13.2389 -14
      vertex 11.185 -13.435 -14
    endloop
  endfacet
  facet normal 0 0 -1
    outer loop
      vertex 11.2617 12.8527 -14
      vertex -11.185 13.435 -14
      vertex 11.2192 13.0443 -14
    endloop
  endfacet
  facet normal 0 0 -1
    outer loop
      vertex 14.8813 -15.1586 -14
      vertex 51.0532 -17.0632 -14
      vertex 51.0532 -57.0532 -14
    endloop
  endfacet
  facet normal 0 0 -1
    outer loop
      vertex 51.0532 -17.0632 -14
      vertex 15.6765 -13.6311 -14
      vertex 15.685 -13.435 -14
    endloop
  endfacet
  facet normal 0 0 -1
    outer loop
      vertex 51.0532 -17.0632 -14
      vertex 15.6508 -13.8257 -14
      vertex 15.6765 -13.6311 -14
    endloop
  endfacet
  facet normal 0 0 -1
    outer loop
      vertex 51.0532 -17.0632 -14
      vertex 15.6084 -14.0174 -14
      vertex 15.6508 -13.8257 -14
    endloop
  endfacet
  facet normal 0 0 -1
    outer loop
      vertex 51.0532 -17.0632 -14
      vertex 15.5493 -14.2046 -14
      vertex 15.6084 -14.0174 -14
    endloop
  endfacet
  facet normal 0 0 -1
    outer loop
      vertex 51.0532 -17.0632 -14
      vertex 15.4742 -14.3859 -14
      vertex 15.5493 -14.2046 -14
    endloop
  endfacet
  facet normal 0 0 -1
    outer loop
      vertex 51.0532 -17.0632 -14
      vertex 15.3836 -14.56 -14
      vertex 15.4742 -14.3859 -14
    endloop
  endfacet
  facet normal 0 0 -1
    outer loop
      vertex 51.0532 -17.0632 -14
      vertex 15.2781 -14.7256 -14
      vertex 15.3836 -14.56 -14
    endloop
  endfacet
  facet normal 0 0 -1
    outer loop
      vertex 51.0532 -17.0632 -14
      vertex 15.1586 -14.8813 -14
      vertex 15.2781 -14.7256 -14
    endloop
  endfacet
  facet normal 0 0 -1
    outer loop
      vertex 51.0532 -17.0632 -14
      vertex 15.026 -15.026 -14
      vertex 15.1586 -14.8813 -14
    endloop
  endfacet
  facet normal 0 0 -1
    outer loop
      vertex 51.0532 -17.0632 -14
      vertex 14.8813 -15.1586 -14
      vertex 15.026 -15.026 -14
    endloop
  endfacet
  facet normal 0 0 -1
    outer loop
      vertex 51.0532 -57.0532 -14
      vertex 14.7256 -15.2781 -14
      vertex 14.8813 -15.1586 -14
    endloop
  endfacet
  facet normal 0 0 -1
    outer loop
      vertex 51.0532 -57.0532 -14
      vertex 14.56 -15.3836 -14
      vertex 14.7256 -15.2781 -14
    endloop
  endfacet
  facet normal 0 0 -1
    outer loop
      vertex 51.0532 -57.0532 -14
      vertex 14.3859 -15.4742 -14
      vertex 14.56 -15.3836 -14
    endloop
  endfacet
  facet normal 0 0 -1
    outer loop
      vertex 51.0532 -57.0532 -14
      vertex 14.2046 -15.5493 -14
      vertex 14.3859 -15.4742 -14
    endloop
  endfacet
  facet normal 0 0 -1
    outer loop
      vertex 51.0532 -57.0532 -14
      vertex 14.0174 -15.6084 -14
      vertex 14.2046 -15.5493 -14
    endloop
  endfacet
  facet normal 0 0 -1
    outer loop
      vertex 51.0532 -57.0532 -14
      vertex 13.8257 -15.6508 -14
      vertex 14.0174 -15.6084 -14
    endloop
  endfacet
  facet normal 0 0 -1
    outer loop
      vertex 51.0532 -57.0532 -14
      vertex 13.6311 -15.6765 -14
      vertex 13.8257 -15.6508 -14
    endloop
  endfacet
  facet normal 0 0 -1
    outer loop
      vertex 51.0532 -57.0532 -14
      vertex 13.435 -15.685 -14
      vertex 13.6311 -15.6765 -14
    endloop
  endfacet
  facet normal 0 0 -1
    outer loop
      vertex 51.0532 -57.0532 -14
      vertex 13.2389 -15.6765 -14
      vertex 13.435 -15.685 -14
    endloop
  endfacet
  facet normal 0 0 -1
    outer loop
      vertex 51.0532 -57.0532 -14
      vertex 13.0443 -15.6508 -14
      vertex 13.2389 -15.6765 -14
    endloop
  endfacet
  facet normal 0 0 -1
    outer loop
      vertex 51.0532 -57.0532 -14
      vertex 12.8527 -15.6084 -14
      vertex 13.0443 -15.6508 -14
    endloop
  endfacet
  facet normal 0 0 -1
    outer loop
      vertex -12.8527 -15.6084 -14
      vertex 12.8527 -15.6084 -14
      vertex 51.0532 -57.0532 -14
    endloop
  endfacet
  facet normal 0 0 -1
    outer loop
      vertex 12.8527 -15.6084 -14
      vertex -12.8527 -15.6084 -14
      vertex 12.6655 -15.5493 -14
    endloop
  endfacet
  facet normal 0 -0 -1
    outer loop
      vertex -12.6655 -15.5493 -14
      vertex 12.6655 -15.5493 -14
      vertex -12.8527 -15.6084 -14
    endloop
  endfacet
  facet normal 0 0 -1
    outer loop
      vertex 12.6655 -15.5493 -14
      vertex -12.6655 -15.5493 -14
      vertex 12.4841 -15.4742 -14
    endloop
  endfacet
  facet normal 0 -0 -1
    outer loop
      vertex -12.4841 -15.4742 -14
      vertex 12.4841 -15.4742 -14
      vertex -12.6655 -15.5493 -14
    endloop
  endfacet
  facet normal 0 0 -1
    outer loop
      vertex 12.4841 -15.4742 -14
      vertex -12.4841 -15.4742 -14
      vertex 12.31 -15.3836 -14
    endloop
  endfacet
  facet normal 0 0 -1
    outer loop
      vertex 11.2192 13.0443 -14
      vertex -11.185 13.435 -14
      vertex 11.1936 13.2389 -14
    endloop
  endfacet
  facet normal 0 0 -1
    outer loop
      vertex 11.1936 -13.6311 -14
      vertex -11.185 -13.435 -14
      vertex 11.185 -13.435 -14
    endloop
  endfacet
  facet normal 0 0 -1
    outer loop
      vertex -11.1936 -13.6311 -14
      vertex 11.1936 -13.6311 -14
      vertex 11.2192 -13.8257 -14
    endloop
  endfacet
  facet normal 0 0 -1
    outer loop
      vertex -11.2192 -13.8257 -14
      vertex 11.2192 -13.8257 -14
      vertex 11.2617 -14.0174 -14
    endloop
  endfacet
  facet normal 0 0 -1
    outer loop
      vertex -11.2617 -14.0174 -14
      vertex 11.2617 -14.0174 -14
      vertex 11.3207 -14.2046 -14
    endloop
  endfacet
  facet normal 0 0 -1
    outer loop
      vertex -11.3207 -14.2046 -14
      vertex 11.3207 -14.2046 -14
      vertex 11.3958 -14.3859 -14
    endloop
  endfacet
  facet normal 0 0 -1
    outer loop
      vertex -11.3958 -14.3859 -14
      vertex 11.3958 -14.3859 -14
      vertex 11.4865 -14.56 -14
    endloop
  endfacet
  facet normal 0 0 -1
    outer loop
      vertex -11.4865 -14.56 -14
      vertex 11.4865 -14.56 -14
      vertex 11.5919 -14.7256 -14
    endloop
  endfacet
  facet normal 0 0 -1
    outer loop
      vertex -11.5919 -14.7256 -14
      vertex 11.5919 -14.7256 -14
      vertex 11.7114 -14.8813 -14
    endloop
  endfacet
  facet normal 0 0 -1
    outer loop
      vertex -11.7114 -14.8813 -14
      vertex 11.7114 -14.8813 -14
      vertex 11.844 -15.026 -14
    endloop
  endfacet
  facet normal 0 -0 -1
    outer loop
      vertex -12.31 -15.3836 -14
      vertex 12.31 -15.3836 -14
      vertex -12.4841 -15.4742 -14
    endloop
  endfacet
  facet normal 0 0 -1
    outer loop
      vertex 11.1936 -13.6311 -14
      vertex -11.1936 -13.6311 -14
      vertex -11.185 -13.435 -14
    endloop
  endfacet
  facet normal 0 0 -1
    outer loop
      vertex 11.2192 -13.8257 -14
      vertex -11.2192 -13.8257 -14
      vertex -11.1936 -13.6311 -14
    endloop
  endfacet
  facet normal 0 0 -1
    outer loop
      vertex 11.2617 -14.0174 -14
      vertex -11.2617 -14.0174 -14
      vertex -11.2192 -13.8257 -14
    endloop
  endfacet
  facet normal 0 0 -1
    outer loop
      vertex 11.3207 -14.2046 -14
      vertex -11.3207 -14.2046 -14
      vertex -11.2617 -14.0174 -14
    endloop
  endfacet
  facet normal 0 0 -1
    outer loop
      vertex 11.3958 -14.3859 -14
      vertex -11.3958 -14.3859 -14
      vertex -11.3207 -14.2046 -14
    endloop
  endfacet
  facet normal 0 0 -1
    outer loop
      vertex 11.4865 -14.56 -14
      vertex -11.4865 -14.56 -14
      vertex -11.3958 -14.3859 -14
    endloop
  endfacet
  facet normal 0 0 -1
    outer loop
      vertex 11.5919 -14.7256 -14
      vertex -11.5919 -14.7256 -14
      vertex -11.4865 -14.56 -14
    endloop
  endfacet
  facet normal 0 0 -1
    outer loop
      vertex 11.7114 -14.8813 -14
      vertex -11.7114 -14.8813 -14
      vertex -11.5919 -14.7256 -14
    endloop
  endfacet
  facet normal 0 0 -1
    outer loop
      vertex 11.844 -15.026 -14
      vertex -11.844 -15.026 -14
      vertex -11.7114 -14.8813 -14
    endloop
  endfacet
  facet normal -0 0 -1
    outer loop
      vertex 11.844 -15.026 -14
      vertex -11.9888 -15.1586 -14
      vertex -11.844 -15.026 -14
    endloop
  endfacet
  facet normal 0 0 -1
    outer loop
      vertex 11.9888 -15.1586 -14
      vertex -11.9888 -15.1586 -14
      vertex 11.844 -15.026 -14
    endloop
  endfacet
  facet normal 0 -0 -1
    outer loop
      vertex -11.9888 -15.1586 -14
      vertex 11.9888 -15.1586 -14
      vertex -12.1445 -15.2781 -14
    endloop
  endfacet
  facet normal 0 0 -1
    outer loop
      vertex 12.1445 -15.2781 -14
      vertex -12.1445 -15.2781 -14
      vertex 11.9888 -15.1586 -14
    endloop
  endfacet
  facet normal 0 -0 -1
    outer loop
      vertex -12.1445 -15.2781 -14
      vertex 12.1445 -15.2781 -14
      vertex -12.31 -15.3836 -14
    endloop
  endfacet
  facet normal 0 0 -1
    outer loop
      vertex 12.31 -15.3836 -14
      vertex -12.31 -15.3836 -14
      vertex 12.1445 -15.2781 -14
    endloop
  endfacet
  facet normal 0 0 -1
    outer loop
      vertex -51.0532 -57.0532 -14
      vertex -12.8527 -15.6084 -14
      vertex 51.0532 -57.0532 -14
    endloop
  endfacet
  facet normal 0 0 -1
    outer loop
      vertex -12.8527 -15.6084 -14
      vertex -51.0532 -57.0532 -14
      vertex -13.0443 -15.6508 -14
    endloop
  endfacet
  facet normal 0 0 -1
    outer loop
      vertex -13.0443 -15.6508 -14
      vertex -51.0532 -57.0532 -14
      vertex -13.2389 -15.6765 -14
    endloop
  endfacet
  facet normal 0 0 -1
    outer loop
      vertex -13.2389 -15.6765 -14
      vertex -51.0532 -57.0532 -14
      vertex -13.435 -15.685 -14
    endloop
  endfacet
  facet normal -0 0 -1
    outer loop
      vertex -13.435 -15.685 -14
      vertex -51.0532 -57.0532 -14
      vertex -13.6311 -15.6765 -14
    endloop
  endfacet
  facet normal -0 0 -1
    outer loop
      vertex -13.6311 -15.6765 -14
      vertex -51.0532 -57.0532 -14
      vertex -13.8257 -15.6508 -14
    endloop
  endfacet
  facet normal -0 0 -1
    outer loop
      vertex -13.8257 -15.6508 -14
      vertex -51.0532 -57.0532 -14
      vertex -14.0174 -15.6084 -14
    endloop
  endfacet
  facet normal -0 0 -1
    outer loop
      vertex -14.0174 -15.6084 -14
      vertex -51.0532 -57.0532 -14
      vertex -14.2046 -15.5493 -14
    endloop
  endfacet
  facet normal -0 0 -1
    outer loop
      vertex -14.2046 -15.5493 -14
      vertex -51.0532 -57.0532 -14
      vertex -14.3859 -15.4742 -14
    endloop
  endfacet
  facet normal -0 0 -1
    outer loop
      vertex -15.6765 -13.6311 -14
      vertex -51.0532 -17.0632 -14
      vertex -15.685 -13.435 -14
    endloop
  endfacet
  facet normal -0 0 -1
    outer loop
      vertex -15.6508 -13.8257 -14
      vertex -51.0532 -17.0632 -14
      vertex -15.6765 -13.6311 -14
    endloop
  endfacet
  facet normal -0 0 -1
    outer loop
      vertex -15.6084 -14.0174 -14
      vertex -51.0532 -17.0632 -14
      vertex -15.6508 -13.8257 -14
    endloop
  endfacet
  facet normal -0 0 -1
    outer loop
      vertex -15.5493 -14.2046 -14
      vertex -51.0532 -17.0632 -14
      vertex -15.6084 -14.0174 -14
    endloop
  endfacet
  facet normal -0 0 -1
    outer loop
      vertex -15.4742 -14.3859 -14
      vertex -51.0532 -17.0632 -14
      vertex -15.5493 -14.2046 -14
    endloop
  endfacet
  facet normal -0 0 -1
    outer loop
      vertex -15.3836 -14.56 -14
      vertex -51.0532 -17.0632 -14
      vertex -15.4742 -14.3859 -14
    endloop
  endfacet
  facet normal -0 0 -1
    outer loop
      vertex -15.2781 -14.7256 -14
      vertex -51.0532 -17.0632 -14
      vertex -15.3836 -14.56 -14
    endloop
  endfacet
  facet normal -0 0 -1
    outer loop
      vertex -15.1586 -14.8813 -14
      vertex -51.0532 -17.0632 -14
      vertex -15.2781 -14.7256 -14
    endloop
  endfacet
  facet normal -0 0 -1
    outer loop
      vertex -15.026 -15.026 -14
      vertex -51.0532 -17.0632 -14
      vertex -15.1586 -14.8813 -14
    endloop
  endfacet
  facet normal -0 0 -1
    outer loop
      vertex -14.8813 -15.1586 -14
      vertex -51.0532 -17.0632 -14
      vertex -15.026 -15.026 -14
    endloop
  endfacet
  facet normal 0 0 -1
    outer loop
      vertex -51.0532 -17.0632 -14
      vertex -14.8813 -15.1586 -14
      vertex -51.0532 -57.0532 -14
    endloop
  endfacet
  facet normal -0 0 -1
    outer loop
      vertex -14.7256 -15.2781 -14
      vertex -51.0532 -57.0532 -14
      vertex -14.8813 -15.1586 -14
    endloop
  endfacet
  facet normal -0 0 -1
    outer loop
      vertex -14.56 -15.3836 -14
      vertex -51.0532 -57.0532 -14
      vertex -14.7256 -15.2781 -14
    endloop
  endfacet
  facet normal -0 0 -1
    outer loop
      vertex -14.3859 -15.4742 -14
      vertex -51.0532 -57.0532 -14
      vertex -14.56 -15.3836 -14
    endloop
  endfacet
  facet normal 0 0 -1
    outer loop
      vertex 51.0532 -17.0632 -14
      vertex 57.0532 57.0532 -14
      vertex 57.0532 -17.0632 -14
    endloop
  endfacet
  facet normal 0 0 -1
    outer loop
      vertex 15.6765 -13.2389 -14
      vertex 51.0532 -17.0632 -14
      vertex 15.685 -13.435 -14
    endloop
  endfacet
  facet normal 0 0 -1
    outer loop
      vertex 15.6765 13.6311 -14
      vertex 51.0532 -17.0632 -14
      vertex 15.685 13.435 -14
    endloop
  endfacet
  facet normal 0 0 -1
    outer loop
      vertex 15.6508 13.8257 -14
      vertex 51.0532 -17.0632 -14
      vertex 15.6765 13.6311 -14
    endloop
  endfacet
  facet normal 0 0 -1
    outer loop
      vertex 51.0532 -17.0632 -14
      vertex 15.6508 13.8257 -14
      vertex 57.0532 57.0532 -14
    endloop
  endfacet
  facet normal 0 0 -1
    outer loop
      vertex 15.6084 14.0174 -14
      vertex 57.0532 57.0532 -14
      vertex 15.6508 13.8257 -14
    endloop
  endfacet
  facet normal 0 0 -1
    outer loop
      vertex 15.5493 14.2046 -14
      vertex 57.0532 57.0532 -14
      vertex 15.6084 14.0174 -14
    endloop
  endfacet
  facet normal 0 0 -1
    outer loop
      vertex 15.4742 14.3859 -14
      vertex 57.0532 57.0532 -14
      vertex 15.5493 14.2046 -14
    endloop
  endfacet
  facet normal 0 0 -1
    outer loop
      vertex 15.3836 14.56 -14
      vertex 57.0532 57.0532 -14
      vertex 15.4742 14.3859 -14
    endloop
  endfacet
  facet normal 0 0 -1
    outer loop
      vertex 15.2781 14.7256 -14
      vertex 57.0532 57.0532 -14
      vertex 15.3836 14.56 -14
    endloop
  endfacet
  facet normal 0 0 -1
    outer loop
      vertex 15.1586 14.8813 -14
      vertex 57.0532 57.0532 -14
      vertex 15.2781 14.7256 -14
    endloop
  endfacet
  facet normal 0 0 -1
    outer loop
      vertex 15.026 15.026 -14
      vertex 57.0532 57.0532 -14
      vertex 15.1586 14.8813 -14
    endloop
  endfacet
  facet normal 0 0 -1
    outer loop
      vertex 14.8813 15.1586 -14
      vertex 57.0532 57.0532 -14
      vertex 15.026 15.026 -14
    endloop
  endfacet
  facet normal 0 0 -1
    outer loop
      vertex 14.7256 15.2781 -14
      vertex 57.0532 57.0532 -14
      vertex 14.8813 15.1586 -14
    endloop
  endfacet
  facet normal 0 0 -1
    outer loop
      vertex 14.56 15.3836 -14
      vertex 57.0532 57.0532 -14
      vertex 14.7256 15.2781 -14
    endloop
  endfacet
  facet normal 0 0 -1
    outer loop
      vertex 14.3859 15.4742 -14
      vertex 57.0532 57.0532 -14
      vertex 14.56 15.3836 -14
    endloop
  endfacet
  facet normal 0 0 -1
    outer loop
      vertex 14.2046 15.5493 -14
      vertex 57.0532 57.0532 -14
      vertex 14.3859 15.4742 -14
    endloop
  endfacet
  facet normal 0 0 -1
    outer loop
      vertex 14.0174 15.6084 -14
      vertex 57.0532 57.0532 -14
      vertex 14.2046 15.5493 -14
    endloop
  endfacet
  facet normal 0 0 -1
    outer loop
      vertex 13.8257 15.6508 -14
      vertex 57.0532 57.0532 -14
      vertex 14.0174 15.6084 -14
    endloop
  endfacet
  facet normal 0 0 -1
    outer loop
      vertex 13.6311 15.6765 -14
      vertex 57.0532 57.0532 -14
      vertex 13.8257 15.6508 -14
    endloop
  endfacet
  facet normal 0 0 -1
    outer loop
      vertex 13.435 15.685 -14
      vertex 57.0532 57.0532 -14
      vertex 13.6311 15.6765 -14
    endloop
  endfacet
  facet normal 0 0 -1
    outer loop
      vertex 13.2389 15.6765 -14
      vertex 57.0532 57.0532 -14
      vertex 13.435 15.685 -14
    endloop
  endfacet
  facet normal 0 0 -1
    outer loop
      vertex 13.0443 15.6508 -14
      vertex 57.0532 57.0532 -14
      vertex 13.2389 15.6765 -14
    endloop
  endfacet
  facet normal 0 0 -1
    outer loop
      vertex 12.8527 15.6084 -14
      vertex 57.0532 57.0532 -14
      vertex 13.0443 15.6508 -14
    endloop
  endfacet
  facet normal 0 0 -1
    outer loop
      vertex -12.8527 15.6084 -14
      vertex 12.8527 15.6084 -14
      vertex 12.6655 15.5493 -14
    endloop
  endfacet
  facet normal 0 0 -1
    outer loop
      vertex -12.6655 15.5493 -14
      vertex 12.6655 15.5493 -14
      vertex 12.4841 15.4742 -14
    endloop
  endfacet
  facet normal 0 0 -1
    outer loop
      vertex -12.4841 15.4742 -14
      vertex 12.4841 15.4742 -14
      vertex 12.31 15.3836 -14
    endloop
  endfacet
  facet normal 0 0 -1
    outer loop
      vertex -12.31 15.3836 -14
      vertex 12.31 15.3836 -14
      vertex 12.1445 15.2781 -14
    endloop
  endfacet
  facet normal 0 0 -1
    outer loop
      vertex -12.1445 15.2781 -14
      vertex 12.1445 15.2781 -14
      vertex 11.9888 15.1586 -14
    endloop
  endfacet
  facet normal 0 0 -1
    outer loop
      vertex -11.9888 15.1586 -14
      vertex 11.9888 15.1586 -14
      vertex 11.844 15.026 -14
    endloop
  endfacet
  facet normal 0 0 -1
    outer loop
      vertex 11.1936 13.2389 -14
      vertex -11.185 13.435 -14
      vertex 11.185 13.435 -14
    endloop
  endfacet
  facet normal 0 0 -1
    outer loop
      vertex 11.185 13.435 -14
      vertex -11.185 13.435 -14
      vertex 11.1936 13.6311 -14
    endloop
  endfacet
  facet normal 0 0 -1
    outer loop
      vertex -11.1936 13.6311 -14
      vertex 11.1936 13.6311 -14
      vertex -11.185 13.435 -14
    endloop
  endfacet
  facet normal 0 0 -1
    outer loop
      vertex 11.1936 13.6311 -14
      vertex -11.1936 13.6311 -14
      vertex 11.2192 13.8257 -14
    endloop
  endfacet
  facet normal 0 0 -1
    outer loop
      vertex -11.2192 13.8257 -14
      vertex 11.2192 13.8257 -14
      vertex -11.1936 13.6311 -14
    endloop
  endfacet
  facet normal 0 0 -1
    outer loop
      vertex 11.2192 13.8257 -14
      vertex -11.2192 13.8257 -14
      vertex 11.2617 14.0174 -14
    endloop
  endfacet
  facet normal 0 0 -1
    outer loop
      vertex -11.2617 14.0174 -14
      vertex 11.2617 14.0174 -14
      vertex -11.2192 13.8257 -14
    endloop
  endfacet
  facet normal 0 0 -1
    outer loop
      vertex 11.2617 14.0174 -14
      vertex -11.2617 14.0174 -14
      vertex 11.3207 14.2046 -14
    endloop
  endfacet
  facet normal 0 0 -1
    outer loop
      vertex -11.3207 14.2046 -14
      vertex 11.3207 14.2046 -14
      vertex -11.2617 14.0174 -14
    endloop
  endfacet
  facet normal 0 0 -1
    outer loop
      vertex 11.3207 14.2046 -14
      vertex -11.3207 14.2046 -14
      vertex 11.3958 14.3859 -14
    endloop
  endfacet
  facet normal 0 0 -1
    outer loop
      vertex -11.3958 14.3859 -14
      vertex 11.3958 14.3859 -14
      vertex -11.3207 14.2046 -14
    endloop
  endfacet
  facet normal 0 0 -1
    outer loop
      vertex 11.3958 14.3859 -14
      vertex -11.3958 14.3859 -14
      vertex 11.4865 14.56 -14
    endloop
  endfacet
  facet normal 0 0 -1
    outer loop
      vertex -11.4865 14.56 -14
      vertex 11.4865 14.56 -14
      vertex -11.3958 14.3859 -14
    endloop
  endfacet
  facet normal 0 0 -1
    outer loop
      vertex 11.4865 14.56 -14
      vertex -11.4865 14.56 -14
      vertex 11.5919 14.7256 -14
    endloop
  endfacet
  facet normal 0 0 -1
    outer loop
      vertex -11.5919 14.7256 -14
      vertex 11.5919 14.7256 -14
      vertex -11.4865 14.56 -14
    endloop
  endfacet
  facet normal 0 0 -1
    outer loop
      vertex 11.5919 14.7256 -14
      vertex -11.5919 14.7256 -14
      vertex 11.7114 14.8813 -14
    endloop
  endfacet
  facet normal 0 0 -1
    outer loop
      vertex -11.7114 14.8813 -14
      vertex 11.7114 14.8813 -14
      vertex -11.5919 14.7256 -14
    endloop
  endfacet
  facet normal 0 0 -1
    outer loop
      vertex 11.7114 14.8813 -14
      vertex -11.7114 14.8813 -14
      vertex 11.844 15.026 -14
    endloop
  endfacet
  facet normal 0 0 -1
    outer loop
      vertex -11.844 15.026 -14
      vertex 11.844 15.026 -14
      vertex -11.7114 14.8813 -14
    endloop
  endfacet
  facet normal 0 0 -1
    outer loop
      vertex -11.9888 15.1586 -14
      vertex 11.844 15.026 -14
      vertex -11.844 15.026 -14
    endloop
  endfacet
  facet normal 0 0 -1
    outer loop
      vertex 11.9888 15.1586 -14
      vertex -11.9888 15.1586 -14
      vertex -12.1445 15.2781 -14
    endloop
  endfacet
  facet normal 0 0 -1
    outer loop
      vertex 12.1445 15.2781 -14
      vertex -12.1445 15.2781 -14
      vertex -12.31 15.3836 -14
    endloop
  endfacet
  facet normal 0 0 -1
    outer loop
      vertex 12.31 15.3836 -14
      vertex -12.31 15.3836 -14
      vertex -12.4841 15.4742 -14
    endloop
  endfacet
  facet normal 0 0 -1
    outer loop
      vertex 12.4841 15.4742 -14
      vertex -12.4841 15.4742 -14
      vertex -12.6655 15.5493 -14
    endloop
  endfacet
  facet normal 0 0 -1
    outer loop
      vertex 12.6655 15.5493 -14
      vertex -12.6655 15.5493 -14
      vertex -12.8527 15.6084 -14
    endloop
  endfacet
  facet normal 0 0 -1
    outer loop
      vertex 12.8527 15.6084 -14
      vertex -12.8527 15.6084 -14
      vertex 57.0532 57.0532 -14
    endloop
  endfacet
  facet normal 0 0 -1
    outer loop
      vertex -13.0443 15.6508 -14
      vertex 57.0532 57.0532 -14
      vertex -12.8527 15.6084 -14
    endloop
  endfacet
  facet normal 0 0 -1
    outer loop
      vertex -57.0532 57.0532 -14
      vertex -13.0443 15.6508 -14
      vertex -13.2389 15.6765 -14
    endloop
  endfacet
  facet normal 0 0 -1
    outer loop
      vertex -57.0532 57.0532 -14
      vertex -13.2389 15.6765 -14
      vertex -13.435 15.685 -14
    endloop
  endfacet
  facet normal 0 0 -1
    outer loop
      vertex -57.0532 57.0532 -14
      vertex -13.435 15.685 -14
      vertex -13.6311 15.6765 -14
    endloop
  endfacet
  facet normal 0 0 -1
    outer loop
      vertex -57.0532 57.0532 -14
      vertex -13.6311 15.6765 -14
      vertex -13.8257 15.6508 -14
    endloop
  endfacet
  facet normal 0 0 -1
    outer loop
      vertex -57.0532 57.0532 -14
      vertex -13.8257 15.6508 -14
      vertex -14.0174 15.6084 -14
    endloop
  endfacet
  facet normal 0 0 -1
    outer loop
      vertex -57.0532 57.0532 -14
      vertex -14.0174 15.6084 -14
      vertex -14.2046 15.5493 -14
    endloop
  endfacet
  facet normal 0 0 -1
    outer loop
      vertex -57.0532 57.0532 -14
      vertex -14.2046 15.5493 -14
      vertex -14.3859 15.4742 -14
    endloop
  endfacet
  facet normal 0 0 -1
    outer loop
      vertex -57.0532 57.0532 -14
      vertex -14.3859 15.4742 -14
      vertex -14.56 15.3836 -14
    endloop
  endfacet
  facet normal -0 0 -1
    outer loop
      vertex -15.6765 13.2389 -14
      vertex -51.0532 -17.0632 -14
      vertex -15.685 13.435 -14
    endloop
  endfacet
  facet normal -0 0 -1
    outer loop
      vertex -15.685 13.435 -14
      vertex -51.0532 -17.0632 -14
      vertex -15.6765 13.6311 -14
    endloop
  endfacet
  facet normal -0 0 -1
    outer loop
      vertex -15.6765 13.6311 -14
      vertex -51.0532 -17.0632 -14
      vertex -15.6508 13.8257 -14
    endloop
  endfacet
  facet normal 0 0 -1
    outer loop
      vertex -57.0532 57.0532 -14
      vertex -15.6508 13.8257 -14
      vertex -51.0532 -17.0632 -14
    endloop
  endfacet
  facet normal 0 0 -1
    outer loop
      vertex -15.6508 13.8257 -14
      vertex -57.0532 57.0532 -14
      vertex -15.6084 14.0174 -14
    endloop
  endfacet
  facet normal 0 0 -1
    outer loop
      vertex -15.6084 14.0174 -14
      vertex -57.0532 57.0532 -14
      vertex -15.5493 14.2046 -14
    endloop
  endfacet
  facet normal 0 0 -1
    outer loop
      vertex -15.5493 14.2046 -14
      vertex -57.0532 57.0532 -14
      vertex -15.4742 14.3859 -14
    endloop
  endfacet
  facet normal 0 0 -1
    outer loop
      vertex -15.4742 14.3859 -14
      vertex -57.0532 57.0532 -14
      vertex -15.3836 14.56 -14
    endloop
  endfacet
  facet normal 0 0 -1
    outer loop
      vertex -15.3836 14.56 -14
      vertex -57.0532 57.0532 -14
      vertex -15.2781 14.7256 -14
    endloop
  endfacet
  facet normal 0 0 -1
    outer loop
      vertex -15.2781 14.7256 -14
      vertex -57.0532 57.0532 -14
      vertex -15.1586 14.8813 -14
    endloop
  endfacet
  facet normal 0 0 -1
    outer loop
      vertex -15.1586 14.8813 -14
      vertex -57.0532 57.0532 -14
      vertex -15.026 15.026 -14
    endloop
  endfacet
  facet normal 0 0 -1
    outer loop
      vertex -57.0532 57.0532 -14
      vertex -51.0532 -17.0632 -14
      vertex -57.0532 -17.0632 -14
    endloop
  endfacet
  facet normal 0 0 -1
    outer loop
      vertex -15.026 15.026 -14
      vertex -57.0532 57.0532 -14
      vertex -14.8813 15.1586 -14
    endloop
  endfacet
  facet normal 0 0 -1
    outer loop
      vertex -13.0443 15.6508 -14
      vertex -57.0532 57.0532 -14
      vertex 57.0532 57.0532 -14
    endloop
  endfacet
  facet normal 0 0 -1
    outer loop
      vertex -14.7256 15.2781 -14
      vertex -57.0532 57.0532 -14
      vertex -14.56 15.3836 -14
    endloop
  endfacet
  facet normal 0 0 -1
    outer loop
      vertex -14.8813 15.1586 -14
      vertex -57.0532 57.0532 -14
      vertex -14.7256 15.2781 -14
    endloop
  endfacet
  facet normal -1 -0 0
    outer loop
      vertex 51.0532 -17.0632 -14
      vertex 51.0532 -57.0532 -77.984
      vertex 51.0532 -57.0532 -14
    endloop
  endfacet
  facet normal 0 0.847998 -0.529999
    outer loop
      vertex 57.0532 -57.0532 -77.984
      vertex 51.0532 -17.0632 -14
      vertex 57.0532 -17.0632 -14
    endloop
  endfacet
  facet normal 0 0.847998 -0.529999
    outer loop
      vertex 51.0532 -17.0632 -14
      vertex 57.0532 -57.0532 -77.984
      vertex 51.0532 -57.0532 -77.984
    endloop
  endfacet
  facet normal 1 0 0
    outer loop
      vertex 57.0532 57.0532 -8
      vertex 57.0532 -17.0632 -14
      vertex 57.0532 57.0532 -14
    endloop
  endfacet
  facet normal 1 -0 0
    outer loop
      vertex 57.0532 -63.0532 -8
      vertex 57.0532 -17.0632 -14
      vertex 57.0532 57.0532 -8
    endloop
  endfacet
  facet normal 1 0 0
    outer loop
      vertex 57.0532 -63.0532 -8
      vertex 57.0532 -57.0532 -77.984
      vertex 57.0532 -17.0632 -14
    endloop
  endfacet
  facet normal 1 0 0
    outer loop
      vertex 57.0532 -63.0532 -84
      vertex 57.0532 -57.0532 -77.984
      vertex 57.0532 -63.0532 -8
    endloop
  endfacet
  facet normal 1 0 0
    outer loop
      vertex 57.0532 -57.0532 -77.984
      vertex 57.0532 -63.0532 -84
      vertex 57.0532 -57.0532 -84
    endloop
  endfacet
  facet normal 0 0 1
    outer loop
      vertex -11.4865 12.31 -8
      vertex 11.4865 12.31 -8
      vertex -11.3958 12.4841 -8
    endloop
  endfacet
  facet normal 0 0 1
    outer loop
      vertex 11.844 -11.844 -8
      vertex -11.1936 -13.2389 -8
      vertex -11.185 -13.435 -8
    endloop
  endfacet
  facet normal 0 0 1
    outer loop
      vertex 11.4865 12.31 -8
      vertex -11.4865 12.31 -8
      vertex 11.5919 12.1445 -8
    endloop
  endfacet
  facet normal 0 0 1
    outer loop
      vertex 11.844 -11.844 -8
      vertex -11.2192 -13.0443 -8
      vertex -11.1936 -13.2389 -8
    endloop
  endfacet
  facet normal 0 0 1
    outer loop
      vertex -11.5919 12.1445 -8
      vertex 11.5919 12.1445 -8
      vertex -11.4865 12.31 -8
    endloop
  endfacet
  facet normal 0 0 1
    outer loop
      vertex 11.844 -11.844 -8
      vertex -11.2617 -12.8527 -8
      vertex -11.2192 -13.0443 -8
    endloop
  endfacet
  facet normal 0 0 1
    outer loop
      vertex 11.5919 12.1445 -8
      vertex -11.5919 12.1445 -8
      vertex 11.7114 11.9888 -8
    endloop
  endfacet
  facet normal 0 0 1
    outer loop
      vertex 11.844 -11.844 -8
      vertex -11.3207 -12.6655 -8
      vertex -11.2617 -12.8527 -8
    endloop
  endfacet
  facet normal 0 0 1
    outer loop
      vertex -11.7114 11.9888 -8
      vertex 11.7114 11.9888 -8
      vertex -11.5919 12.1445 -8
    endloop
  endfacet
  facet normal 0 0 1
    outer loop
      vertex 11.844 -11.844 -8
      vertex -11.3958 -12.4841 -8
      vertex -11.3207 -12.6655 -8
    endloop
  endfacet
  facet normal 0 0 1
    outer loop
      vertex 11.7114 11.9888 -8
      vertex -11.7114 11.9888 -8
      vertex 11.844 11.844 -8
    endloop
  endfacet
  facet normal 0 0 1
    outer loop
      vertex 11.844 -11.844 -8
      vertex -11.4865 -12.31 -8
      vertex -11.3958 -12.4841 -8
    endloop
  endfacet
  facet normal 0 0 1
    outer loop
      vertex -11.844 11.844 -8
      vertex 11.844 11.844 -8
      vertex -11.7114 11.9888 -8
    endloop
  endfacet
  facet normal 0 0 1
    outer loop
      vertex 11.844 -11.844 -8
      vertex -11.5919 -12.1445 -8
      vertex -11.4865 -12.31 -8
    endloop
  endfacet
  facet normal 0 0 1
    outer loop
      vertex 11.844 11.844 -8
      vertex -11.844 11.844 -8
      vertex 11.844 -11.844 -8
    endloop
  endfacet
  facet normal 0 0 1
    outer loop
      vertex 11.844 -11.844 -8
      vertex -11.7114 -11.9888 -8
      vertex -11.5919 -12.1445 -8
    endloop
  endfacet
  facet normal 0 0 1
    outer loop
      vertex -11.844 -11.844 -8
      vertex 11.844 -11.844 -8
      vertex -11.844 11.844 -8
    endloop
  endfacet
  facet normal 0 0 1
    outer loop
      vertex 11.844 -11.844 -8
      vertex -11.844 -11.844 -8
      vertex -11.7114 -11.9888 -8
    endloop
  endfacet
  facet normal -0 0 1
    outer loop
      vertex -11.9888 11.7114 -8
      vertex -11.844 -11.844 -8
      vertex -11.844 11.844 -8
    endloop
  endfacet
  facet normal 0 0 1
    outer loop
      vertex -11.9888 11.7114 -8
      vertex -11.9888 -11.7114 -8
      vertex -11.844 -11.844 -8
    endloop
  endfacet
  facet normal -0 0 1
    outer loop
      vertex -12.1445 11.5919 -8
      vertex -11.9888 -11.7114 -8
      vertex -11.9888 11.7114 -8
    endloop
  endfacet
  facet normal 0 0 1
    outer loop
      vertex -12.1445 11.5919 -8
      vertex -12.1445 -11.5919 -8
      vertex -11.9888 -11.7114 -8
    endloop
  endfacet
  facet normal -0 0 1
    outer loop
      vertex -12.31 11.4865 -8
      vertex -12.1445 -11.5919 -8
      vertex -12.1445 11.5919 -8
    endloop
  endfacet
  facet normal 0 0 1
    outer loop
      vertex -12.31 11.4865 -8
      vertex -12.31 -11.4865 -8
      vertex -12.1445 -11.5919 -8
    endloop
  endfacet
  facet normal -0 0 1
    outer loop
      vertex -12.4841 11.3958 -8
      vertex -12.31 -11.4865 -8
      vertex -12.31 11.4865 -8
    endloop
  endfacet
  facet normal 0 0 1
    outer loop
      vertex -12.4841 11.3958 -8
      vertex -12.4841 -11.3958 -8
      vertex -12.31 -11.4865 -8
    endloop
  endfacet
  facet normal -0 0 1
    outer loop
      vertex -12.6655 11.3207 -8
      vertex -12.4841 -11.3958 -8
      vertex -12.4841 11.3958 -8
    endloop
  endfacet
  facet normal 0 0 1
    outer loop
      vertex -12.6655 11.3207 -8
      vertex -12.6655 -11.3207 -8
      vertex -12.4841 -11.3958 -8
    endloop
  endfacet
  facet normal -0 0 1
    outer loop
      vertex -12.8527 11.2617 -8
      vertex -12.6655 -11.3207 -8
      vertex -12.6655 11.3207 -8
    endloop
  endfacet
  facet normal 0 0 1
    outer loop
      vertex -12.8527 11.2617 -8
      vertex -12.8527 -11.2617 -8
      vertex -12.6655 -11.3207 -8
    endloop
  endfacet
  facet normal -0 0 1
    outer loop
      vertex -13.0443 11.2192 -8
      vertex -12.8527 -11.2617 -8
      vertex -12.8527 11.2617 -8
    endloop
  endfacet
  facet normal 0 0 1
    outer loop
      vertex -13.0443 11.2192 -8
      vertex -13.0443 -11.2192 -8
      vertex -12.8527 -11.2617 -8
    endloop
  endfacet
  facet normal -0 0 1
    outer loop
      vertex -13.2389 11.1936 -8
      vertex -13.0443 -11.2192 -8
      vertex -13.0443 11.2192 -8
    endloop
  endfacet
  facet normal 0 0 1
    outer loop
      vertex -13.2389 11.1936 -8
      vertex -13.2389 -11.1936 -8
      vertex -13.0443 -11.2192 -8
    endloop
  endfacet
  facet normal -0 0 1
    outer loop
      vertex -13.435 11.185 -8
      vertex -13.2389 -11.1936 -8
      vertex -13.2389 11.1936 -8
    endloop
  endfacet
  facet normal 0 0 1
    outer loop
      vertex -13.435 11.185 -8
      vertex -13.435 -11.185 -8
      vertex -13.2389 -11.1936 -8
    endloop
  endfacet
  facet normal 0 0 1
    outer loop
      vertex -13.6311 11.1936 -8
      vertex -13.435 -11.185 -8
      vertex -13.435 11.185 -8
    endloop
  endfacet
  facet normal 0 0 1
    outer loop
      vertex -13.6311 11.1936 -8
      vertex -13.6311 -11.1936 -8
      vertex -13.435 -11.185 -8
    endloop
  endfacet
  facet normal 0 0 1
    outer loop
      vertex -13.8257 11.2192 -8
      vertex -13.6311 -11.1936 -8
      vertex -13.6311 11.1936 -8
    endloop
  endfacet
  facet normal 0 0 1
    outer loop
      vertex -13.8257 11.2192 -8
      vertex -13.8257 -11.2192 -8
      vertex -13.6311 -11.1936 -8
    endloop
  endfacet
  facet normal 0 0 1
    outer loop
      vertex -14.0174 11.2617 -8
      vertex -13.8257 -11.2192 -8
      vertex -13.8257 11.2192 -8
    endloop
  endfacet
  facet normal 0 0 1
    outer loop
      vertex -14.0174 11.2617 -8
      vertex -14.0174 -11.2617 -8
      vertex -13.8257 -11.2192 -8
    endloop
  endfacet
  facet normal 0 0 1
    outer loop
      vertex -14.2046 11.3207 -8
      vertex -14.0174 -11.2617 -8
      vertex -14.0174 11.2617 -8
    endloop
  endfacet
  facet normal 0 0 1
    outer loop
      vertex -14.2046 11.3207 -8
      vertex -14.2046 -11.3207 -8
      vertex -14.0174 -11.2617 -8
    endloop
  endfacet
  facet normal 0 0 1
    outer loop
      vertex -14.3859 11.3958 -8
      vertex -14.2046 -11.3207 -8
      vertex -14.2046 11.3207 -8
    endloop
  endfacet
  facet normal 0 0 1
    outer loop
      vertex -14.3859 11.3958 -8
      vertex -14.3859 -11.3958 -8
      vertex -14.2046 -11.3207 -8
    endloop
  endfacet
  facet normal 0 0 1
    outer loop
      vertex -14.56 11.4865 -8
      vertex -14.3859 -11.3958 -8
      vertex -14.3859 11.3958 -8
    endloop
  endfacet
  facet normal 0 0 1
    outer loop
      vertex -14.56 11.4865 -8
      vertex -14.56 -11.4865 -8
      vertex -14.3859 -11.3958 -8
    endloop
  endfacet
  facet normal 0 0 1
    outer loop
      vertex -14.7256 11.5919 -8
      vertex -14.56 -11.4865 -8
      vertex -14.56 11.4865 -8
    endloop
  endfacet
  facet normal 0 0 1
    outer loop
      vertex -14.7256 11.5919 -8
      vertex -14.7256 -11.5919 -8
      vertex -14.56 -11.4865 -8
    endloop
  endfacet
  facet normal 0 0 1
    outer loop
      vertex -14.8813 11.7114 -8
      vertex -14.7256 -11.5919 -8
      vertex -14.7256 11.5919 -8
    endloop
  endfacet
  facet normal 0 0 1
    outer loop
      vertex -14.8813 11.7114 -8
      vertex -14.8813 -11.7114 -8
      vertex -14.7256 -11.5919 -8
    endloop
  endfacet
  facet normal 0 0 1
    outer loop
      vertex -15.026 11.844 -8
      vertex -14.8813 -11.7114 -8
      vertex -14.8813 11.7114 -8
    endloop
  endfacet
  facet normal 0 0 1
    outer loop
      vertex -15.026 11.844 -8
      vertex -15.026 -11.844 -8
      vertex -14.8813 -11.7114 -8
    endloop
  endfacet
  facet normal 0 0 1
    outer loop
      vertex -15.1586 11.9888 -8
      vertex -15.026 -11.844 -8
      vertex -15.026 11.844 -8
    endloop
  endfacet
  facet normal 0 0 1
    outer loop
      vertex -15.1586 11.9888 -8
      vertex -15.1586 -11.9888 -8
      vertex -15.026 -11.844 -8
    endloop
  endfacet
  facet normal 0 0 1
    outer loop
      vertex -15.2781 12.1445 -8
      vertex -15.1586 -11.9888 -8
      vertex -15.1586 11.9888 -8
    endloop
  endfacet
  facet normal 0 0 1
    outer loop
      vertex -15.2781 12.1445 -8
      vertex -15.2781 -12.1445 -8
      vertex -15.1586 -11.9888 -8
    endloop
  endfacet
  facet normal 0 0 1
    outer loop
      vertex -15.3836 12.31 -8
      vertex -15.2781 -12.1445 -8
      vertex -15.2781 12.1445 -8
    endloop
  endfacet
  facet normal 0 0 1
    outer loop
      vertex -15.3836 12.31 -8
      vertex -15.3836 -12.31 -8
      vertex -15.2781 -12.1445 -8
    endloop
  endfacet
  facet normal 0 0 1
    outer loop
      vertex -15.4742 12.4841 -8
      vertex -15.3836 -12.31 -8
      vertex -15.3836 12.31 -8
    endloop
  endfacet
  facet normal 0 0 1
    outer loop
      vertex -15.4742 12.4841 -8
      vertex -15.4742 -12.4841 -8
      vertex -15.3836 -12.31 -8
    endloop
  endfacet
  facet normal 0 0 1
    outer loop
      vertex -15.5493 12.6655 -8
      vertex -15.4742 -12.4841 -8
      vertex -15.4742 12.4841 -8
    endloop
  endfacet
  facet normal 0 0 1
    outer loop
      vertex -15.5493 12.6655 -8
      vertex -15.5493 -12.6655 -8
      vertex -15.4742 -12.4841 -8
    endloop
  endfacet
  facet normal 0 0 1
    outer loop
      vertex -15.6084 12.8527 -8
      vertex -15.5493 -12.6655 -8
      vertex -15.5493 12.6655 -8
    endloop
  endfacet
  facet normal 0 0 1
    outer loop
      vertex -15.6084 12.8527 -8
      vertex -15.6084 -12.8527 -8
      vertex -15.5493 -12.6655 -8
    endloop
  endfacet
  facet normal 0 0 1
    outer loop
      vertex -15.6508 13.0443 -8
      vertex -15.6084 -12.8527 -8
      vertex -15.6084 12.8527 -8
    endloop
  endfacet
  facet normal 0 0 1
    outer loop
      vertex -15.6508 13.0443 -8
      vertex -15.6508 -13.0443 -8
      vertex -15.6084 -12.8527 -8
    endloop
  endfacet
  facet normal 0 0 1
    outer loop
      vertex -57.0532 57.0532 -8
      vertex -15.6508 13.0443 -8
      vertex -15.6765 13.2389 -8
    endloop
  endfacet
  facet normal 0 0 1
    outer loop
      vertex -15.6508 13.0443 -8
      vertex -57.0532 57.0532 -8
      vertex -15.6508 -13.0443 -8
    endloop
  endfacet
  facet normal 0 0 1
    outer loop
      vertex -57.0532 57.0532 -8
      vertex -15.6765 13.2389 -8
      vertex -15.685 13.435 -8
    endloop
  endfacet
  facet normal 0 0 1
    outer loop
      vertex -57.0532 -63.0532 -8
      vertex -15.6508 -13.0443 -8
      vertex -57.0532 57.0532 -8
    endloop
  endfacet
  facet normal 0 0 1
    outer loop
      vertex 15.6508 13.0443 -8
      vertex 57.0532 57.0532 -8
      vertex 15.6765 13.2389 -8
    endloop
  endfacet
  facet normal 0 0 1
    outer loop
      vertex 57.0532 57.0532 -8
      vertex 15.6765 -13.2389 -8
      vertex 15.685 -13.435 -8
    endloop
  endfacet
  facet normal 0 0 1
    outer loop
      vertex 15.6508 -13.0443 -8
      vertex 57.0532 57.0532 -8
      vertex 15.6508 13.0443 -8
    endloop
  endfacet
  facet normal 0 0 1
    outer loop
      vertex 57.0532 57.0532 -8
      vertex 15.6508 -13.0443 -8
      vertex 15.6765 -13.2389 -8
    endloop
  endfacet
  facet normal -0 0 1
    outer loop
      vertex 15.6084 12.8527 -8
      vertex 15.6508 -13.0443 -8
      vertex 15.6508 13.0443 -8
    endloop
  endfacet
  facet normal 0 0 1
    outer loop
      vertex 15.6084 12.8527 -8
      vertex 15.6084 -12.8527 -8
      vertex 15.6508 -13.0443 -8
    endloop
  endfacet
  facet normal -0 0 1
    outer loop
      vertex 15.5493 12.6655 -8
      vertex 15.6084 -12.8527 -8
      vertex 15.6084 12.8527 -8
    endloop
  endfacet
  facet normal 0 0 1
    outer loop
      vertex 15.5493 12.6655 -8
      vertex 15.5493 -12.6655 -8
      vertex 15.6084 -12.8527 -8
    endloop
  endfacet
  facet normal -0 0 1
    outer loop
      vertex 15.4742 12.4841 -8
      vertex 15.5493 -12.6655 -8
      vertex 15.5493 12.6655 -8
    endloop
  endfacet
  facet normal 0 0 1
    outer loop
      vertex 15.4742 12.4841 -8
      vertex 15.4742 -12.4841 -8
      vertex 15.5493 -12.6655 -8
    endloop
  endfacet
  facet normal -0 0 1
    outer loop
      vertex 15.3836 12.31 -8
      vertex 15.4742 -12.4841 -8
      vertex 15.4742 12.4841 -8
    endloop
  endfacet
  facet normal 0 0 1
    outer loop
      vertex 15.3836 12.31 -8
      vertex 15.3836 -12.31 -8
      vertex 15.4742 -12.4841 -8
    endloop
  endfacet
  facet normal -0 0 1
    outer loop
      vertex 15.2781 12.1445 -8
      vertex 15.3836 -12.31 -8
      vertex 15.3836 12.31 -8
    endloop
  endfacet
  facet normal 0 0 1
    outer loop
      vertex 15.2781 12.1445 -8
      vertex 15.2781 -12.1445 -8
      vertex 15.3836 -12.31 -8
    endloop
  endfacet
  facet normal -0 0 1
    outer loop
      vertex 15.1586 11.9888 -8
      vertex 15.2781 -12.1445 -8
      vertex 15.2781 12.1445 -8
    endloop
  endfacet
  facet normal 0 0 1
    outer loop
      vertex 15.1586 11.9888 -8
      vertex 15.1586 -11.9888 -8
      vertex 15.2781 -12.1445 -8
    endloop
  endfacet
  facet normal -0 0 1
    outer loop
      vertex 15.026 11.844 -8
      vertex 15.1586 -11.9888 -8
      vertex 15.1586 11.9888 -8
    endloop
  endfacet
  facet normal 0 0 1
    outer loop
      vertex 15.026 11.844 -8
      vertex 15.026 -11.844 -8
      vertex 15.1586 -11.9888 -8
    endloop
  endfacet
  facet normal -0 0 1
    outer loop
      vertex 14.8813 11.7114 -8
      vertex 15.026 -11.844 -8
      vertex 15.026 11.844 -8
    endloop
  endfacet
  facet normal 0 0 1
    outer loop
      vertex 14.8813 11.7114 -8
      vertex 14.8813 -11.7114 -8
      vertex 15.026 -11.844 -8
    endloop
  endfacet
  facet normal -0 0 1
    outer loop
      vertex 14.7256 11.5919 -8
      vertex 14.8813 -11.7114 -8
      vertex 14.8813 11.7114 -8
    endloop
  endfacet
  facet normal 0 0 1
    outer loop
      vertex 14.7256 11.5919 -8
      vertex 14.7256 -11.5919 -8
      vertex 14.8813 -11.7114 -8
    endloop
  endfacet
  facet normal -0 0 1
    outer loop
      vertex 14.56 11.4865 -8
      vertex 14.7256 -11.5919 -8
      vertex 14.7256 11.5919 -8
    endloop
  endfacet
  facet normal 0 0 1
    outer loop
      vertex 14.56 11.4865 -8
      vertex 14.56 -11.4865 -8
      vertex 14.7256 -11.5919 -8
    endloop
  endfacet
  facet normal -0 0 1
    outer loop
      vertex 14.3859 11.3958 -8
      vertex 14.56 -11.4865 -8
      vertex 14.56 11.4865 -8
    endloop
  endfacet
  facet normal 0 0 1
    outer loop
      vertex 14.3859 11.3958 -8
      vertex 14.3859 -11.3958 -8
      vertex 14.56 -11.4865 -8
    endloop
  endfacet
  facet normal -0 0 1
    outer loop
      vertex 14.2046 11.3207 -8
      vertex 14.3859 -11.3958 -8
      vertex 14.3859 11.3958 -8
    endloop
  endfacet
  facet normal 0 0 1
    outer loop
      vertex 14.2046 11.3207 -8
      vertex 14.2046 -11.3207 -8
      vertex 14.3859 -11.3958 -8
    endloop
  endfacet
  facet normal -0 0 1
    outer loop
      vertex 14.0174 11.2617 -8
      vertex 14.2046 -11.3207 -8
      vertex 14.2046 11.3207 -8
    endloop
  endfacet
  facet normal 0 0 1
    outer loop
      vertex 14.0174 11.2617 -8
      vertex 14.0174 -11.2617 -8
      vertex 14.2046 -11.3207 -8
    endloop
  endfacet
  facet normal -0 0 1
    outer loop
      vertex 13.8257 11.2192 -8
      vertex 14.0174 -11.2617 -8
      vertex 14.0174 11.2617 -8
    endloop
  endfacet
  facet normal 0 0 1
    outer loop
      vertex 13.8257 11.2192 -8
      vertex 13.8257 -11.2192 -8
      vertex 14.0174 -11.2617 -8
    endloop
  endfacet
  facet normal -0 0 1
    outer loop
      vertex 13.6311 11.1936 -8
      vertex 13.8257 -11.2192 -8
      vertex 13.8257 11.2192 -8
    endloop
  endfacet
  facet normal 0 0 1
    outer loop
      vertex 13.6311 11.1936 -8
      vertex 13.6311 -11.1936 -8
      vertex 13.8257 -11.2192 -8
    endloop
  endfacet
  facet normal -0 0 1
    outer loop
      vertex 13.435 11.185 -8
      vertex 13.6311 -11.1936 -8
      vertex 13.6311 11.1936 -8
    endloop
  endfacet
  facet normal 0 0 1
    outer loop
      vertex 13.435 11.185 -8
      vertex 13.435 -11.185 -8
      vertex 13.6311 -11.1936 -8
    endloop
  endfacet
  facet normal 0 0 1
    outer loop
      vertex 13.2389 11.1936 -8
      vertex 13.435 -11.185 -8
      vertex 13.435 11.185 -8
    endloop
  endfacet
  facet normal 0 0 1
    outer loop
      vertex 13.2389 11.1936 -8
      vertex 13.2389 -11.1936 -8
      vertex 13.435 -11.185 -8
    endloop
  endfacet
  facet normal 0 0 1
    outer loop
      vertex 13.0443 11.2192 -8
      vertex 13.2389 -11.1936 -8
      vertex 13.2389 11.1936 -8
    endloop
  endfacet
  facet normal 0 0 1
    outer loop
      vertex 13.0443 11.2192 -8
      vertex 13.0443 -11.2192 -8
      vertex 13.2389 -11.1936 -8
    endloop
  endfacet
  facet normal 0 0 1
    outer loop
      vertex 12.8527 11.2617 -8
      vertex 13.0443 -11.2192 -8
      vertex 13.0443 11.2192 -8
    endloop
  endfacet
  facet normal 0 0 1
    outer loop
      vertex 12.8527 11.2617 -8
      vertex 12.8527 -11.2617 -8
      vertex 13.0443 -11.2192 -8
    endloop
  endfacet
  facet normal 0 0 1
    outer loop
      vertex 12.6655 11.3207 -8
      vertex 12.8527 -11.2617 -8
      vertex 12.8527 11.2617 -8
    endloop
  endfacet
  facet normal 0 0 1
    outer loop
      vertex 12.6655 11.3207 -8
      vertex 12.6655 -11.3207 -8
      vertex 12.8527 -11.2617 -8
    endloop
  endfacet
  facet normal 0 0 1
    outer loop
      vertex 12.4841 11.3958 -8
      vertex 12.6655 -11.3207 -8
      vertex 12.6655 11.3207 -8
    endloop
  endfacet
  facet normal 0 0 1
    outer loop
      vertex 12.4841 11.3958 -8
      vertex 12.4841 -11.3958 -8
      vertex 12.6655 -11.3207 -8
    endloop
  endfacet
  facet normal 0 0 1
    outer loop
      vertex 12.31 11.4865 -8
      vertex 12.4841 -11.3958 -8
      vertex 12.4841 11.3958 -8
    endloop
  endfacet
  facet normal 0 0 1
    outer loop
      vertex 12.31 11.4865 -8
      vertex 12.31 -11.4865 -8
      vertex 12.4841 -11.3958 -8
    endloop
  endfacet
  facet normal 0 0 1
    outer loop
      vertex 12.1445 11.5919 -8
      vertex 12.31 -11.4865 -8
      vertex 12.31 11.4865 -8
    endloop
  endfacet
  facet normal 0 0 1
    outer loop
      vertex 12.1445 11.5919 -8
      vertex 12.1445 -11.5919 -8
      vertex 12.31 -11.4865 -8
    endloop
  endfacet
  facet normal 0 0 1
    outer loop
      vertex 11.9888 11.7114 -8
      vertex 12.1445 -11.5919 -8
      vertex 12.1445 11.5919 -8
    endloop
  endfacet
  facet normal 0 0 1
    outer loop
      vertex 11.9888 11.7114 -8
      vertex 11.9888 -11.7114 -8
      vertex 12.1445 -11.5919 -8
    endloop
  endfacet
  facet normal 0 0 1
    outer loop
      vertex 11.844 11.844 -8
      vertex 11.9888 -11.7114 -8
      vertex 11.9888 11.7114 -8
    endloop
  endfacet
  facet normal 0 0 1
    outer loop
      vertex 11.844 11.844 -8
      vertex 11.844 -11.844 -8
      vertex 11.9888 -11.7114 -8
    endloop
  endfacet
  facet normal 0 0 1
    outer loop
      vertex 11.3207 12.6655 -8
      vertex -11.3207 12.6655 -8
      vertex 11.3958 12.4841 -8
    endloop
  endfacet
  facet normal 0 0 1
    outer loop
      vertex -11.3958 12.4841 -8
      vertex 11.3958 12.4841 -8
      vertex -11.3207 12.6655 -8
    endloop
  endfacet
  facet normal 0 0 1
    outer loop
      vertex -11.3207 12.6655 -8
      vertex 11.3207 12.6655 -8
      vertex -11.2617 12.8527 -8
    endloop
  endfacet
  facet normal 0 0 1
    outer loop
      vertex 11.3958 12.4841 -8
      vertex -11.3958 12.4841 -8
      vertex 11.4865 12.31 -8
    endloop
  endfacet
  facet normal 0 0 1
    outer loop
      vertex 11.2617 12.8527 -8
      vertex -11.2617 12.8527 -8
      vertex 11.3207 12.6655 -8
    endloop
  endfacet
  facet normal 0 0 1
    outer loop
      vertex 11.844 -11.844 -8
      vertex -11.185 -13.435 -8
      vertex 11.7114 -11.9888 -8
    endloop
  endfacet
  facet normal 0 0 1
    outer loop
      vertex -11.2617 12.8527 -8
      vertex 11.2617 12.8527 -8
      vertex -11.2192 13.0443 -8
    endloop
  endfacet
  facet normal 0 0 1
    outer loop
      vertex 11.7114 -11.9888 -8
      vertex -11.185 -13.435 -8
      vertex 11.5919 -12.1445 -8
    endloop
  endfacet
  facet normal 0 0 1
    outer loop
      vertex 11.2192 13.0443 -8
      vertex -11.2192 13.0443 -8
      vertex 11.2617 12.8527 -8
    endloop
  endfacet
  facet normal 0 0 1
    outer loop
      vertex 11.5919 -12.1445 -8
      vertex -11.185 -13.435 -8
      vertex 11.4865 -12.31 -8
    endloop
  endfacet
  facet normal 0 0 1
    outer loop
      vertex -11.2192 13.0443 -8
      vertex 11.2192 13.0443 -8
      vertex -11.1936 13.2389 -8
    endloop
  endfacet
  facet normal 0 0 1
    outer loop
      vertex 11.4865 -12.31 -8
      vertex -11.185 -13.435 -8
      vertex 11.3958 -12.4841 -8
    endloop
  endfacet
  facet normal 0 0 1
    outer loop
      vertex 11.1936 13.2389 -8
      vertex -11.1936 13.2389 -8
      vertex 11.2192 13.0443 -8
    endloop
  endfacet
  facet normal 0 0 1
    outer loop
      vertex 11.3958 -12.4841 -8
      vertex -11.185 -13.435 -8
      vertex 11.3207 -12.6655 -8
    endloop
  endfacet
  facet normal 0 0 1
    outer loop
      vertex -11.1936 13.2389 -8
      vertex 11.1936 13.2389 -8
      vertex -11.185 13.435 -8
    endloop
  endfacet
  facet normal 0 0 1
    outer loop
      vertex 11.3207 -12.6655 -8
      vertex -11.185 -13.435 -8
      vertex 11.2617 -12.8527 -8
    endloop
  endfacet
  facet normal -0 0 1
    outer loop
      vertex -11.185 13.435 -8
      vertex 11.1936 13.2389 -8
      vertex 11.185 13.435 -8
    endloop
  endfacet
  facet normal 0 0 1
    outer loop
      vertex 11.2617 -12.8527 -8
      vertex -11.185 -13.435 -8
      vertex 11.2192 -13.0443 -8
    endloop
  endfacet
  facet normal 0 0 1
    outer loop
      vertex 15.6765 13.2389 -8
      vertex 57.0532 57.0532 -8
      vertex 15.685 13.435 -8
    endloop
  endfacet
  facet normal 0 0 1
    outer loop
      vertex 57.0532 57.0532 -8
      vertex 15.6765 13.6311 -8
      vertex 15.685 13.435 -8
    endloop
  endfacet
  facet normal 0 0 1
    outer loop
      vertex 57.0532 57.0532 -8
      vertex 15.6508 13.8257 -8
      vertex 15.6765 13.6311 -8
    endloop
  endfacet
  facet normal 0 0 1
    outer loop
      vertex 57.0532 57.0532 -8
      vertex 15.6084 14.0174 -8
      vertex 15.6508 13.8257 -8
    endloop
  endfacet
  facet normal 0 0 1
    outer loop
      vertex 57.0532 57.0532 -8
      vertex 15.5493 14.2046 -8
      vertex 15.6084 14.0174 -8
    endloop
  endfacet
  facet normal 0 0 1
    outer loop
      vertex 57.0532 57.0532 -8
      vertex 15.4742 14.3859 -8
      vertex 15.5493 14.2046 -8
    endloop
  endfacet
  facet normal 0 0 1
    outer loop
      vertex 57.0532 57.0532 -8
      vertex 15.3836 14.56 -8
      vertex 15.4742 14.3859 -8
    endloop
  endfacet
  facet normal 0 0 1
    outer loop
      vertex 57.0532 57.0532 -8
      vertex 15.2781 14.7256 -8
      vertex 15.3836 14.56 -8
    endloop
  endfacet
  facet normal 0 0 1
    outer loop
      vertex 57.0532 57.0532 -8
      vertex 15.1586 14.8813 -8
      vertex 15.2781 14.7256 -8
    endloop
  endfacet
  facet normal 0 0 1
    outer loop
      vertex 57.0532 57.0532 -8
      vertex 15.026 15.026 -8
      vertex 15.1586 14.8813 -8
    endloop
  endfacet
  facet normal 0 0 1
    outer loop
      vertex 57.0532 57.0532 -8
      vertex 14.8813 15.1586 -8
      vertex 15.026 15.026 -8
    endloop
  endfacet
  facet normal 0 0 1
    outer loop
      vertex 57.0532 57.0532 -8
      vertex 14.7256 15.2781 -8
      vertex 14.8813 15.1586 -8
    endloop
  endfacet
  facet normal 0 0 1
    outer loop
      vertex 57.0532 57.0532 -8
      vertex 14.56 15.3836 -8
      vertex 14.7256 15.2781 -8
    endloop
  endfacet
  facet normal 0 0 1
    outer loop
      vertex 57.0532 57.0532 -8
      vertex 14.3859 15.4742 -8
      vertex 14.56 15.3836 -8
    endloop
  endfacet
  facet normal 0 0 1
    outer loop
      vertex 57.0532 57.0532 -8
      vertex 14.2046 15.5493 -8
      vertex 14.3859 15.4742 -8
    endloop
  endfacet
  facet normal 0 0 1
    outer loop
      vertex 57.0532 57.0532 -8
      vertex 14.0174 15.6084 -8
      vertex 14.2046 15.5493 -8
    endloop
  endfacet
  facet normal 0 0 1
    outer loop
      vertex 57.0532 57.0532 -8
      vertex 13.8257 15.6508 -8
      vertex 14.0174 15.6084 -8
    endloop
  endfacet
  facet normal 0 0 1
    outer loop
      vertex 57.0532 57.0532 -8
      vertex 13.6311 15.6765 -8
      vertex 13.8257 15.6508 -8
    endloop
  endfacet
  facet normal 0 0 1
    outer loop
      vertex 57.0532 57.0532 -8
      vertex 13.435 15.685 -8
      vertex 13.6311 15.6765 -8
    endloop
  endfacet
  facet normal 0 0 1
    outer loop
      vertex 57.0532 57.0532 -8
      vertex 13.2389 15.6765 -8
      vertex 13.435 15.685 -8
    endloop
  endfacet
  facet normal 0 0 1
    outer loop
      vertex 57.0532 57.0532 -8
      vertex 13.0443 15.6508 -8
      vertex 13.2389 15.6765 -8
    endloop
  endfacet
  facet normal 0 0 1
    outer loop
      vertex 57.0532 57.0532 -8
      vertex 12.8527 15.6084 -8
      vertex 13.0443 15.6508 -8
    endloop
  endfacet
  facet normal 0 0 1
    outer loop
      vertex -12.8527 15.6084 -8
      vertex 12.8527 15.6084 -8
      vertex 57.0532 57.0532 -8
    endloop
  endfacet
  facet normal 0 0 1
    outer loop
      vertex 12.8527 15.6084 -8
      vertex -12.8527 15.6084 -8
      vertex 12.6655 15.5493 -8
    endloop
  endfacet
  facet normal 0 -0 1
    outer loop
      vertex -12.6655 15.5493 -8
      vertex 12.6655 15.5493 -8
      vertex -12.8527 15.6084 -8
    endloop
  endfacet
  facet normal 0 0 1
    outer loop
      vertex 12.6655 15.5493 -8
      vertex -12.6655 15.5493 -8
      vertex 12.4841 15.4742 -8
    endloop
  endfacet
  facet normal 0 -0 1
    outer loop
      vertex -12.4841 15.4742 -8
      vertex 12.4841 15.4742 -8
      vertex -12.6655 15.5493 -8
    endloop
  endfacet
  facet normal 0 0 1
    outer loop
      vertex 12.4841 15.4742 -8
      vertex -12.4841 15.4742 -8
      vertex 12.31 15.3836 -8
    endloop
  endfacet
  facet normal 0 0 1
    outer loop
      vertex 11.2192 -13.0443 -8
      vertex -11.185 -13.435 -8
      vertex 11.1936 -13.2389 -8
    endloop
  endfacet
  facet normal 0 0 1
    outer loop
      vertex 11.1936 13.6311 -8
      vertex -11.185 13.435 -8
      vertex 11.185 13.435 -8
    endloop
  endfacet
  facet normal 0 0 1
    outer loop
      vertex -11.1936 13.6311 -8
      vertex 11.1936 13.6311 -8
      vertex 11.2192 13.8257 -8
    endloop
  endfacet
  facet normal 0 0 1
    outer loop
      vertex -11.2192 13.8257 -8
      vertex 11.2192 13.8257 -8
      vertex 11.2617 14.0174 -8
    endloop
  endfacet
  facet normal 0 0 1
    outer loop
      vertex -11.2617 14.0174 -8
      vertex 11.2617 14.0174 -8
      vertex 11.3207 14.2046 -8
    endloop
  endfacet
  facet normal 0 0 1
    outer loop
      vertex -11.3207 14.2046 -8
      vertex 11.3207 14.2046 -8
      vertex 11.3958 14.3859 -8
    endloop
  endfacet
  facet normal 0 0 1
    outer loop
      vertex -11.3958 14.3859 -8
      vertex 11.3958 14.3859 -8
      vertex 11.4865 14.56 -8
    endloop
  endfacet
  facet normal 0 0 1
    outer loop
      vertex -11.4865 14.56 -8
      vertex 11.4865 14.56 -8
      vertex 11.5919 14.7256 -8
    endloop
  endfacet
  facet normal 0 0 1
    outer loop
      vertex -11.5919 14.7256 -8
      vertex 11.5919 14.7256 -8
      vertex 11.7114 14.8813 -8
    endloop
  endfacet
  facet normal 0 0 1
    outer loop
      vertex -11.7114 14.8813 -8
      vertex 11.7114 14.8813 -8
      vertex 11.844 15.026 -8
    endloop
  endfacet
  facet normal 0 -0 1
    outer loop
      vertex -12.31 15.3836 -8
      vertex 12.31 15.3836 -8
      vertex -12.4841 15.4742 -8
    endloop
  endfacet
  facet normal 0 0 1
    outer loop
      vertex 11.1936 13.6311 -8
      vertex -11.1936 13.6311 -8
      vertex -11.185 13.435 -8
    endloop
  endfacet
  facet normal 0 0 1
    outer loop
      vertex 11.2192 13.8257 -8
      vertex -11.2192 13.8257 -8
      vertex -11.1936 13.6311 -8
    endloop
  endfacet
  facet normal 0 0 1
    outer loop
      vertex 11.2617 14.0174 -8
      vertex -11.2617 14.0174 -8
      vertex -11.2192 13.8257 -8
    endloop
  endfacet
  facet normal 0 0 1
    outer loop
      vertex 11.3207 14.2046 -8
      vertex -11.3207 14.2046 -8
      vertex -11.2617 14.0174 -8
    endloop
  endfacet
  facet normal 0 0 1
    outer loop
      vertex 11.3958 14.3859 -8
      vertex -11.3958 14.3859 -8
      vertex -11.3207 14.2046 -8
    endloop
  endfacet
  facet normal 0 0 1
    outer loop
      vertex 11.4865 14.56 -8
      vertex -11.4865 14.56 -8
      vertex -11.3958 14.3859 -8
    endloop
  endfacet
  facet normal 0 0 1
    outer loop
      vertex 11.5919 14.7256 -8
      vertex -11.5919 14.7256 -8
      vertex -11.4865 14.56 -8
    endloop
  endfacet
  facet normal 0 0 1
    outer loop
      vertex 11.7114 14.8813 -8
      vertex -11.7114 14.8813 -8
      vertex -11.5919 14.7256 -8
    endloop
  endfacet
  facet normal 0 0 1
    outer loop
      vertex 11.844 15.026 -8
      vertex -11.844 15.026 -8
      vertex -11.7114 14.8813 -8
    endloop
  endfacet
  facet normal 0 0 1
    outer loop
      vertex 11.844 15.026 -8
      vertex -11.9888 15.1586 -8
      vertex -11.844 15.026 -8
    endloop
  endfacet
  facet normal 0 0 1
    outer loop
      vertex 11.9888 15.1586 -8
      vertex -11.9888 15.1586 -8
      vertex 11.844 15.026 -8
    endloop
  endfacet
  facet normal 0 -0 1
    outer loop
      vertex -11.9888 15.1586 -8
      vertex 11.9888 15.1586 -8
      vertex -12.1445 15.2781 -8
    endloop
  endfacet
  facet normal 0 0 1
    outer loop
      vertex 12.1445 15.2781 -8
      vertex -12.1445 15.2781 -8
      vertex 11.9888 15.1586 -8
    endloop
  endfacet
  facet normal 0 -0 1
    outer loop
      vertex -12.1445 15.2781 -8
      vertex 12.1445 15.2781 -8
      vertex -12.31 15.3836 -8
    endloop
  endfacet
  facet normal 0 0 1
    outer loop
      vertex 12.31 15.3836 -8
      vertex -12.31 15.3836 -8
      vertex 12.1445 15.2781 -8
    endloop
  endfacet
  facet normal 0 0 1
    outer loop
      vertex 57.0532 57.0532 -8
      vertex -13.0443 15.6508 -8
      vertex -12.8527 15.6084 -8
    endloop
  endfacet
  facet normal -0 0 1
    outer loop
      vertex -57.0532 57.0532 -8
      vertex -13.0443 15.6508 -8
      vertex 57.0532 57.0532 -8
    endloop
  endfacet
  facet normal 0 0 1
    outer loop
      vertex -13.0443 15.6508 -8
      vertex -57.0532 57.0532 -8
      vertex -13.2389 15.6765 -8
    endloop
  endfacet
  facet normal 0 0 1
    outer loop
      vertex -13.2389 15.6765 -8
      vertex -57.0532 57.0532 -8
      vertex -13.435 15.685 -8
    endloop
  endfacet
  facet normal 0 0 1
    outer loop
      vertex -13.435 15.685 -8
      vertex -57.0532 57.0532 -8
      vertex -13.6311 15.6765 -8
    endloop
  endfacet
  facet normal 0 0 1
    outer loop
      vertex -13.6311 15.6765 -8
      vertex -57.0532 57.0532 -8
      vertex -13.8257 15.6508 -8
    endloop
  endfacet
  facet normal 0 0 1
    outer loop
      vertex -13.8257 15.6508 -8
      vertex -57.0532 57.0532 -8
      vertex -14.0174 15.6084 -8
    endloop
  endfacet
  facet normal 0 0 1
    outer loop
      vertex -14.0174 15.6084 -8
      vertex -57.0532 57.0532 -8
      vertex -14.2046 15.5493 -8
    endloop
  endfacet
  facet normal 0 0 1
    outer loop
      vertex -14.2046 15.5493 -8
      vertex -57.0532 57.0532 -8
      vertex -14.3859 15.4742 -8
    endloop
  endfacet
  facet normal 0 0 1
    outer loop
      vertex -15.6508 -13.0443 -8
      vertex -57.0532 -63.0532 -8
      vertex -15.6765 -13.2389 -8
    endloop
  endfacet
  facet normal 0 0 1
    outer loop
      vertex -15.6765 13.6311 -8
      vertex -57.0532 57.0532 -8
      vertex -15.685 13.435 -8
    endloop
  endfacet
  facet normal 0 0 1
    outer loop
      vertex -15.6508 13.8257 -8
      vertex -57.0532 57.0532 -8
      vertex -15.6765 13.6311 -8
    endloop
  endfacet
  facet normal 0 0 1
    outer loop
      vertex -15.6084 14.0174 -8
      vertex -57.0532 57.0532 -8
      vertex -15.6508 13.8257 -8
    endloop
  endfacet
  facet normal 0 0 1
    outer loop
      vertex -15.5493 14.2046 -8
      vertex -57.0532 57.0532 -8
      vertex -15.6084 14.0174 -8
    endloop
  endfacet
  facet normal 0 0 1
    outer loop
      vertex -15.4742 14.3859 -8
      vertex -57.0532 57.0532 -8
      vertex -15.5493 14.2046 -8
    endloop
  endfacet
  facet normal 0 0 1
    outer loop
      vertex -15.3836 14.56 -8
      vertex -57.0532 57.0532 -8
      vertex -15.4742 14.3859 -8
    endloop
  endfacet
  facet normal 0 0 1
    outer loop
      vertex -15.2781 14.7256 -8
      vertex -57.0532 57.0532 -8
      vertex -15.3836 14.56 -8
    endloop
  endfacet
  facet normal 0 0 1
    outer loop
      vertex -15.1586 14.8813 -8
      vertex -57.0532 57.0532 -8
      vertex -15.2781 14.7256 -8
    endloop
  endfacet
  facet normal 0 0 1
    outer loop
      vertex -15.026 15.026 -8
      vertex -57.0532 57.0532 -8
      vertex -15.1586 14.8813 -8
    endloop
  endfacet
  facet normal 0 0 1
    outer loop
      vertex -14.8813 15.1586 -8
      vertex -57.0532 57.0532 -8
      vertex -15.026 15.026 -8
    endloop
  endfacet
  facet normal 0 0 1
    outer loop
      vertex -14.7256 15.2781 -8
      vertex -57.0532 57.0532 -8
      vertex -14.8813 15.1586 -8
    endloop
  endfacet
  facet normal 0 0 1
    outer loop
      vertex -14.56 15.3836 -8
      vertex -57.0532 57.0532 -8
      vertex -14.7256 15.2781 -8
    endloop
  endfacet
  facet normal 0 0 1
    outer loop
      vertex -14.3859 15.4742 -8
      vertex -57.0532 57.0532 -8
      vertex -14.56 15.3836 -8
    endloop
  endfacet
  facet normal 0 0 1
    outer loop
      vertex 57.0532 57.0532 -8
      vertex 15.685 -13.435 -8
      vertex 57.0532 -63.0532 -8
    endloop
  endfacet
  facet normal -0 0 1
    outer loop
      vertex 15.6765 -13.6311 -8
      vertex 57.0532 -63.0532 -8
      vertex 15.685 -13.435 -8
    endloop
  endfacet
  facet normal -0 0 1
    outer loop
      vertex 15.6508 -13.8257 -8
      vertex 57.0532 -63.0532 -8
      vertex 15.6765 -13.6311 -8
    endloop
  endfacet
  facet normal -0 0 1
    outer loop
      vertex 15.6084 -14.0174 -8
      vertex 57.0532 -63.0532 -8
      vertex 15.6508 -13.8257 -8
    endloop
  endfacet
  facet normal -0 0 1
    outer loop
      vertex 15.5493 -14.2046 -8
      vertex 57.0532 -63.0532 -8
      vertex 15.6084 -14.0174 -8
    endloop
  endfacet
  facet normal -0 0 1
    outer loop
      vertex 15.4742 -14.3859 -8
      vertex 57.0532 -63.0532 -8
      vertex 15.5493 -14.2046 -8
    endloop
  endfacet
  facet normal -0 0 1
    outer loop
      vertex 15.3836 -14.56 -8
      vertex 57.0532 -63.0532 -8
      vertex 15.4742 -14.3859 -8
    endloop
  endfacet
  facet normal -0 0 1
    outer loop
      vertex 15.2781 -14.7256 -8
      vertex 57.0532 -63.0532 -8
      vertex 15.3836 -14.56 -8
    endloop
  endfacet
  facet normal -0 0 1
    outer loop
      vertex 15.1586 -14.8813 -8
      vertex 57.0532 -63.0532 -8
      vertex 15.2781 -14.7256 -8
    endloop
  endfacet
  facet normal -0 0 1
    outer loop
      vertex 15.026 -15.026 -8
      vertex 57.0532 -63.0532 -8
      vertex 15.1586 -14.8813 -8
    endloop
  endfacet
  facet normal -0 0 1
    outer loop
      vertex 14.8813 -15.1586 -8
      vertex 57.0532 -63.0532 -8
      vertex 15.026 -15.026 -8
    endloop
  endfacet
  facet normal -0 0 1
    outer loop
      vertex 14.7256 -15.2781 -8
      vertex 57.0532 -63.0532 -8
      vertex 14.8813 -15.1586 -8
    endloop
  endfacet
  facet normal -0 0 1
    outer loop
      vertex 14.56 -15.3836 -8
      vertex 57.0532 -63.0532 -8
      vertex 14.7256 -15.2781 -8
    endloop
  endfacet
  facet normal -0 0 1
    outer loop
      vertex 14.3859 -15.4742 -8
      vertex 57.0532 -63.0532 -8
      vertex 14.56 -15.3836 -8
    endloop
  endfacet
  facet normal -0 0 1
    outer loop
      vertex 14.2046 -15.5493 -8
      vertex 57.0532 -63.0532 -8
      vertex 14.3859 -15.4742 -8
    endloop
  endfacet
  facet normal -0 0 1
    outer loop
      vertex 14.0174 -15.6084 -8
      vertex 57.0532 -63.0532 -8
      vertex 14.2046 -15.5493 -8
    endloop
  endfacet
  facet normal -0 0 1
    outer loop
      vertex 13.8257 -15.6508 -8
      vertex 57.0532 -63.0532 -8
      vertex 14.0174 -15.6084 -8
    endloop
  endfacet
  facet normal -0 0 1
    outer loop
      vertex 13.6311 -15.6765 -8
      vertex 57.0532 -63.0532 -8
      vertex 13.8257 -15.6508 -8
    endloop
  endfacet
  facet normal -0 0 1
    outer loop
      vertex 13.435 -15.685 -8
      vertex 57.0532 -63.0532 -8
      vertex 13.6311 -15.6765 -8
    endloop
  endfacet
  facet normal 0 0 1
    outer loop
      vertex 13.2389 -15.6765 -8
      vertex 57.0532 -63.0532 -8
      vertex 13.435 -15.685 -8
    endloop
  endfacet
  facet normal 0 0 1
    outer loop
      vertex 13.0443 -15.6508 -8
      vertex 57.0532 -63.0532 -8
      vertex 13.2389 -15.6765 -8
    endloop
  endfacet
  facet normal 0 0 1
    outer loop
      vertex 12.8527 -15.6084 -8
      vertex 57.0532 -63.0532 -8
      vertex 13.0443 -15.6508 -8
    endloop
  endfacet
  facet normal 0 0 1
    outer loop
      vertex -12.8527 -15.6084 -8
      vertex 12.8527 -15.6084 -8
      vertex 12.6655 -15.5493 -8
    endloop
  endfacet
  facet normal 0 0 1
    outer loop
      vertex -12.6655 -15.5493 -8
      vertex 12.6655 -15.5493 -8
      vertex 12.4841 -15.4742 -8
    endloop
  endfacet
  facet normal 0 0 1
    outer loop
      vertex -12.4841 -15.4742 -8
      vertex 12.4841 -15.4742 -8
      vertex 12.31 -15.3836 -8
    endloop
  endfacet
  facet normal 0 0 1
    outer loop
      vertex -12.31 -15.3836 -8
      vertex 12.31 -15.3836 -8
      vertex 12.1445 -15.2781 -8
    endloop
  endfacet
  facet normal 0 0 1
    outer loop
      vertex -12.1445 -15.2781 -8
      vertex 12.1445 -15.2781 -8
      vertex 11.9888 -15.1586 -8
    endloop
  endfacet
  facet normal 0 0 1
    outer loop
      vertex -11.9888 -15.1586 -8
      vertex 11.9888 -15.1586 -8
      vertex 11.844 -15.026 -8
    endloop
  endfacet
  facet normal 0 0 1
    outer loop
      vertex 11.1936 -13.2389 -8
      vertex -11.185 -13.435 -8
      vertex 11.185 -13.435 -8
    endloop
  endfacet
  facet normal 0 0 1
    outer loop
      vertex 11.185 -13.435 -8
      vertex -11.185 -13.435 -8
      vertex 11.1936 -13.6311 -8
    endloop
  endfacet
  facet normal 0 0 1
    outer loop
      vertex -11.1936 -13.6311 -8
      vertex 11.1936 -13.6311 -8
      vertex -11.185 -13.435 -8
    endloop
  endfacet
  facet normal 0 0 1
    outer loop
      vertex 11.1936 -13.6311 -8
      vertex -11.1936 -13.6311 -8
      vertex 11.2192 -13.8257 -8
    endloop
  endfacet
  facet normal 0 0 1
    outer loop
      vertex -11.2192 -13.8257 -8
      vertex 11.2192 -13.8257 -8
      vertex -11.1936 -13.6311 -8
    endloop
  endfacet
  facet normal 0 0 1
    outer loop
      vertex 11.2192 -13.8257 -8
      vertex -11.2192 -13.8257 -8
      vertex 11.2617 -14.0174 -8
    endloop
  endfacet
  facet normal 0 0 1
    outer loop
      vertex -11.2617 -14.0174 -8
      vertex 11.2617 -14.0174 -8
      vertex -11.2192 -13.8257 -8
    endloop
  endfacet
  facet normal 0 0 1
    outer loop
      vertex 11.2617 -14.0174 -8
      vertex -11.2617 -14.0174 -8
      vertex 11.3207 -14.2046 -8
    endloop
  endfacet
  facet normal 0 0 1
    outer loop
      vertex -11.3207 -14.2046 -8
      vertex 11.3207 -14.2046 -8
      vertex -11.2617 -14.0174 -8
    endloop
  endfacet
  facet normal 0 0 1
    outer loop
      vertex 11.3207 -14.2046 -8
      vertex -11.3207 -14.2046 -8
      vertex 11.3958 -14.3859 -8
    endloop
  endfacet
  facet normal 0 0 1
    outer loop
      vertex -11.3958 -14.3859 -8
      vertex 11.3958 -14.3859 -8
      vertex -11.3207 -14.2046 -8
    endloop
  endfacet
  facet normal 0 0 1
    outer loop
      vertex 11.3958 -14.3859 -8
      vertex -11.3958 -14.3859 -8
      vertex 11.4865 -14.56 -8
    endloop
  endfacet
  facet normal 0 0 1
    outer loop
      vertex -11.4865 -14.56 -8
      vertex 11.4865 -14.56 -8
      vertex -11.3958 -14.3859 -8
    endloop
  endfacet
  facet normal 0 0 1
    outer loop
      vertex 11.4865 -14.56 -8
      vertex -11.4865 -14.56 -8
      vertex 11.5919 -14.7256 -8
    endloop
  endfacet
  facet normal 0 0 1
    outer loop
      vertex -11.5919 -14.7256 -8
      vertex 11.5919 -14.7256 -8
      vertex -11.4865 -14.56 -8
    endloop
  endfacet
  facet normal 0 0 1
    outer loop
      vertex 11.5919 -14.7256 -8
      vertex -11.5919 -14.7256 -8
      vertex 11.7114 -14.8813 -8
    endloop
  endfacet
  facet normal 0 0 1
    outer loop
      vertex -11.7114 -14.8813 -8
      vertex 11.7114 -14.8813 -8
      vertex -11.5919 -14.7256 -8
    endloop
  endfacet
  facet normal 0 0 1
    outer loop
      vertex 11.7114 -14.8813 -8
      vertex -11.7114 -14.8813 -8
      vertex 11.844 -15.026 -8
    endloop
  endfacet
  facet normal 0 0 1
    outer loop
      vertex -11.844 -15.026 -8
      vertex 11.844 -15.026 -8
      vertex -11.7114 -14.8813 -8
    endloop
  endfacet
  facet normal 0 0 1
    outer loop
      vertex -11.9888 -15.1586 -8
      vertex 11.844 -15.026 -8
      vertex -11.844 -15.026 -8
    endloop
  endfacet
  facet normal 0 0 1
    outer loop
      vertex 11.9888 -15.1586 -8
      vertex -11.9888 -15.1586 -8
      vertex -12.1445 -15.2781 -8
    endloop
  endfacet
  facet normal 0 0 1
    outer loop
      vertex 12.1445 -15.2781 -8
      vertex -12.1445 -15.2781 -8
      vertex -12.31 -15.3836 -8
    endloop
  endfacet
  facet normal 0 0 1
    outer loop
      vertex 12.31 -15.3836 -8
      vertex -12.31 -15.3836 -8
      vertex -12.4841 -15.4742 -8
    endloop
  endfacet
  facet normal 0 0 1
    outer loop
      vertex 12.4841 -15.4742 -8
      vertex -12.4841 -15.4742 -8
      vertex -12.6655 -15.5493 -8
    endloop
  endfacet
  facet normal 0 0 1
    outer loop
      vertex 12.6655 -15.5493 -8
      vertex -12.6655 -15.5493 -8
      vertex -12.8527 -15.6084 -8
    endloop
  endfacet
  facet normal 0 0 1
    outer loop
      vertex 12.8527 -15.6084 -8
      vertex -12.8527 -15.6084 -8
      vertex 57.0532 -63.0532 -8
    endloop
  endfacet
  facet normal -0 0 1
    outer loop
      vertex -13.0443 -15.6508 -8
      vertex 57.0532 -63.0532 -8
      vertex -12.8527 -15.6084 -8
    endloop
  endfacet
  facet normal 0 0 1
    outer loop
      vertex -57.0532 -63.0532 -8
      vertex -13.0443 -15.6508 -8
      vertex -13.2389 -15.6765 -8
    endloop
  endfacet
  facet normal 0 0 1
    outer loop
      vertex -57.0532 -63.0532 -8
      vertex -13.2389 -15.6765 -8
      vertex -13.435 -15.685 -8
    endloop
  endfacet
  facet normal 0 0 1
    outer loop
      vertex -57.0532 -63.0532 -8
      vertex -13.435 -15.685 -8
      vertex -13.6311 -15.6765 -8
    endloop
  endfacet
  facet normal 0 0 1
    outer loop
      vertex -57.0532 -63.0532 -8
      vertex -13.6311 -15.6765 -8
      vertex -13.8257 -15.6508 -8
    endloop
  endfacet
  facet normal 0 0 1
    outer loop
      vertex -57.0532 -63.0532 -8
      vertex -13.8257 -15.6508 -8
      vertex -14.0174 -15.6084 -8
    endloop
  endfacet
  facet normal 0 0 1
    outer loop
      vertex -57.0532 -63.0532 -8
      vertex -14.0174 -15.6084 -8
      vertex -14.2046 -15.5493 -8
    endloop
  endfacet
  facet normal 0 0 1
    outer loop
      vertex -57.0532 -63.0532 -8
      vertex -14.2046 -15.5493 -8
      vertex -14.3859 -15.4742 -8
    endloop
  endfacet
  facet normal 0 0 1
    outer loop
      vertex -57.0532 -63.0532 -8
      vertex -14.3859 -15.4742 -8
      vertex -14.56 -15.3836 -8
    endloop
  endfacet
  facet normal 0 0 1
    outer loop
      vertex -57.0532 -63.0532 -8
      vertex -14.56 -15.3836 -8
      vertex -14.7256 -15.2781 -8
    endloop
  endfacet
  facet normal 0 0 1
    outer loop
      vertex -15.6765 -13.2389 -8
      vertex -57.0532 -63.0532 -8
      vertex -15.685 -13.435 -8
    endloop
  endfacet
  facet normal 0 0 1
    outer loop
      vertex -15.685 -13.435 -8
      vertex -57.0532 -63.0532 -8
      vertex -15.6765 -13.6311 -8
    endloop
  endfacet
  facet normal 0 0 1
    outer loop
      vertex -15.6765 -13.6311 -8
      vertex -57.0532 -63.0532 -8
      vertex -15.6508 -13.8257 -8
    endloop
  endfacet
  facet normal 0 0 1
    outer loop
      vertex -15.6508 -13.8257 -8
      vertex -57.0532 -63.0532 -8
      vertex -15.6084 -14.0174 -8
    endloop
  endfacet
  facet normal 0 0 1
    outer loop
      vertex -15.6084 -14.0174 -8
      vertex -57.0532 -63.0532 -8
      vertex -15.5493 -14.2046 -8
    endloop
  endfacet
  facet normal 0 0 1
    outer loop
      vertex -15.5493 -14.2046 -8
      vertex -57.0532 -63.0532 -8
      vertex -15.4742 -14.3859 -8
    endloop
  endfacet
  facet normal 0 0 1
    outer loop
      vertex -13.0443 -15.6508 -8
      vertex -57.0532 -63.0532 -8
      vertex 57.0532 -63.0532 -8
    endloop
  endfacet
  facet normal 0 0 1
    outer loop
      vertex -14.8813 -15.1586 -8
      vertex -57.0532 -63.0532 -8
      vertex -14.7256 -15.2781 -8
    endloop
  endfacet
  facet normal 0 0 1
    outer loop
      vertex -15.026 -15.026 -8
      vertex -57.0532 -63.0532 -8
      vertex -14.8813 -15.1586 -8
    endloop
  endfacet
  facet normal 0 0 1
    outer loop
      vertex -15.1586 -14.8813 -8
      vertex -57.0532 -63.0532 -8
      vertex -15.026 -15.026 -8
    endloop
  endfacet
  facet normal 0 0 1
    outer loop
      vertex -15.2781 -14.7256 -8
      vertex -57.0532 -63.0532 -8
      vertex -15.1586 -14.8813 -8
    endloop
  endfacet
  facet normal 0 0 1
    outer loop
      vertex -15.3836 -14.56 -8
      vertex -57.0532 -63.0532 -8
      vertex -15.2781 -14.7256 -8
    endloop
  endfacet
  facet normal 0 0 1
    outer loop
      vertex -15.4742 -14.3859 -8
      vertex -57.0532 -63.0532 -8
      vertex -15.3836 -14.56 -8
    endloop
  endfacet
  facet normal 0 1 -0
    outer loop
      vertex 57.0532 57.0532 -14
      vertex -57.0532 57.0532 -8
      vertex 57.0532 57.0532 -8
    endloop
  endfacet
  facet normal 0 1 0
    outer loop
      vertex -57.0532 57.0532 -8
      vertex 57.0532 57.0532 -14
      vertex -57.0532 57.0532 -14
    endloop
  endfacet
  facet normal 0 -1 0
    outer loop
      vertex -39.5748 -63.0532 -70.2381
      vertex -39.5748 -63.0532 -35.7619
      vertex -39.7339 -63.0532 -70.116
    endloop
  endfacet
  facet normal 0 -1 0
    outer loop
      vertex 38.9687 -63.0532 -34.972
      vertex 40.8527 -63.0532 -69.7088
      vertex 41.0532 -63.0532 -69.7
    endloop
  endfacet
  facet normal 0 -1 0
    outer loop
      vertex -39.5748 -63.0532 -35.7619
      vertex -39.5748 -63.0532 -70.2381
      vertex -39.4268 -63.0532 -35.6263
    endloop
  endfacet
  facet normal 0 -1 0
    outer loop
      vertex 38.9687 -63.0532 -34.972
      vertex 40.6538 -63.0532 -69.7349
      vertex 40.8527 -63.0532 -69.7088
    endloop
  endfacet
  facet normal 0 -1 0
    outer loop
      vertex -39.4268 -63.0532 -70.3737
      vertex -39.4268 -63.0532 -35.6263
      vertex -39.5748 -63.0532 -70.2381
    endloop
  endfacet
  facet normal 0 -1 0
    outer loop
      vertex 38.9687 -63.0532 -34.972
      vertex 40.4579 -63.0532 -69.7784
      vertex 40.6538 -63.0532 -69.7349
    endloop
  endfacet
  facet normal 0 -1 0
    outer loop
      vertex -39.4268 -63.0532 -35.6263
      vertex -39.4268 -63.0532 -70.3737
      vertex -39.2913 -63.0532 -35.4784
    endloop
  endfacet
  facet normal 0 -1 0
    outer loop
      vertex 38.9687 -63.0532 -34.972
      vertex 40.2665 -63.0532 -69.8387
      vertex 40.4579 -63.0532 -69.7784
    endloop
  endfacet
  facet normal 0 -1 0
    outer loop
      vertex -39.2913 -63.0532 -70.5216
      vertex -39.2913 -63.0532 -35.4784
      vertex -39.4268 -63.0532 -70.3737
    endloop
  endfacet
  facet normal 0 -1 0
    outer loop
      vertex 38.9687 -63.0532 -34.972
      vertex 40.0812 -63.0532 -69.9155
      vertex 40.2665 -63.0532 -69.8387
    endloop
  endfacet
  facet normal 0 -1 0
    outer loop
      vertex -39.2913 -63.0532 -35.4784
      vertex -39.2913 -63.0532 -70.5216
      vertex -39.1691 -63.0532 -35.3192
    endloop
  endfacet
  facet normal 0 -1 0
    outer loop
      vertex 38.9687 -63.0532 -34.972
      vertex 39.9032 -63.0532 -70.0081
      vertex 40.0812 -63.0532 -69.9155
    endloop
  endfacet
  facet normal 0 -1 0
    outer loop
      vertex -39.1691 -63.0532 -70.6808
      vertex -39.1691 -63.0532 -35.3192
      vertex -39.2913 -63.0532 -70.5216
    endloop
  endfacet
  facet normal 0 -1 0
    outer loop
      vertex 38.9687 -63.0532 -34.972
      vertex 39.7339 -63.0532 -70.116
      vertex 39.9032 -63.0532 -70.0081
    endloop
  endfacet
  facet normal 0 -1 0
    outer loop
      vertex -39.1691 -63.0532 -35.3192
      vertex -39.1691 -63.0532 -70.6808
      vertex -39.0613 -63.0532 -35.15
    endloop
  endfacet
  facet normal 0 -1 0
    outer loop
      vertex 38.9687 -63.0532 -34.972
      vertex 39.5748 -63.0532 -70.2381
      vertex 39.7339 -63.0532 -70.116
    endloop
  endfacet
  facet normal 0 -1 0
    outer loop
      vertex -39.0613 -63.0532 -70.85
      vertex -39.0613 -63.0532 -35.15
      vertex -39.1691 -63.0532 -70.6808
    endloop
  endfacet
  facet normal 0 -1 0
    outer loop
      vertex 38.9687 -63.0532 -34.972
      vertex 39.4268 -63.0532 -70.3737
      vertex 39.5748 -63.0532 -70.2381
    endloop
  endfacet
  facet normal 0 -1 0
    outer loop
      vertex -39.0613 -63.0532 -35.15
      vertex -39.0613 -63.0532 -70.85
      vertex -38.9687 -63.0532 -34.972
    endloop
  endfacet
  facet normal 0 -1 0
    outer loop
      vertex 38.9687 -63.0532 -34.972
      vertex 39.2913 -63.0532 -70.5216
      vertex 39.4268 -63.0532 -70.3737
    endloop
  endfacet
  facet normal 0 -1 0
    outer loop
      vertex -38.9687 -63.0532 -71.028
      vertex -38.9687 -63.0532 -34.972
      vertex -39.0613 -63.0532 -70.85
    endloop
  endfacet
  facet normal 0 -1 0
    outer loop
      vertex 38.9687 -63.0532 -34.972
      vertex 39.1691 -63.0532 -70.6808
      vertex 39.2913 -63.0532 -70.5216
    endloop
  endfacet
  facet normal 0 -1 0
    outer loop
      vertex -38.9687 -63.0532 -34.972
      vertex -38.9687 -63.0532 -71.028
      vertex 38.9687 -63.0532 -34.972
    endloop
  endfacet
  facet normal 0 -1 0
    outer loop
      vertex 38.9687 -63.0532 -34.972
      vertex 39.0613 -63.0532 -70.85
      vertex 39.1691 -63.0532 -70.6808
    endloop
  endfacet
  facet normal 0 -1 0
    outer loop
      vertex 38.9687 -63.0532 -71.028
      vertex 38.9687 -63.0532 -34.972
      vertex -38.9687 -63.0532 -71.028
    endloop
  endfacet
  facet normal 0 -1 0
    outer loop
      vertex 38.9687 -63.0532 -34.972
      vertex 38.9687 -63.0532 -71.028
      vertex 39.0613 -63.0532 -70.85
    endloop
  endfacet
  facet normal 0 -1 0
    outer loop
      vertex -38.8919 -63.0532 -71.2134
      vertex 38.9687 -63.0532 -71.028
      vertex -38.9687 -63.0532 -71.028
    endloop
  endfacet
  facet normal 0 -1 0
    outer loop
      vertex -38.8919 -63.0532 -71.2134
      vertex 38.8919 -63.0532 -71.2134
      vertex 38.9687 -63.0532 -71.028
    endloop
  endfacet
  facet normal 0 -1 0
    outer loop
      vertex -38.8315 -63.0532 -71.4047
      vertex 38.8919 -63.0532 -71.2134
      vertex -38.8919 -63.0532 -71.2134
    endloop
  endfacet
  facet normal 0 -1 0
    outer loop
      vertex -38.8315 -63.0532 -71.4047
      vertex 38.8315 -63.0532 -71.4047
      vertex 38.8919 -63.0532 -71.2134
    endloop
  endfacet
  facet normal 0 -1 0
    outer loop
      vertex -38.7881 -63.0532 -71.6006
      vertex 38.8315 -63.0532 -71.4047
      vertex -38.8315 -63.0532 -71.4047
    endloop
  endfacet
  facet normal 0 -1 0
    outer loop
      vertex -38.7881 -63.0532 -71.6006
      vertex 38.7881 -63.0532 -71.6006
      vertex 38.8315 -63.0532 -71.4047
    endloop
  endfacet
  facet normal 0 -1 0
    outer loop
      vertex -38.7619 -63.0532 -71.7995
      vertex 38.7881 -63.0532 -71.6006
      vertex -38.7881 -63.0532 -71.6006
    endloop
  endfacet
  facet normal 0 -1 0
    outer loop
      vertex -38.7619 -63.0532 -71.7995
      vertex 38.7619 -63.0532 -71.7995
      vertex 38.7881 -63.0532 -71.6006
    endloop
  endfacet
  facet normal 0 -1 0
    outer loop
      vertex -38.7532 -63.0532 -72
      vertex 38.7619 -63.0532 -71.7995
      vertex -38.7619 -63.0532 -71.7995
    endloop
  endfacet
  facet normal 0 -1 0
    outer loop
      vertex -38.7532 -63.0532 -72
      vertex 38.7532 -63.0532 -72
      vertex 38.7619 -63.0532 -71.7995
    endloop
  endfacet
  facet normal 0 -1 0
    outer loop
      vertex -38.7619 -63.0532 -72.2005
      vertex 38.7532 -63.0532 -72
      vertex -38.7532 -63.0532 -72
    endloop
  endfacet
  facet normal 0 -1 0
    outer loop
      vertex -38.7619 -63.0532 -72.2005
      vertex 38.7619 -63.0532 -72.2005
      vertex 38.7532 -63.0532 -72
    endloop
  endfacet
  facet normal 0 -1 0
    outer loop
      vertex -38.7881 -63.0532 -72.3994
      vertex 38.7619 -63.0532 -72.2005
      vertex -38.7619 -63.0532 -72.2005
    endloop
  endfacet
  facet normal 0 -1 0
    outer loop
      vertex -38.7881 -63.0532 -72.3994
      vertex 38.7881 -63.0532 -72.3994
      vertex 38.7619 -63.0532 -72.2005
    endloop
  endfacet
  facet normal 0 -1 0
    outer loop
      vertex -38.8315 -63.0532 -72.5953
      vertex 38.7881 -63.0532 -72.3994
      vertex -38.7881 -63.0532 -72.3994
    endloop
  endfacet
  facet normal 0 -1 0
    outer loop
      vertex -38.8315 -63.0532 -72.5953
      vertex 38.8315 -63.0532 -72.5953
      vertex 38.7881 -63.0532 -72.3994
    endloop
  endfacet
  facet normal 0 -1 0
    outer loop
      vertex -38.8919 -63.0532 -72.7866
      vertex 38.8315 -63.0532 -72.5953
      vertex -38.8315 -63.0532 -72.5953
    endloop
  endfacet
  facet normal 0 -1 0
    outer loop
      vertex -38.8919 -63.0532 -72.7866
      vertex 38.8919 -63.0532 -72.7866
      vertex 38.8315 -63.0532 -72.5953
    endloop
  endfacet
  facet normal 0 -1 0
    outer loop
      vertex -38.9687 -63.0532 -72.972
      vertex 38.8919 -63.0532 -72.7866
      vertex -38.8919 -63.0532 -72.7866
    endloop
  endfacet
  facet normal 0 -1 0
    outer loop
      vertex -38.9687 -63.0532 -72.972
      vertex 38.9687 -63.0532 -72.972
      vertex 38.8919 -63.0532 -72.7866
    endloop
  endfacet
  facet normal 0 -1 0
    outer loop
      vertex -39.0613 -63.0532 -73.15
      vertex 38.9687 -63.0532 -72.972
      vertex -38.9687 -63.0532 -72.972
    endloop
  endfacet
  facet normal 0 -1 0
    outer loop
      vertex -39.0613 -63.0532 -73.15
      vertex 39.0613 -63.0532 -73.15
      vertex 38.9687 -63.0532 -72.972
    endloop
  endfacet
  facet normal 0 -1 0
    outer loop
      vertex -39.1691 -63.0532 -73.3192
      vertex 39.0613 -63.0532 -73.15
      vertex -39.0613 -63.0532 -73.15
    endloop
  endfacet
  facet normal 0 -1 0
    outer loop
      vertex -39.1691 -63.0532 -73.3192
      vertex 39.1691 -63.0532 -73.3192
      vertex 39.0613 -63.0532 -73.15
    endloop
  endfacet
  facet normal 0 -1 0
    outer loop
      vertex -39.2913 -63.0532 -73.4784
      vertex 39.1691 -63.0532 -73.3192
      vertex -39.1691 -63.0532 -73.3192
    endloop
  endfacet
  facet normal 0 -1 0
    outer loop
      vertex -39.2913 -63.0532 -73.4784
      vertex 39.2913 -63.0532 -73.4784
      vertex 39.1691 -63.0532 -73.3192
    endloop
  endfacet
  facet normal 0 -1 0
    outer loop
      vertex -39.4268 -63.0532 -73.6263
      vertex 39.2913 -63.0532 -73.4784
      vertex -39.2913 -63.0532 -73.4784
    endloop
  endfacet
  facet normal 0 -1 0
    outer loop
      vertex -39.4268 -63.0532 -73.6263
      vertex 39.4268 -63.0532 -73.6263
      vertex 39.2913 -63.0532 -73.4784
    endloop
  endfacet
  facet normal 0 -1 0
    outer loop
      vertex -39.5748 -63.0532 -73.7619
      vertex 39.4268 -63.0532 -73.6263
      vertex -39.4268 -63.0532 -73.6263
    endloop
  endfacet
  facet normal 0 -1 0
    outer loop
      vertex -39.5748 -63.0532 -73.7619
      vertex 39.5748 -63.0532 -73.7619
      vertex 39.4268 -63.0532 -73.6263
    endloop
  endfacet
  facet normal 0 -1 0
    outer loop
      vertex -39.7339 -63.0532 -73.884
      vertex 39.5748 -63.0532 -73.7619
      vertex -39.5748 -63.0532 -73.7619
    endloop
  endfacet
  facet normal 0 -1 0
    outer loop
      vertex -39.7339 -63.0532 -73.884
      vertex 39.7339 -63.0532 -73.884
      vertex 39.5748 -63.0532 -73.7619
    endloop
  endfacet
  facet normal 0 -1 0
    outer loop
      vertex -39.9032 -63.0532 -73.9919
      vertex 39.7339 -63.0532 -73.884
      vertex -39.7339 -63.0532 -73.884
    endloop
  endfacet
  facet normal 0 -1 0
    outer loop
      vertex -39.9032 -63.0532 -73.9919
      vertex 39.9032 -63.0532 -73.9919
      vertex 39.7339 -63.0532 -73.884
    endloop
  endfacet
  facet normal 0 -1 0
    outer loop
      vertex -40.0812 -63.0532 -74.0845
      vertex 39.9032 -63.0532 -73.9919
      vertex -39.9032 -63.0532 -73.9919
    endloop
  endfacet
  facet normal 0 -1 0
    outer loop
      vertex -40.0812 -63.0532 -74.0845
      vertex 40.0812 -63.0532 -74.0845
      vertex 39.9032 -63.0532 -73.9919
    endloop
  endfacet
  facet normal 0 -1 0
    outer loop
      vertex -57.0532 -63.0532 -84
      vertex -40.0812 -63.0532 -74.0845
      vertex -40.2665 -63.0532 -74.1613
    endloop
  endfacet
  facet normal 0 -1 -0
    outer loop
      vertex -40.0812 -63.0532 -74.0845
      vertex -57.0532 -63.0532 -84
      vertex 40.0812 -63.0532 -74.0845
    endloop
  endfacet
  facet normal 0 -1 0
    outer loop
      vertex -57.0532 -63.0532 -84
      vertex -40.2665 -63.0532 -74.1613
      vertex -40.4579 -63.0532 -74.2216
    endloop
  endfacet
  facet normal 0 -1 0
    outer loop
      vertex 57.0532 -63.0532 -84
      vertex 40.0812 -63.0532 -74.0845
      vertex -57.0532 -63.0532 -84
    endloop
  endfacet
  facet normal 0 -1 0
    outer loop
      vertex -57.0532 -63.0532 -84
      vertex -40.4579 -63.0532 -74.2216
      vertex -40.6538 -63.0532 -74.2651
    endloop
  endfacet
  facet normal 0 -1 0
    outer loop
      vertex 40.0812 -63.0532 -74.0845
      vertex 57.0532 -63.0532 -84
      vertex 40.2665 -63.0532 -74.1613
    endloop
  endfacet
  facet normal 0 -1 0
    outer loop
      vertex -57.0532 -63.0532 -84
      vertex -40.6538 -63.0532 -74.2651
      vertex -40.8527 -63.0532 -74.2912
    endloop
  endfacet
  facet normal 0 -1 0
    outer loop
      vertex 40.2665 -63.0532 -74.1613
      vertex 57.0532 -63.0532 -84
      vertex 40.4579 -63.0532 -74.2216
    endloop
  endfacet
  facet normal 0 -1 0
    outer loop
      vertex -57.0532 -63.0532 -84
      vertex -40.8527 -63.0532 -74.2912
      vertex -41.0532 -63.0532 -74.3
    endloop
  endfacet
  facet normal 0 -1 0
    outer loop
      vertex 40.4579 -63.0532 -74.2216
      vertex 57.0532 -63.0532 -84
      vertex 40.6538 -63.0532 -74.2651
    endloop
  endfacet
  facet normal 0 -1 0
    outer loop
      vertex -40.4579 -63.0532 -31.7784
      vertex -57.0532 -63.0532 -8
      vertex -40.6538 -63.0532 -31.7349
    endloop
  endfacet
  facet normal 0 -1 0
    outer loop
      vertex 57.0532 -63.0532 -8
      vertex 40.8527 -63.0532 -31.7088
      vertex 41.0532 -63.0532 -31.7
    endloop
  endfacet
  facet normal 0 -1 0
    outer loop
      vertex -40.2665 -63.0532 -31.8387
      vertex -57.0532 -63.0532 -8
      vertex -40.4579 -63.0532 -31.7784
    endloop
  endfacet
  facet normal 0 -1 0
    outer loop
      vertex 57.0532 -63.0532 -8
      vertex 40.6538 -63.0532 -31.7349
      vertex 40.8527 -63.0532 -31.7088
    endloop
  endfacet
  facet normal 0 -1 0
    outer loop
      vertex -40.0812 -63.0532 -31.9155
      vertex -57.0532 -63.0532 -8
      vertex -40.2665 -63.0532 -31.8387
    endloop
  endfacet
  facet normal 0 -1 0
    outer loop
      vertex 57.0532 -63.0532 -8
      vertex 40.4579 -63.0532 -31.7784
      vertex 40.6538 -63.0532 -31.7349
    endloop
  endfacet
  facet normal 0 -1 0
    outer loop
      vertex -39.9032 -63.0532 -32.0081
      vertex -57.0532 -63.0532 -8
      vertex -40.0812 -63.0532 -31.9155
    endloop
  endfacet
  facet normal 0 -1 0
    outer loop
      vertex 57.0532 -63.0532 -8
      vertex 40.2665 -63.0532 -31.8387
      vertex 40.4579 -63.0532 -31.7784
    endloop
  endfacet
  facet normal 0 -1 0
    outer loop
      vertex -39.7339 -63.0532 -32.116
      vertex -57.0532 -63.0532 -8
      vertex -39.9032 -63.0532 -32.0081
    endloop
  endfacet
  facet normal 0 -1 0
    outer loop
      vertex 57.0532 -63.0532 -8
      vertex 40.0812 -63.0532 -31.9155
      vertex 40.2665 -63.0532 -31.8387
    endloop
  endfacet
  facet normal 0 -1 0
    outer loop
      vertex -39.5748 -63.0532 -32.2381
      vertex -57.0532 -63.0532 -8
      vertex -39.7339 -63.0532 -32.116
    endloop
  endfacet
  facet normal 0 -1 0
    outer loop
      vertex 57.0532 -63.0532 -8
      vertex 39.9032 -63.0532 -32.0081
      vertex 40.0812 -63.0532 -31.9155
    endloop
  endfacet
  facet normal 0 -1 0
    outer loop
      vertex -57.0532 -63.0532 -8
      vertex -39.5748 -63.0532 -32.2381
      vertex 57.0532 -63.0532 -8
    endloop
  endfacet
  facet normal 0 -1 0
    outer loop
      vertex 57.0532 -63.0532 -8
      vertex 39.7339 -63.0532 -32.116
      vertex 39.9032 -63.0532 -32.0081
    endloop
  endfacet
  facet normal 0 -1 0
    outer loop
      vertex 39.5748 -63.0532 -32.2381
      vertex 57.0532 -63.0532 -8
      vertex -39.5748 -63.0532 -32.2381
    endloop
  endfacet
  facet normal 0 -1 0
    outer loop
      vertex 57.0532 -63.0532 -8
      vertex 39.5748 -63.0532 -32.2381
      vertex 39.7339 -63.0532 -32.116
    endloop
  endfacet
  facet normal 0 -1 0
    outer loop
      vertex -39.4268 -63.0532 -32.3737
      vertex 39.5748 -63.0532 -32.2381
      vertex -39.5748 -63.0532 -32.2381
    endloop
  endfacet
  facet normal 0 -1 0
    outer loop
      vertex -39.4268 -63.0532 -32.3737
      vertex 39.4268 -63.0532 -32.3737
      vertex 39.5748 -63.0532 -32.2381
    endloop
  endfacet
  facet normal 0 -1 0
    outer loop
      vertex -39.2913 -63.0532 -32.5216
      vertex 39.4268 -63.0532 -32.3737
      vertex -39.4268 -63.0532 -32.3737
    endloop
  endfacet
  facet normal 0 -1 0
    outer loop
      vertex -39.2913 -63.0532 -32.5216
      vertex 39.2913 -63.0532 -32.5216
      vertex 39.4268 -63.0532 -32.3737
    endloop
  endfacet
  facet normal 0 -1 0
    outer loop
      vertex -39.1691 -63.0532 -32.6808
      vertex 39.2913 -63.0532 -32.5216
      vertex -39.2913 -63.0532 -32.5216
    endloop
  endfacet
  facet normal 0 -1 0
    outer loop
      vertex -39.1691 -63.0532 -32.6808
      vertex 39.1691 -63.0532 -32.6808
      vertex 39.2913 -63.0532 -32.5216
    endloop
  endfacet
  facet normal 0 -1 0
    outer loop
      vertex -39.0613 -63.0532 -32.85
      vertex 39.1691 -63.0532 -32.6808
      vertex -39.1691 -63.0532 -32.6808
    endloop
  endfacet
  facet normal 0 -1 0
    outer loop
      vertex -39.0613 -63.0532 -32.85
      vertex 39.0613 -63.0532 -32.85
      vertex 39.1691 -63.0532 -32.6808
    endloop
  endfacet
  facet normal 0 -1 0
    outer loop
      vertex -38.9687 -63.0532 -33.028
      vertex 39.0613 -63.0532 -32.85
      vertex -39.0613 -63.0532 -32.85
    endloop
  endfacet
  facet normal 0 -1 0
    outer loop
      vertex -38.9687 -63.0532 -33.028
      vertex 38.9687 -63.0532 -33.028
      vertex 39.0613 -63.0532 -32.85
    endloop
  endfacet
  facet normal 0 -1 0
    outer loop
      vertex -38.8919 -63.0532 -33.2134
      vertex 38.9687 -63.0532 -33.028
      vertex -38.9687 -63.0532 -33.028
    endloop
  endfacet
  facet normal 0 -1 0
    outer loop
      vertex -38.8919 -63.0532 -33.2134
      vertex 38.8919 -63.0532 -33.2134
      vertex 38.9687 -63.0532 -33.028
    endloop
  endfacet
  facet normal 0 -1 0
    outer loop
      vertex -38.8315 -63.0532 -33.4047
      vertex 38.8919 -63.0532 -33.2134
      vertex -38.8919 -63.0532 -33.2134
    endloop
  endfacet
  facet normal 0 -1 0
    outer loop
      vertex -38.8315 -63.0532 -33.4047
      vertex 38.8315 -63.0532 -33.4047
      vertex 38.8919 -63.0532 -33.2134
    endloop
  endfacet
  facet normal 0 -1 0
    outer loop
      vertex -38.7881 -63.0532 -33.6006
      vertex 38.8315 -63.0532 -33.4047
      vertex -38.8315 -63.0532 -33.4047
    endloop
  endfacet
  facet normal 0 -1 0
    outer loop
      vertex -38.7881 -63.0532 -33.6006
      vertex 38.7881 -63.0532 -33.6006
      vertex 38.8315 -63.0532 -33.4047
    endloop
  endfacet
  facet normal 0 -1 0
    outer loop
      vertex -38.7619 -63.0532 -33.7995
      vertex 38.7881 -63.0532 -33.6006
      vertex -38.7881 -63.0532 -33.6006
    endloop
  endfacet
  facet normal 0 -1 0
    outer loop
      vertex -38.7619 -63.0532 -33.7995
      vertex 38.7619 -63.0532 -33.7995
      vertex 38.7881 -63.0532 -33.6006
    endloop
  endfacet
  facet normal 0 -1 0
    outer loop
      vertex -38.7532 -63.0532 -34
      vertex 38.7619 -63.0532 -33.7995
      vertex -38.7619 -63.0532 -33.7995
    endloop
  endfacet
  facet normal 0 -1 0
    outer loop
      vertex -38.7532 -63.0532 -34
      vertex 38.7532 -63.0532 -34
      vertex 38.7619 -63.0532 -33.7995
    endloop
  endfacet
  facet normal 0 -1 0
    outer loop
      vertex -38.7619 -63.0532 -34.2005
      vertex 38.7532 -63.0532 -34
      vertex -38.7532 -63.0532 -34
    endloop
  endfacet
  facet normal 0 -1 0
    outer loop
      vertex -38.7619 -63.0532 -34.2005
      vertex 38.7619 -63.0532 -34.2005
      vertex 38.7532 -63.0532 -34
    endloop
  endfacet
  facet normal 0 -1 0
    outer loop
      vertex -38.7881 -63.0532 -34.3994
      vertex 38.7619 -63.0532 -34.2005
      vertex -38.7619 -63.0532 -34.2005
    endloop
  endfacet
  facet normal 0 -1 0
    outer loop
      vertex -38.7881 -63.0532 -34.3994
      vertex 38.7881 -63.0532 -34.3994
      vertex 38.7619 -63.0532 -34.2005
    endloop
  endfacet
  facet normal 0 -1 0
    outer loop
      vertex -38.8315 -63.0532 -34.5953
      vertex 38.7881 -63.0532 -34.3994
      vertex -38.7881 -63.0532 -34.3994
    endloop
  endfacet
  facet normal 0 -1 0
    outer loop
      vertex -38.8315 -63.0532 -34.5953
      vertex 38.8315 -63.0532 -34.5953
      vertex 38.7881 -63.0532 -34.3994
    endloop
  endfacet
  facet normal 0 -1 0
    outer loop
      vertex -38.8919 -63.0532 -34.7866
      vertex 38.8315 -63.0532 -34.5953
      vertex -38.8315 -63.0532 -34.5953
    endloop
  endfacet
  facet normal 0 -1 0
    outer loop
      vertex -38.8919 -63.0532 -34.7866
      vertex 38.8919 -63.0532 -34.7866
      vertex 38.8315 -63.0532 -34.5953
    endloop
  endfacet
  facet normal 0 -1 0
    outer loop
      vertex -38.9687 -63.0532 -34.972
      vertex 38.8919 -63.0532 -34.7866
      vertex -38.8919 -63.0532 -34.7866
    endloop
  endfacet
  facet normal 0 -1 0
    outer loop
      vertex -38.9687 -63.0532 -34.972
      vertex 38.9687 -63.0532 -34.972
      vertex 38.8919 -63.0532 -34.7866
    endloop
  endfacet
  facet normal 0 -1 0
    outer loop
      vertex -39.9032 -63.0532 -35.9919
      vertex -39.9032 -63.0532 -70.0081
      vertex -39.7339 -63.0532 -35.884
    endloop
  endfacet
  facet normal 0 -1 0
    outer loop
      vertex -39.7339 -63.0532 -70.116
      vertex -39.7339 -63.0532 -35.884
      vertex -39.9032 -63.0532 -70.0081
    endloop
  endfacet
  facet normal 0 -1 0
    outer loop
      vertex -39.9032 -63.0532 -70.0081
      vertex -39.9032 -63.0532 -35.9919
      vertex -40.0812 -63.0532 -69.9155
    endloop
  endfacet
  facet normal 0 -1 0
    outer loop
      vertex -39.7339 -63.0532 -35.884
      vertex -39.7339 -63.0532 -70.116
      vertex -39.5748 -63.0532 -35.7619
    endloop
  endfacet
  facet normal 0 -1 0
    outer loop
      vertex -40.0812 -63.0532 -36.0845
      vertex -40.0812 -63.0532 -69.9155
      vertex -39.9032 -63.0532 -35.9919
    endloop
  endfacet
  facet normal 0 -1 0
    outer loop
      vertex 38.9687 -63.0532 -34.972
      vertex 41.0532 -63.0532 -69.7
      vertex 39.0613 -63.0532 -35.15
    endloop
  endfacet
  facet normal 0 -1 0
    outer loop
      vertex -40.0812 -63.0532 -69.9155
      vertex -40.0812 -63.0532 -36.0845
      vertex -40.2665 -63.0532 -69.8387
    endloop
  endfacet
  facet normal 0 -1 0
    outer loop
      vertex 39.0613 -63.0532 -35.15
      vertex 41.0532 -63.0532 -69.7
      vertex 39.1691 -63.0532 -35.3192
    endloop
  endfacet
  facet normal 0 -1 0
    outer loop
      vertex -40.2665 -63.0532 -36.1613
      vertex -40.2665 -63.0532 -69.8387
      vertex -40.0812 -63.0532 -36.0845
    endloop
  endfacet
  facet normal 0 -1 0
    outer loop
      vertex 39.1691 -63.0532 -35.3192
      vertex 41.0532 -63.0532 -69.7
      vertex 39.2913 -63.0532 -35.4784
    endloop
  endfacet
  facet normal 0 -1 0
    outer loop
      vertex -40.2665 -63.0532 -69.8387
      vertex -40.2665 -63.0532 -36.1613
      vertex -40.4579 -63.0532 -69.7784
    endloop
  endfacet
  facet normal 0 -1 0
    outer loop
      vertex 39.2913 -63.0532 -35.4784
      vertex 41.0532 -63.0532 -69.7
      vertex 39.4268 -63.0532 -35.6263
    endloop
  endfacet
  facet normal 0 -1 0
    outer loop
      vertex -40.4579 -63.0532 -36.2216
      vertex -40.4579 -63.0532 -69.7784
      vertex -40.2665 -63.0532 -36.1613
    endloop
  endfacet
  facet normal 0 -1 0
    outer loop
      vertex 39.4268 -63.0532 -35.6263
      vertex 41.0532 -63.0532 -69.7
      vertex 39.5748 -63.0532 -35.7619
    endloop
  endfacet
  facet normal 0 -1 0
    outer loop
      vertex -40.4579 -63.0532 -69.7784
      vertex -40.4579 -63.0532 -36.2216
      vertex -40.6538 -63.0532 -69.7349
    endloop
  endfacet
  facet normal 0 -1 0
    outer loop
      vertex 39.5748 -63.0532 -35.7619
      vertex 41.0532 -63.0532 -69.7
      vertex 39.7339 -63.0532 -35.884
    endloop
  endfacet
  facet normal 0 -1 0
    outer loop
      vertex -40.6538 -63.0532 -36.2651
      vertex -40.6538 -63.0532 -69.7349
      vertex -40.4579 -63.0532 -36.2216
    endloop
  endfacet
  facet normal 0 -1 0
    outer loop
      vertex 39.7339 -63.0532 -35.884
      vertex 41.0532 -63.0532 -69.7
      vertex 39.9032 -63.0532 -35.9919
    endloop
  endfacet
  facet normal 0 -1 0
    outer loop
      vertex -40.6538 -63.0532 -69.7349
      vertex -40.6538 -63.0532 -36.2651
      vertex -40.8527 -63.0532 -69.7088
    endloop
  endfacet
  facet normal 0 -1 0
    outer loop
      vertex 39.9032 -63.0532 -35.9919
      vertex 41.0532 -63.0532 -69.7
      vertex 40.0812 -63.0532 -36.0845
    endloop
  endfacet
  facet normal 0 -1 0
    outer loop
      vertex -40.8527 -63.0532 -36.2912
      vertex -40.8527 -63.0532 -69.7088
      vertex -40.6538 -63.0532 -36.2651
    endloop
  endfacet
  facet normal 0 -1 0
    outer loop
      vertex 40.0812 -63.0532 -36.0845
      vertex 41.0532 -63.0532 -69.7
      vertex 40.2665 -63.0532 -36.1613
    endloop
  endfacet
  facet normal 0 -1 0
    outer loop
      vertex -40.8527 -63.0532 -69.7088
      vertex -40.8527 -63.0532 -36.2912
      vertex -41.0532 -63.0532 -69.7
    endloop
  endfacet
  facet normal 0 -1 0
    outer loop
      vertex 40.2665 -63.0532 -36.1613
      vertex 41.0532 -63.0532 -69.7
      vertex 40.4579 -63.0532 -36.2216
    endloop
  endfacet
  facet normal 0 -1 0
    outer loop
      vertex -41.0532 -63.0532 -69.7
      vertex -40.8527 -63.0532 -36.2912
      vertex -41.0532 -63.0532 -36.3
    endloop
  endfacet
  facet normal 0 -1 0
    outer loop
      vertex 40.4579 -63.0532 -36.2216
      vertex 41.0532 -63.0532 -69.7
      vertex 40.6538 -63.0532 -36.2651
    endloop
  endfacet
  facet normal 0 -1 0
    outer loop
      vertex -40.8527 -63.0532 -31.7088
      vertex -57.0532 -63.0532 -8
      vertex -41.0532 -63.0532 -31.7
    endloop
  endfacet
  facet normal 0 -1 0
    outer loop
      vertex -57.0532 -63.0532 -8
      vertex -41.2536 -63.0532 -31.7088
      vertex -41.0532 -63.0532 -31.7
    endloop
  endfacet
  facet normal 0 -1 0
    outer loop
      vertex -57.0532 -63.0532 -8
      vertex -41.4526 -63.0532 -31.7349
      vertex -41.2536 -63.0532 -31.7088
    endloop
  endfacet
  facet normal 0 -1 0
    outer loop
      vertex -57.0532 -63.0532 -8
      vertex -41.6485 -63.0532 -31.7784
      vertex -41.4526 -63.0532 -31.7349
    endloop
  endfacet
  facet normal 0 -1 0
    outer loop
      vertex -57.0532 -63.0532 -8
      vertex -41.8398 -63.0532 -31.8387
      vertex -41.6485 -63.0532 -31.7784
    endloop
  endfacet
  facet normal 0 -1 0
    outer loop
      vertex -57.0532 -63.0532 -8
      vertex -42.0252 -63.0532 -31.9155
      vertex -41.8398 -63.0532 -31.8387
    endloop
  endfacet
  facet normal 0 -1 0
    outer loop
      vertex -57.0532 -63.0532 -8
      vertex -42.2032 -63.0532 -32.0081
      vertex -42.0252 -63.0532 -31.9155
    endloop
  endfacet
  facet normal 0 -1 0
    outer loop
      vertex -57.0532 -63.0532 -8
      vertex -42.3724 -63.0532 -32.116
      vertex -42.2032 -63.0532 -32.0081
    endloop
  endfacet
  facet normal 0 -1 0
    outer loop
      vertex -57.0532 -63.0532 -8
      vertex -42.5316 -63.0532 -32.2381
      vertex -42.3724 -63.0532 -32.116
    endloop
  endfacet
  facet normal 0 -1 0
    outer loop
      vertex -57.0532 -63.0532 -8
      vertex -42.6795 -63.0532 -32.3737
      vertex -42.5316 -63.0532 -32.2381
    endloop
  endfacet
  facet normal 0 -1 0
    outer loop
      vertex -57.0532 -63.0532 -8
      vertex -42.8151 -63.0532 -32.5216
      vertex -42.6795 -63.0532 -32.3737
    endloop
  endfacet
  facet normal 0 -1 0
    outer loop
      vertex -57.0532 -63.0532 -8
      vertex -42.9372 -63.0532 -32.6808
      vertex -42.8151 -63.0532 -32.5216
    endloop
  endfacet
  facet normal 0 -1 0
    outer loop
      vertex -57.0532 -63.0532 -8
      vertex -43.045 -63.0532 -32.85
      vertex -42.9372 -63.0532 -32.6808
    endloop
  endfacet
  facet normal 0 -1 0
    outer loop
      vertex -57.0532 -63.0532 -8
      vertex -43.1377 -63.0532 -33.028
      vertex -43.045 -63.0532 -32.85
    endloop
  endfacet
  facet normal 0 -1 0
    outer loop
      vertex -57.0532 -63.0532 -8
      vertex -43.2145 -63.0532 -33.2134
      vertex -43.1377 -63.0532 -33.028
    endloop
  endfacet
  facet normal 0 -1 0
    outer loop
      vertex -57.0532 -63.0532 -8
      vertex -43.2748 -63.0532 -33.4047
      vertex -43.2145 -63.0532 -33.2134
    endloop
  endfacet
  facet normal 0 -1 0
    outer loop
      vertex -57.0532 -63.0532 -8
      vertex -43.3182 -63.0532 -33.6006
      vertex -43.2748 -63.0532 -33.4047
    endloop
  endfacet
  facet normal 0 -1 0
    outer loop
      vertex -57.0532 -63.0532 -8
      vertex -43.3444 -63.0532 -33.7995
      vertex -43.3182 -63.0532 -33.6006
    endloop
  endfacet
  facet normal 0 -1 0
    outer loop
      vertex -57.0532 -63.0532 -8
      vertex -43.3532 -63.0532 -34
      vertex -43.3444 -63.0532 -33.7995
    endloop
  endfacet
  facet normal 0 -1 0
    outer loop
      vertex -57.0532 -63.0532 -8
      vertex -43.3444 -63.0532 -34.2005
      vertex -43.3532 -63.0532 -34
    endloop
  endfacet
  facet normal 0 -1 0
    outer loop
      vertex -57.0532 -63.0532 -8
      vertex -43.3182 -63.0532 -34.3994
      vertex -43.3444 -63.0532 -34.2005
    endloop
  endfacet
  facet normal 0 -1 0
    outer loop
      vertex -57.0532 -63.0532 -84
      vertex -43.3182 -63.0532 -34.3994
      vertex -57.0532 -63.0532 -8
    endloop
  endfacet
  facet normal 0 -1 -0
    outer loop
      vertex -43.3182 -63.0532 -34.3994
      vertex -57.0532 -63.0532 -84
      vertex -43.2748 -63.0532 -34.5953
    endloop
  endfacet
  facet normal 0 -1 -0
    outer loop
      vertex -43.2748 -63.0532 -34.5953
      vertex -57.0532 -63.0532 -84
      vertex -43.2145 -63.0532 -34.7866
    endloop
  endfacet
  facet normal 0 -1 0
    outer loop
      vertex 40.6538 -63.0532 -36.2651
      vertex 41.0532 -63.0532 -69.7
      vertex 40.8527 -63.0532 -36.2912
    endloop
  endfacet
  facet normal 0 -1 0
    outer loop
      vertex -41.2536 -63.0532 -36.2912
      vertex -41.0532 -63.0532 -69.7
      vertex -41.0532 -63.0532 -36.3
    endloop
  endfacet
  facet normal 0 -1 0
    outer loop
      vertex -41.2536 -63.0532 -69.7088
      vertex -41.2536 -63.0532 -36.2912
      vertex -41.4526 -63.0532 -36.2651
    endloop
  endfacet
  facet normal 0 -1 0
    outer loop
      vertex -41.4526 -63.0532 -69.7349
      vertex -41.4526 -63.0532 -36.2651
      vertex -41.6485 -63.0532 -36.2216
    endloop
  endfacet
  facet normal 0 -1 0
    outer loop
      vertex -41.6485 -63.0532 -69.7784
      vertex -41.6485 -63.0532 -36.2216
      vertex -41.8398 -63.0532 -36.1613
    endloop
  endfacet
  facet normal 0 -1 0
    outer loop
      vertex -41.8398 -63.0532 -69.8387
      vertex -41.8398 -63.0532 -36.1613
      vertex -42.0252 -63.0532 -36.0845
    endloop
  endfacet
  facet normal 0 -1 0
    outer loop
      vertex -42.0252 -63.0532 -69.9155
      vertex -42.0252 -63.0532 -36.0845
      vertex -42.2032 -63.0532 -35.9919
    endloop
  endfacet
  facet normal 0 -1 0
    outer loop
      vertex -42.2032 -63.0532 -70.0081
      vertex -42.2032 -63.0532 -35.9919
      vertex -42.3724 -63.0532 -35.884
    endloop
  endfacet
  facet normal 0 -1 0
    outer loop
      vertex -42.3724 -63.0532 -70.116
      vertex -42.3724 -63.0532 -35.884
      vertex -42.5316 -63.0532 -35.7619
    endloop
  endfacet
  facet normal 0 -1 0
    outer loop
      vertex -42.5316 -63.0532 -70.2381
      vertex -42.5316 -63.0532 -35.7619
      vertex -42.6795 -63.0532 -35.6263
    endloop
  endfacet
  facet normal 0 -1 0
    outer loop
      vertex -42.6795 -63.0532 -70.3737
      vertex -42.6795 -63.0532 -35.6263
      vertex -42.8151 -63.0532 -35.4784
    endloop
  endfacet
  facet normal 0 -1 0
    outer loop
      vertex -42.8151 -63.0532 -70.5216
      vertex -42.8151 -63.0532 -35.4784
      vertex -42.9372 -63.0532 -35.3192
    endloop
  endfacet
  facet normal 0 -1 0
    outer loop
      vertex -42.9372 -63.0532 -70.6808
      vertex -42.9372 -63.0532 -35.3192
      vertex -43.045 -63.0532 -35.15
    endloop
  endfacet
  facet normal 0 -1 0
    outer loop
      vertex -57.0532 -63.0532 -84
      vertex -43.045 -63.0532 -35.15
      vertex -43.1377 -63.0532 -34.972
    endloop
  endfacet
  facet normal 0 -1 -0
    outer loop
      vertex -43.2145 -63.0532 -34.7866
      vertex -57.0532 -63.0532 -84
      vertex -43.1377 -63.0532 -34.972
    endloop
  endfacet
  facet normal 0 -1 0
    outer loop
      vertex -41.2536 -63.0532 -36.2912
      vertex -41.2536 -63.0532 -69.7088
      vertex -41.0532 -63.0532 -69.7
    endloop
  endfacet
  facet normal 0 -1 0
    outer loop
      vertex -41.4526 -63.0532 -36.2651
      vertex -41.4526 -63.0532 -69.7349
      vertex -41.2536 -63.0532 -69.7088
    endloop
  endfacet
  facet normal 0 -1 0
    outer loop
      vertex -41.6485 -63.0532 -36.2216
      vertex -41.6485 -63.0532 -69.7784
      vertex -41.4526 -63.0532 -69.7349
    endloop
  endfacet
  facet normal 0 -1 0
    outer loop
      vertex -41.8398 -63.0532 -36.1613
      vertex -41.8398 -63.0532 -69.8387
      vertex -41.6485 -63.0532 -69.7784
    endloop
  endfacet
  facet normal 0 -1 0
    outer loop
      vertex -42.0252 -63.0532 -36.0845
      vertex -42.0252 -63.0532 -69.9155
      vertex -41.8398 -63.0532 -69.8387
    endloop
  endfacet
  facet normal 0 -1 0
    outer loop
      vertex -42.2032 -63.0532 -35.9919
      vertex -42.2032 -63.0532 -70.0081
      vertex -42.0252 -63.0532 -69.9155
    endloop
  endfacet
  facet normal 0 -1 0
    outer loop
      vertex -42.3724 -63.0532 -35.884
      vertex -42.3724 -63.0532 -70.116
      vertex -42.2032 -63.0532 -70.0081
    endloop
  endfacet
  facet normal 0 -1 0
    outer loop
      vertex -42.5316 -63.0532 -35.7619
      vertex -42.5316 -63.0532 -70.2381
      vertex -42.3724 -63.0532 -70.116
    endloop
  endfacet
  facet normal 0 -1 0
    outer loop
      vertex -42.6795 -63.0532 -35.6263
      vertex -42.6795 -63.0532 -70.3737
      vertex -42.5316 -63.0532 -70.2381
    endloop
  endfacet
  facet normal 0 -1 0
    outer loop
      vertex -42.8151 -63.0532 -35.4784
      vertex -42.8151 -63.0532 -70.5216
      vertex -42.6795 -63.0532 -70.3737
    endloop
  endfacet
  facet normal 0 -1 0
    outer loop
      vertex -42.9372 -63.0532 -35.3192
      vertex -42.9372 -63.0532 -70.6808
      vertex -42.8151 -63.0532 -70.5216
    endloop
  endfacet
  facet normal 0 -1 -0
    outer loop
      vertex -43.045 -63.0532 -35.15
      vertex -57.0532 -63.0532 -84
      vertex -43.045 -63.0532 -70.85
    endloop
  endfacet
  facet normal 0 -1 0
    outer loop
      vertex -43.045 -63.0532 -35.15
      vertex -43.045 -63.0532 -70.85
      vertex -42.9372 -63.0532 -70.6808
    endloop
  endfacet
  facet normal 0 -1 0
    outer loop
      vertex -43.045 -63.0532 -70.85
      vertex -57.0532 -63.0532 -84
      vertex -43.1377 -63.0532 -71.028
    endloop
  endfacet
  facet normal 0 -1 0
    outer loop
      vertex -43.1377 -63.0532 -71.028
      vertex -57.0532 -63.0532 -84
      vertex -43.2145 -63.0532 -71.2134
    endloop
  endfacet
  facet normal 0 -1 0
    outer loop
      vertex -43.2145 -63.0532 -71.2134
      vertex -57.0532 -63.0532 -84
      vertex -43.2748 -63.0532 -71.4047
    endloop
  endfacet
  facet normal 0 -1 0
    outer loop
      vertex -43.2748 -63.0532 -71.4047
      vertex -57.0532 -63.0532 -84
      vertex -43.3182 -63.0532 -71.6006
    endloop
  endfacet
  facet normal 0 -1 0
    outer loop
      vertex -43.3182 -63.0532 -71.6006
      vertex -57.0532 -63.0532 -84
      vertex -43.3444 -63.0532 -71.7995
    endloop
  endfacet
  facet normal 0 -1 0
    outer loop
      vertex -43.3444 -63.0532 -71.7995
      vertex -57.0532 -63.0532 -84
      vertex -43.3532 -63.0532 -72
    endloop
  endfacet
  facet normal 0 -1 -0
    outer loop
      vertex -43.3532 -63.0532 -72
      vertex -57.0532 -63.0532 -84
      vertex -43.3444 -63.0532 -72.2005
    endloop
  endfacet
  facet normal 0 -1 0
    outer loop
      vertex 40.6538 -63.0532 -74.2651
      vertex 57.0532 -63.0532 -84
      vertex 40.8527 -63.0532 -74.2912
    endloop
  endfacet
  facet normal 0 -1 -0
    outer loop
      vertex -41.2536 -63.0532 -74.2912
      vertex -57.0532 -63.0532 -84
      vertex -41.0532 -63.0532 -74.3
    endloop
  endfacet
  facet normal 0 -1 -0
    outer loop
      vertex -41.4526 -63.0532 -74.2651
      vertex -57.0532 -63.0532 -84
      vertex -41.2536 -63.0532 -74.2912
    endloop
  endfacet
  facet normal 0 -1 -0
    outer loop
      vertex -41.6485 -63.0532 -74.2216
      vertex -57.0532 -63.0532 -84
      vertex -41.4526 -63.0532 -74.2651
    endloop
  endfacet
  facet normal 0 -1 -0
    outer loop
      vertex -41.8398 -63.0532 -74.1613
      vertex -57.0532 -63.0532 -84
      vertex -41.6485 -63.0532 -74.2216
    endloop
  endfacet
  facet normal 0 -1 -0
    outer loop
      vertex -42.0252 -63.0532 -74.0845
      vertex -57.0532 -63.0532 -84
      vertex -41.8398 -63.0532 -74.1613
    endloop
  endfacet
  facet normal 0 -1 -0
    outer loop
      vertex -42.2032 -63.0532 -73.9919
      vertex -57.0532 -63.0532 -84
      vertex -42.0252 -63.0532 -74.0845
    endloop
  endfacet
  facet normal 0 -1 -0
    outer loop
      vertex -42.3724 -63.0532 -73.884
      vertex -57.0532 -63.0532 -84
      vertex -42.2032 -63.0532 -73.9919
    endloop
  endfacet
  facet normal 0 -1 -0
    outer loop
      vertex -42.5316 -63.0532 -73.7619
      vertex -57.0532 -63.0532 -84
      vertex -42.3724 -63.0532 -73.884
    endloop
  endfacet
  facet normal 0 -1 -0
    outer loop
      vertex -42.6795 -63.0532 -73.6263
      vertex -57.0532 -63.0532 -84
      vertex -42.5316 -63.0532 -73.7619
    endloop
  endfacet
  facet normal 0 -1 -0
    outer loop
      vertex -42.8151 -63.0532 -73.4784
      vertex -57.0532 -63.0532 -84
      vertex -42.6795 -63.0532 -73.6263
    endloop
  endfacet
  facet normal 0 -1 -0
    outer loop
      vertex -42.9372 -63.0532 -73.3192
      vertex -57.0532 -63.0532 -84
      vertex -42.8151 -63.0532 -73.4784
    endloop
  endfacet
  facet normal 0 -1 -0
    outer loop
      vertex -43.045 -63.0532 -73.15
      vertex -57.0532 -63.0532 -84
      vertex -42.9372 -63.0532 -73.3192
    endloop
  endfacet
  facet normal 0 -1 -0
    outer loop
      vertex -43.1377 -63.0532 -72.972
      vertex -57.0532 -63.0532 -84
      vertex -43.045 -63.0532 -73.15
    endloop
  endfacet
  facet normal 0 -1 -0
    outer loop
      vertex -43.2145 -63.0532 -72.7866
      vertex -57.0532 -63.0532 -84
      vertex -43.1377 -63.0532 -72.972
    endloop
  endfacet
  facet normal 0 -1 -0
    outer loop
      vertex -43.2748 -63.0532 -72.5953
      vertex -57.0532 -63.0532 -84
      vertex -43.2145 -63.0532 -72.7866
    endloop
  endfacet
  facet normal 0 -1 -0
    outer loop
      vertex -43.3182 -63.0532 -72.3994
      vertex -57.0532 -63.0532 -84
      vertex -43.2748 -63.0532 -72.5953
    endloop
  endfacet
  facet normal 0 -1 -0
    outer loop
      vertex -43.3444 -63.0532 -72.2005
      vertex -57.0532 -63.0532 -84
      vertex -43.3182 -63.0532 -72.3994
    endloop
  endfacet
  facet normal 0 -1 0
    outer loop
      vertex -40.6538 -63.0532 -31.7349
      vertex -57.0532 -63.0532 -8
      vertex -40.8527 -63.0532 -31.7088
    endloop
  endfacet
  facet normal 0 -1 0
    outer loop
      vertex 41.2536 -63.0532 -31.7088
      vertex 57.0532 -63.0532 -8
      vertex 41.0532 -63.0532 -31.7
    endloop
  endfacet
  facet normal 0 -1 0
    outer loop
      vertex 41.4526 -63.0532 -31.7349
      vertex 57.0532 -63.0532 -8
      vertex 41.2536 -63.0532 -31.7088
    endloop
  endfacet
  facet normal 0 -1 0
    outer loop
      vertex 41.6485 -63.0532 -31.7784
      vertex 57.0532 -63.0532 -8
      vertex 41.4526 -63.0532 -31.7349
    endloop
  endfacet
  facet normal 0 -1 0
    outer loop
      vertex 41.8398 -63.0532 -31.8387
      vertex 57.0532 -63.0532 -8
      vertex 41.6485 -63.0532 -31.7784
    endloop
  endfacet
  facet normal 0 -1 0
    outer loop
      vertex 42.0252 -63.0532 -31.9155
      vertex 57.0532 -63.0532 -8
      vertex 41.8398 -63.0532 -31.8387
    endloop
  endfacet
  facet normal 0 -1 0
    outer loop
      vertex 42.2032 -63.0532 -32.0081
      vertex 57.0532 -63.0532 -8
      vertex 42.0252 -63.0532 -31.9155
    endloop
  endfacet
  facet normal 0 -1 0
    outer loop
      vertex 42.3724 -63.0532 -32.116
      vertex 57.0532 -63.0532 -8
      vertex 42.2032 -63.0532 -32.0081
    endloop
  endfacet
  facet normal 0 -1 0
    outer loop
      vertex 42.5316 -63.0532 -32.2381
      vertex 57.0532 -63.0532 -8
      vertex 42.3724 -63.0532 -32.116
    endloop
  endfacet
  facet normal 0 -1 0
    outer loop
      vertex 42.6795 -63.0532 -32.3737
      vertex 57.0532 -63.0532 -8
      vertex 42.5316 -63.0532 -32.2381
    endloop
  endfacet
  facet normal 0 -1 0
    outer loop
      vertex 42.8151 -63.0532 -32.5216
      vertex 57.0532 -63.0532 -8
      vertex 42.6795 -63.0532 -32.3737
    endloop
  endfacet
  facet normal 0 -1 0
    outer loop
      vertex 42.9372 -63.0532 -32.6808
      vertex 57.0532 -63.0532 -8
      vertex 42.8151 -63.0532 -32.5216
    endloop
  endfacet
  facet normal 0 -1 0
    outer loop
      vertex 43.045 -63.0532 -32.85
      vertex 57.0532 -63.0532 -8
      vertex 42.9372 -63.0532 -32.6808
    endloop
  endfacet
  facet normal 0 -1 0
    outer loop
      vertex 43.1377 -63.0532 -33.028
      vertex 57.0532 -63.0532 -8
      vertex 43.045 -63.0532 -32.85
    endloop
  endfacet
  facet normal 0 -1 0
    outer loop
      vertex 43.2145 -63.0532 -33.2134
      vertex 57.0532 -63.0532 -8
      vertex 43.1377 -63.0532 -33.028
    endloop
  endfacet
  facet normal 0 -1 0
    outer loop
      vertex 43.2748 -63.0532 -33.4047
      vertex 57.0532 -63.0532 -8
      vertex 43.2145 -63.0532 -33.2134
    endloop
  endfacet
  facet normal 0 -1 0
    outer loop
      vertex 43.3182 -63.0532 -33.6006
      vertex 57.0532 -63.0532 -8
      vertex 43.2748 -63.0532 -33.4047
    endloop
  endfacet
  facet normal 0 -1 0
    outer loop
      vertex 43.3444 -63.0532 -33.7995
      vertex 57.0532 -63.0532 -8
      vertex 43.3182 -63.0532 -33.6006
    endloop
  endfacet
  facet normal 0 -1 0
    outer loop
      vertex 43.3532 -63.0532 -34
      vertex 57.0532 -63.0532 -8
      vertex 43.3444 -63.0532 -33.7995
    endloop
  endfacet
  facet normal 0 -1 0
    outer loop
      vertex 43.3444 -63.0532 -34.2005
      vertex 57.0532 -63.0532 -8
      vertex 43.3532 -63.0532 -34
    endloop
  endfacet
  facet normal 0 -1 0
    outer loop
      vertex 43.3182 -63.0532 -34.3994
      vertex 57.0532 -63.0532 -8
      vertex 43.3444 -63.0532 -34.2005
    endloop
  endfacet
  facet normal 0 -1 0
    outer loop
      vertex 57.0532 -63.0532 -84
      vertex 43.3182 -63.0532 -34.3994
      vertex 43.2748 -63.0532 -34.5953
    endloop
  endfacet
  facet normal 0 -1 0
    outer loop
      vertex 57.0532 -63.0532 -84
      vertex 43.2748 -63.0532 -34.5953
      vertex 43.2145 -63.0532 -34.7866
    endloop
  endfacet
  facet normal 0 -1 0
    outer loop
      vertex 57.0532 -63.0532 -84
      vertex 43.2145 -63.0532 -34.7866
      vertex 43.1377 -63.0532 -34.972
    endloop
  endfacet
  facet normal 0 -1 0
    outer loop
      vertex 40.8527 -63.0532 -36.2912
      vertex 41.0532 -63.0532 -69.7
      vertex 41.0532 -63.0532 -36.3
    endloop
  endfacet
  facet normal 0 -1 0
    outer loop
      vertex 41.0532 -63.0532 -36.3
      vertex 41.0532 -63.0532 -69.7
      vertex 41.2536 -63.0532 -36.2912
    endloop
  endfacet
  facet normal 0 -1 0
    outer loop
      vertex 41.2536 -63.0532 -69.7088
      vertex 41.2536 -63.0532 -36.2912
      vertex 41.0532 -63.0532 -69.7
    endloop
  endfacet
  facet normal 0 -1 0
    outer loop
      vertex 41.2536 -63.0532 -36.2912
      vertex 41.2536 -63.0532 -69.7088
      vertex 41.4526 -63.0532 -36.2651
    endloop
  endfacet
  facet normal 0 -1 0
    outer loop
      vertex 41.4526 -63.0532 -69.7349
      vertex 41.4526 -63.0532 -36.2651
      vertex 41.2536 -63.0532 -69.7088
    endloop
  endfacet
  facet normal 0 -1 0
    outer loop
      vertex 41.4526 -63.0532 -36.2651
      vertex 41.4526 -63.0532 -69.7349
      vertex 41.6485 -63.0532 -36.2216
    endloop
  endfacet
  facet normal 0 -1 0
    outer loop
      vertex 41.6485 -63.0532 -69.7784
      vertex 41.6485 -63.0532 -36.2216
      vertex 41.4526 -63.0532 -69.7349
    endloop
  endfacet
  facet normal 0 -1 0
    outer loop
      vertex 41.6485 -63.0532 -36.2216
      vertex 41.6485 -63.0532 -69.7784
      vertex 41.8398 -63.0532 -36.1613
    endloop
  endfacet
  facet normal 0 -1 0
    outer loop
      vertex 41.8398 -63.0532 -69.8387
      vertex 41.8398 -63.0532 -36.1613
      vertex 41.6485 -63.0532 -69.7784
    endloop
  endfacet
  facet normal 0 -1 0
    outer loop
      vertex 41.8398 -63.0532 -36.1613
      vertex 41.8398 -63.0532 -69.8387
      vertex 42.0252 -63.0532 -36.0845
    endloop
  endfacet
  facet normal 0 -1 0
    outer loop
      vertex 42.0252 -63.0532 -69.9155
      vertex 42.0252 -63.0532 -36.0845
      vertex 41.8398 -63.0532 -69.8387
    endloop
  endfacet
  facet normal 0 -1 0
    outer loop
      vertex 42.0252 -63.0532 -36.0845
      vertex 42.0252 -63.0532 -69.9155
      vertex 42.2032 -63.0532 -35.9919
    endloop
  endfacet
  facet normal 0 -1 0
    outer loop
      vertex 42.2032 -63.0532 -70.0081
      vertex 42.2032 -63.0532 -35.9919
      vertex 42.0252 -63.0532 -69.9155
    endloop
  endfacet
  facet normal 0 -1 0
    outer loop
      vertex 42.2032 -63.0532 -35.9919
      vertex 42.2032 -63.0532 -70.0081
      vertex 42.3724 -63.0532 -35.884
    endloop
  endfacet
  facet normal 0 -1 0
    outer loop
      vertex 42.3724 -63.0532 -70.116
      vertex 42.3724 -63.0532 -35.884
      vertex 42.2032 -63.0532 -70.0081
    endloop
  endfacet
  facet normal 0 -1 0
    outer loop
      vertex 42.3724 -63.0532 -35.884
      vertex 42.3724 -63.0532 -70.116
      vertex 42.5316 -63.0532 -35.7619
    endloop
  endfacet
  facet normal 0 -1 0
    outer loop
      vertex 42.5316 -63.0532 -70.2381
      vertex 42.5316 -63.0532 -35.7619
      vertex 42.3724 -63.0532 -70.116
    endloop
  endfacet
  facet normal 0 -1 0
    outer loop
      vertex 42.5316 -63.0532 -35.7619
      vertex 42.5316 -63.0532 -70.2381
      vertex 42.6795 -63.0532 -35.6263
    endloop
  endfacet
  facet normal 0 -1 0
    outer loop
      vertex 42.6795 -63.0532 -70.3737
      vertex 42.6795 -63.0532 -35.6263
      vertex 42.5316 -63.0532 -70.2381
    endloop
  endfacet
  facet normal 0 -1 0
    outer loop
      vertex 42.6795 -63.0532 -35.6263
      vertex 42.6795 -63.0532 -70.3737
      vertex 42.8151 -63.0532 -35.4784
    endloop
  endfacet
  facet normal 0 -1 0
    outer loop
      vertex 42.8151 -63.0532 -70.5216
      vertex 42.8151 -63.0532 -35.4784
      vertex 42.6795 -63.0532 -70.3737
    endloop
  endfacet
  facet normal 0 -1 0
    outer loop
      vertex 42.8151 -63.0532 -35.4784
      vertex 42.8151 -63.0532 -70.5216
      vertex 42.9372 -63.0532 -35.3192
    endloop
  endfacet
  facet normal 0 -1 0
    outer loop
      vertex 42.9372 -63.0532 -70.6808
      vertex 42.9372 -63.0532 -35.3192
      vertex 42.8151 -63.0532 -70.5216
    endloop
  endfacet
  facet normal 0 -1 0
    outer loop
      vertex 42.9372 -63.0532 -35.3192
      vertex 42.9372 -63.0532 -70.6808
      vertex 43.045 -63.0532 -35.15
    endloop
  endfacet
  facet normal 0 -1 0
    outer loop
      vertex 43.045 -63.0532 -70.85
      vertex 43.045 -63.0532 -35.15
      vertex 42.9372 -63.0532 -70.6808
    endloop
  endfacet
  facet normal 0 -1 0
    outer loop
      vertex 57.0532 -63.0532 -84
      vertex 43.045 -63.0532 -35.15
      vertex 43.045 -63.0532 -70.85
    endloop
  endfacet
  facet normal 0 -1 0
    outer loop
      vertex 43.045 -63.0532 -35.15
      vertex 57.0532 -63.0532 -84
      vertex 43.1377 -63.0532 -34.972
    endloop
  endfacet
  facet normal 0 -1 0
    outer loop
      vertex 57.0532 -63.0532 -84
      vertex 43.045 -63.0532 -70.85
      vertex 43.1377 -63.0532 -71.028
    endloop
  endfacet
  facet normal 0 -1 0
    outer loop
      vertex 57.0532 -63.0532 -84
      vertex 43.1377 -63.0532 -71.028
      vertex 43.2145 -63.0532 -71.2134
    endloop
  endfacet
  facet normal 0 -1 0
    outer loop
      vertex 57.0532 -63.0532 -84
      vertex 43.2145 -63.0532 -71.2134
      vertex 43.2748 -63.0532 -71.4047
    endloop
  endfacet
  facet normal 0 -1 0
    outer loop
      vertex 57.0532 -63.0532 -84
      vertex 43.2748 -63.0532 -71.4047
      vertex 43.3182 -63.0532 -71.6006
    endloop
  endfacet
  facet normal 0 -1 0
    outer loop
      vertex 57.0532 -63.0532 -84
      vertex 43.3182 -63.0532 -71.6006
      vertex 43.3444 -63.0532 -71.7995
    endloop
  endfacet
  facet normal 0 -1 0
    outer loop
      vertex 57.0532 -63.0532 -84
      vertex 43.3444 -63.0532 -71.7995
      vertex 43.3532 -63.0532 -72
    endloop
  endfacet
  facet normal 0 -1 0
    outer loop
      vertex 57.0532 -63.0532 -84
      vertex 43.3532 -63.0532 -72
      vertex 43.3444 -63.0532 -72.2005
    endloop
  endfacet
  facet normal 0 -1 0
    outer loop
      vertex 57.0532 -63.0532 -84
      vertex 43.3444 -63.0532 -72.2005
      vertex 43.3182 -63.0532 -72.3994
    endloop
  endfacet
  facet normal 0 -1 0
    outer loop
      vertex 40.8527 -63.0532 -74.2912
      vertex 57.0532 -63.0532 -84
      vertex 41.0532 -63.0532 -74.3
    endloop
  endfacet
  facet normal 0 -1 0
    outer loop
      vertex 43.3182 -63.0532 -34.3994
      vertex 57.0532 -63.0532 -84
      vertex 57.0532 -63.0532 -8
    endloop
  endfacet
  facet normal 0 -1 0
    outer loop
      vertex 43.2748 -63.0532 -72.5953
      vertex 57.0532 -63.0532 -84
      vertex 43.3182 -63.0532 -72.3994
    endloop
  endfacet
  facet normal 0 -1 0
    outer loop
      vertex 43.2145 -63.0532 -72.7866
      vertex 57.0532 -63.0532 -84
      vertex 43.2748 -63.0532 -72.5953
    endloop
  endfacet
  facet normal 0 -1 0
    outer loop
      vertex 43.1377 -63.0532 -72.972
      vertex 57.0532 -63.0532 -84
      vertex 43.2145 -63.0532 -72.7866
    endloop
  endfacet
  facet normal 0 -1 0
    outer loop
      vertex 43.045 -63.0532 -73.15
      vertex 57.0532 -63.0532 -84
      vertex 43.1377 -63.0532 -72.972
    endloop
  endfacet
  facet normal 0 -1 0
    outer loop
      vertex 42.9372 -63.0532 -73.3192
      vertex 57.0532 -63.0532 -84
      vertex 43.045 -63.0532 -73.15
    endloop
  endfacet
  facet normal 0 -1 0
    outer loop
      vertex 42.8151 -63.0532 -73.4784
      vertex 57.0532 -63.0532 -84
      vertex 42.9372 -63.0532 -73.3192
    endloop
  endfacet
  facet normal 0 -1 0
    outer loop
      vertex 42.6795 -63.0532 -73.6263
      vertex 57.0532 -63.0532 -84
      vertex 42.8151 -63.0532 -73.4784
    endloop
  endfacet
  facet normal 0 -1 0
    outer loop
      vertex 42.5316 -63.0532 -73.7619
      vertex 57.0532 -63.0532 -84
      vertex 42.6795 -63.0532 -73.6263
    endloop
  endfacet
  facet normal 0 -1 0
    outer loop
      vertex 42.3724 -63.0532 -73.884
      vertex 57.0532 -63.0532 -84
      vertex 42.5316 -63.0532 -73.7619
    endloop
  endfacet
  facet normal 0 -1 0
    outer loop
      vertex 42.2032 -63.0532 -73.9919
      vertex 57.0532 -63.0532 -84
      vertex 42.3724 -63.0532 -73.884
    endloop
  endfacet
  facet normal 0 -1 0
    outer loop
      vertex 42.0252 -63.0532 -74.0845
      vertex 57.0532 -63.0532 -84
      vertex 42.2032 -63.0532 -73.9919
    endloop
  endfacet
  facet normal 0 -1 0
    outer loop
      vertex 41.8398 -63.0532 -74.1613
      vertex 57.0532 -63.0532 -84
      vertex 42.0252 -63.0532 -74.0845
    endloop
  endfacet
  facet normal 0 -1 0
    outer loop
      vertex 41.6485 -63.0532 -74.2216
      vertex 57.0532 -63.0532 -84
      vertex 41.8398 -63.0532 -74.1613
    endloop
  endfacet
  facet normal 0 -1 0
    outer loop
      vertex 41.4526 -63.0532 -74.2651
      vertex 57.0532 -63.0532 -84
      vertex 41.6485 -63.0532 -74.2216
    endloop
  endfacet
  facet normal 0 -1 0
    outer loop
      vertex 41.2536 -63.0532 -74.2912
      vertex 57.0532 -63.0532 -84
      vertex 41.4526 -63.0532 -74.2651
    endloop
  endfacet
  facet normal 0 -1 0
    outer loop
      vertex 41.0532 -63.0532 -74.3
      vertex 57.0532 -63.0532 -84
      vertex 41.2536 -63.0532 -74.2912
    endloop
  endfacet
  facet normal 0 0 -1
    outer loop
      vertex -57.0532 -63.0532 -84
      vertex 57.0532 -57.0532 -84
      vertex 57.0532 -63.0532 -84
    endloop
  endfacet
  facet normal -0 0 -1
    outer loop
      vertex 57.0532 -57.0532 -84
      vertex -57.0532 -63.0532 -84
      vertex -57.0532 -57.0532 -84
    endloop
  endfacet
  facet normal 0 1 -0
    outer loop
      vertex 57.0532 -57.0532 -84
      vertex 51.0532 -57.0532 -77.984
      vertex 57.0532 -57.0532 -77.984
    endloop
  endfacet
  facet normal 0 1 0
    outer loop
      vertex 51.0532 -57.0532 -77.984
      vertex 57.0532 -57.0532 -84
      vertex -51.0532 -57.0532 -77.984
    endloop
  endfacet
  facet normal 0 1 0
    outer loop
      vertex -57.0532 -57.0532 -84
      vertex -51.0532 -57.0532 -77.984
      vertex 57.0532 -57.0532 -84
    endloop
  endfacet
  facet normal 0 1 0
    outer loop
      vertex -51.0532 -57.0532 -77.984
      vertex -57.0532 -57.0532 -84
      vertex -57.0532 -57.0532 -77.984
    endloop
  endfacet
  facet normal 0 1 -0
    outer loop
      vertex 38.6817 -57.0532 -67.8938
      vertex 38.3334 -57.0532 -37.8843
      vertex 38.6822 -57.0532 -67.8934
    endloop
  endfacet
  facet normal 0 1 0
    outer loop
      vertex -36.9466 -57.0532 -36.3709
      vertex -41.0525 -57.0532 -67.2582
      vertex -41.0532 -57.0532 -67.2581
    endloop
  endfacet
  facet normal 0 1 0
    outer loop
      vertex 38.3334 -57.0532 -68.1157
      vertex 38.3334 -57.0532 -37.8843
      vertex 38.6817 -57.0532 -67.8938
    endloop
  endfacet
  facet normal 0 1 0
    outer loop
      vertex -36.9466 -57.0532 -36.3709
      vertex -40.6399 -57.0532 -67.2762
      vertex -41.0525 -57.0532 -67.2582
    endloop
  endfacet
  facet normal 0 1 0
    outer loop
      vertex 38.3334 -57.0532 -37.8843
      vertex 38.3334 -57.0532 -68.1157
      vertex 38.0057 -57.0532 -37.6329
    endloop
  endfacet
  facet normal 0 1 0
    outer loop
      vertex -36.9466 -57.0532 -36.3709
      vertex -40.6392 -57.0532 -67.2763
      vertex -40.6399 -57.0532 -67.2762
    endloop
  endfacet
  facet normal 0 1 0
    outer loop
      vertex 38.0057 -57.0532 -37.6329
      vertex 38.3334 -57.0532 -68.1157
      vertex 38.0052 -57.0532 -37.6325
    endloop
  endfacet
  facet normal 0 1 0
    outer loop
      vertex -36.9466 -57.0532 -36.3709
      vertex -40.2298 -57.0532 -67.3302
      vertex -40.6392 -57.0532 -67.2763
    endloop
  endfacet
  facet normal 0 1 -0
    outer loop
      vertex 38.0057 -57.0532 -68.3671
      vertex 38.0052 -57.0532 -37.6325
      vertex 38.3334 -57.0532 -68.1157
    endloop
  endfacet
  facet normal 0 1 0
    outer loop
      vertex -36.9466 -57.0532 -36.3709
      vertex -40.2291 -57.0532 -67.3303
      vertex -40.2298 -57.0532 -67.3302
    endloop
  endfacet
  facet normal 0 1 0
    outer loop
      vertex 38.0052 -57.0532 -68.3675
      vertex 38.0052 -57.0532 -37.6325
      vertex 38.0057 -57.0532 -68.3671
    endloop
  endfacet
  facet normal 0 1 0
    outer loop
      vertex -36.9466 -57.0532 -36.3709
      vertex -39.8259 -57.0532 -67.4197
      vertex -40.2291 -57.0532 -67.3303
    endloop
  endfacet
  facet normal 0 1 0
    outer loop
      vertex 38.0052 -57.0532 -37.6325
      vertex 38.0052 -57.0532 -68.3675
      vertex 37.7007 -57.0532 -37.3535
    endloop
  endfacet
  facet normal 0 1 0
    outer loop
      vertex -36.9466 -57.0532 -36.3709
      vertex -39.432 -57.0532 -67.5439
      vertex -39.8259 -57.0532 -67.4197
    endloop
  endfacet
  facet normal 0 1 0
    outer loop
      vertex 37.7007 -57.0532 -68.6465
      vertex 37.7007 -57.0532 -37.3535
      vertex 38.0052 -57.0532 -68.3675
    endloop
  endfacet
  facet normal 0 1 0
    outer loop
      vertex -36.9466 -57.0532 -36.3709
      vertex -39.4314 -57.0532 -67.5441
      vertex -39.432 -57.0532 -67.5439
    endloop
  endfacet
  facet normal 0 1 0
    outer loop
      vertex 37.7007 -57.0532 -37.3535
      vertex 37.7007 -57.0532 -68.6465
      vertex 37.7002 -57.0532 -37.353
    endloop
  endfacet
  facet normal 0 1 0
    outer loop
      vertex -36.9466 -57.0532 -36.3709
      vertex -39.4307 -57.0532 -67.5444
      vertex -39.4314 -57.0532 -67.5441
    endloop
  endfacet
  facet normal 0 1 0
    outer loop
      vertex 37.7002 -57.0532 -68.647
      vertex 37.7002 -57.0532 -37.353
      vertex 37.7007 -57.0532 -68.6465
    endloop
  endfacet
  facet normal 0 1 0
    outer loop
      vertex -36.9466 -57.0532 -36.3709
      vertex -39.0492 -57.0532 -67.7024
      vertex -39.4307 -57.0532 -67.5444
    endloop
  endfacet
  facet normal 0 1 0
    outer loop
      vertex 37.7002 -57.0532 -37.353
      vertex 37.7002 -57.0532 -68.647
      vertex 37.6997 -57.0532 -37.3525
    endloop
  endfacet
  facet normal 0 1 0
    outer loop
      vertex -36.9466 -57.0532 -36.3709
      vertex -39.0486 -57.0532 -67.7027
      vertex -39.0492 -57.0532 -67.7024
    endloop
  endfacet
  facet normal 0 1 0
    outer loop
      vertex 37.6997 -57.0532 -37.3525
      vertex 37.7002 -57.0532 -68.647
      vertex 37.4207 -57.0532 -37.048
    endloop
  endfacet
  facet normal 0 1 0
    outer loop
      vertex -36.9466 -57.0532 -36.3709
      vertex -38.6822 -57.0532 -67.8934
      vertex -39.0486 -57.0532 -67.7027
    endloop
  endfacet
  facet normal 0 1 -0
    outer loop
      vertex 37.6997 -57.0532 -68.6475
      vertex 37.4207 -57.0532 -37.048
      vertex 37.7002 -57.0532 -68.647
    endloop
  endfacet
  facet normal 0 1 0
    outer loop
      vertex -36.9466 -57.0532 -36.3709
      vertex -38.6817 -57.0532 -67.8938
      vertex -38.6822 -57.0532 -67.8934
    endloop
  endfacet
  facet normal 0 1 0
    outer loop
      vertex 37.4207 -57.0532 -68.952
      vertex 37.4207 -57.0532 -37.048
      vertex 37.6997 -57.0532 -68.6475
    endloop
  endfacet
  facet normal 0 1 0
    outer loop
      vertex -36.9466 -57.0532 -36.3709
      vertex -38.3334 -57.0532 -68.1157
      vertex -38.6817 -57.0532 -67.8938
    endloop
  endfacet
  facet normal 0 1 0
    outer loop
      vertex 37.4207 -57.0532 -37.048
      vertex 37.4207 -57.0532 -68.952
      vertex 37.4203 -57.0532 -37.0475
    endloop
  endfacet
  facet normal 0 1 0
    outer loop
      vertex -36.9466 -57.0532 -36.3709
      vertex -38.0057 -57.0532 -68.3671
      vertex -38.3334 -57.0532 -68.1157
    endloop
  endfacet
  facet normal 0 1 0
    outer loop
      vertex 37.4203 -57.0532 -37.0475
      vertex 37.4207 -57.0532 -68.952
      vertex 37.1689 -57.0532 -36.7198
    endloop
  endfacet
  facet normal 0 1 0
    outer loop
      vertex -36.9466 -57.0532 -36.3709
      vertex -38.0052 -57.0532 -68.3675
      vertex -38.0057 -57.0532 -68.3671
    endloop
  endfacet
  facet normal 0 1 -0
    outer loop
      vertex 37.4203 -57.0532 -68.9525
      vertex 37.1689 -57.0532 -36.7198
      vertex 37.4207 -57.0532 -68.952
    endloop
  endfacet
  facet normal 0 1 0
    outer loop
      vertex -36.9466 -57.0532 -36.3709
      vertex -37.7007 -57.0532 -68.6465
      vertex -38.0052 -57.0532 -68.3675
    endloop
  endfacet
  facet normal 0 1 0
    outer loop
      vertex 37.1689 -57.0532 -69.2802
      vertex 37.1689 -57.0532 -36.7198
      vertex 37.4203 -57.0532 -68.9525
    endloop
  endfacet
  facet normal 0 1 0
    outer loop
      vertex -36.9466 -57.0532 -36.3709
      vertex -37.7002 -57.0532 -68.647
      vertex -37.7007 -57.0532 -68.6465
    endloop
  endfacet
  facet normal 0 1 0
    outer loop
      vertex 37.1689 -57.0532 -36.7198
      vertex 37.1689 -57.0532 -69.2802
      vertex 36.947 -57.0532 -36.3715
    endloop
  endfacet
  facet normal 0 1 0
    outer loop
      vertex -36.9466 -57.0532 -36.3709
      vertex -37.6997 -57.0532 -68.6475
      vertex -37.7002 -57.0532 -68.647
    endloop
  endfacet
  facet normal 0 1 0
    outer loop
      vertex 36.947 -57.0532 -36.3715
      vertex 37.1689 -57.0532 -69.2802
      vertex 36.9466 -57.0532 -36.3709
    endloop
  endfacet
  facet normal 0 1 0
    outer loop
      vertex -36.9466 -57.0532 -36.3709
      vertex -37.4207 -57.0532 -68.952
      vertex -37.6997 -57.0532 -68.6475
    endloop
  endfacet
  facet normal 0 1 -0
    outer loop
      vertex 36.947 -57.0532 -69.6285
      vertex 36.9466 -57.0532 -36.3709
      vertex 37.1689 -57.0532 -69.2802
    endloop
  endfacet
  facet normal 0 1 0
    outer loop
      vertex -36.9466 -57.0532 -36.3709
      vertex -37.4203 -57.0532 -68.9525
      vertex -37.4207 -57.0532 -68.952
    endloop
  endfacet
  facet normal 0 1 0
    outer loop
      vertex 36.9466 -57.0532 -69.6291
      vertex 36.9466 -57.0532 -36.3709
      vertex 36.947 -57.0532 -69.6285
    endloop
  endfacet
  facet normal 0 1 0
    outer loop
      vertex -36.9466 -57.0532 -36.3709
      vertex -37.1689 -57.0532 -69.2802
      vertex -37.4203 -57.0532 -68.9525
    endloop
  endfacet
  facet normal 0 1 0
    outer loop
      vertex 36.7559 -57.0532 -69.9954
      vertex 36.9466 -57.0532 -36.3709
      vertex 36.9466 -57.0532 -69.6291
    endloop
  endfacet
  facet normal 0 1 0
    outer loop
      vertex -36.9466 -57.0532 -36.3709
      vertex -36.947 -57.0532 -69.6285
      vertex -37.1689 -57.0532 -69.2802
    endloop
  endfacet
  facet normal 0 1 0
    outer loop
      vertex 36.7556 -57.0532 -69.996
      vertex 36.9466 -57.0532 -36.3709
      vertex 36.7559 -57.0532 -69.9954
    endloop
  endfacet
  facet normal 0 1 0
    outer loop
      vertex -36.9466 -57.0532 -36.3709
      vertex -36.9466 -57.0532 -69.6291
      vertex -36.947 -57.0532 -69.6285
    endloop
  endfacet
  facet normal 0 1 0
    outer loop
      vertex 36.9466 -57.0532 -36.3709
      vertex 36.7556 -57.0532 -69.996
      vertex -36.9466 -57.0532 -36.3709
    endloop
  endfacet
  facet normal 0 1 0
    outer loop
      vertex -36.9466 -57.0532 -36.3709
      vertex -36.7559 -57.0532 -69.9954
      vertex -36.9466 -57.0532 -69.6291
    endloop
  endfacet
  facet normal 0 1 -0
    outer loop
      vertex -36.7556 -57.0532 -69.996
      vertex -36.9466 -57.0532 -36.3709
      vertex 36.7556 -57.0532 -69.996
    endloop
  endfacet
  facet normal 0 1 0
    outer loop
      vertex -36.9466 -57.0532 -36.3709
      vertex -36.7556 -57.0532 -69.996
      vertex -36.7559 -57.0532 -69.9954
    endloop
  endfacet
  facet normal 0 1 -0
    outer loop
      vertex 36.5975 -57.0532 -70.3776
      vertex -36.7556 -57.0532 -69.996
      vertex 36.7556 -57.0532 -69.996
    endloop
  endfacet
  facet normal 0 1 0
    outer loop
      vertex 36.5975 -57.0532 -70.3776
      vertex -36.5975 -57.0532 -70.3776
      vertex -36.7556 -57.0532 -69.996
    endloop
  endfacet
  facet normal 0 1 -0
    outer loop
      vertex 36.5973 -57.0532 -70.3782
      vertex -36.5975 -57.0532 -70.3776
      vertex 36.5975 -57.0532 -70.3776
    endloop
  endfacet
  facet normal 0 1 0
    outer loop
      vertex 36.5973 -57.0532 -70.3782
      vertex -36.5973 -57.0532 -70.3782
      vertex -36.5975 -57.0532 -70.3776
    endloop
  endfacet
  facet normal 0 1 -0
    outer loop
      vertex 36.5971 -57.0532 -70.3788
      vertex -36.5973 -57.0532 -70.3782
      vertex 36.5973 -57.0532 -70.3782
    endloop
  endfacet
  facet normal 0 1 0
    outer loop
      vertex 36.5971 -57.0532 -70.3788
      vertex -36.5971 -57.0532 -70.3788
      vertex -36.5973 -57.0532 -70.3782
    endloop
  endfacet
  facet normal 0 1 -0
    outer loop
      vertex 36.4729 -57.0532 -70.7727
      vertex -36.5971 -57.0532 -70.3788
      vertex 36.5971 -57.0532 -70.3788
    endloop
  endfacet
  facet normal 0 1 0
    outer loop
      vertex 36.4729 -57.0532 -70.7727
      vertex -36.4729 -57.0532 -70.7727
      vertex -36.5971 -57.0532 -70.3788
    endloop
  endfacet
  facet normal 0 1 -0
    outer loop
      vertex 36.3835 -57.0532 -71.1759
      vertex -36.4729 -57.0532 -70.7727
      vertex 36.4729 -57.0532 -70.7727
    endloop
  endfacet
  facet normal 0 1 0
    outer loop
      vertex 36.3835 -57.0532 -71.1759
      vertex -36.3835 -57.0532 -71.1759
      vertex -36.4729 -57.0532 -70.7727
    endloop
  endfacet
  facet normal 0 1 -0
    outer loop
      vertex 36.3834 -57.0532 -71.1766
      vertex -36.3835 -57.0532 -71.1759
      vertex 36.3835 -57.0532 -71.1759
    endloop
  endfacet
  facet normal 0 1 0
    outer loop
      vertex 36.3834 -57.0532 -71.1766
      vertex -36.3834 -57.0532 -71.1766
      vertex -36.3835 -57.0532 -71.1759
    endloop
  endfacet
  facet normal 0 1 -0
    outer loop
      vertex 36.3294 -57.0532 -71.5861
      vertex -36.3834 -57.0532 -71.1766
      vertex 36.3834 -57.0532 -71.1766
    endloop
  endfacet
  facet normal 0 1 0
    outer loop
      vertex 36.3294 -57.0532 -71.5861
      vertex -36.3294 -57.0532 -71.5861
      vertex -36.3834 -57.0532 -71.1766
    endloop
  endfacet
  facet normal 0 1 -0
    outer loop
      vertex 36.3294 -57.0532 -71.5867
      vertex -36.3294 -57.0532 -71.5861
      vertex 36.3294 -57.0532 -71.5861
    endloop
  endfacet
  facet normal 0 1 0
    outer loop
      vertex 36.3294 -57.0532 -71.5867
      vertex -36.3294 -57.0532 -71.5867
      vertex -36.3294 -57.0532 -71.5861
    endloop
  endfacet
  facet normal 0 1 -0
    outer loop
      vertex 36.3113 -57.0532 -71.9993
      vertex -36.3294 -57.0532 -71.5867
      vertex 36.3294 -57.0532 -71.5867
    endloop
  endfacet
  facet normal 0 1 0
    outer loop
      vertex 36.3113 -57.0532 -71.9993
      vertex -36.3113 -57.0532 -71.9993
      vertex -36.3294 -57.0532 -71.5867
    endloop
  endfacet
  facet normal 0 1 -0
    outer loop
      vertex 36.3113 -57.0532 -72
      vertex -36.3113 -57.0532 -71.9993
      vertex 36.3113 -57.0532 -71.9993
    endloop
  endfacet
  facet normal 0 1 0
    outer loop
      vertex 36.3113 -57.0532 -72
      vertex -36.3113 -57.0532 -72
      vertex -36.3113 -57.0532 -71.9993
    endloop
  endfacet
  facet normal 0 1 -0
    outer loop
      vertex 36.3113 -57.0532 -72.0007
      vertex -36.3113 -57.0532 -72
      vertex 36.3113 -57.0532 -72
    endloop
  endfacet
  facet normal 0 1 0
    outer loop
      vertex 36.3113 -57.0532 -72.0007
      vertex -36.3113 -57.0532 -72.0007
      vertex -36.3113 -57.0532 -72
    endloop
  endfacet
  facet normal 0 1 0
    outer loop
      vertex 36.3294 -57.0532 -72.4133
      vertex -36.3113 -57.0532 -72.0007
      vertex 36.3113 -57.0532 -72.0007
    endloop
  endfacet
  facet normal 0 1 0
    outer loop
      vertex 36.3294 -57.0532 -72.4133
      vertex -36.3294 -57.0532 -72.4133
      vertex -36.3113 -57.0532 -72.0007
    endloop
  endfacet
  facet normal 0 1 -0
    outer loop
      vertex 36.3294 -57.0532 -72.4139
      vertex -36.3294 -57.0532 -72.4133
      vertex 36.3294 -57.0532 -72.4133
    endloop
  endfacet
  facet normal 0 1 0
    outer loop
      vertex 36.3294 -57.0532 -72.4139
      vertex -36.3294 -57.0532 -72.4139
      vertex -36.3294 -57.0532 -72.4133
    endloop
  endfacet
  facet normal 0 1 0
    outer loop
      vertex 36.3834 -57.0532 -72.8234
      vertex -36.3294 -57.0532 -72.4139
      vertex 36.3294 -57.0532 -72.4139
    endloop
  endfacet
  facet normal 0 1 0
    outer loop
      vertex 36.3834 -57.0532 -72.8234
      vertex -36.3834 -57.0532 -72.8234
      vertex -36.3294 -57.0532 -72.4139
    endloop
  endfacet
  facet normal 0 1 0
    outer loop
      vertex 36.3835 -57.0532 -72.8241
      vertex -36.3834 -57.0532 -72.8234
      vertex 36.3834 -57.0532 -72.8234
    endloop
  endfacet
  facet normal 0 1 0
    outer loop
      vertex 36.3835 -57.0532 -72.8241
      vertex -36.3835 -57.0532 -72.8241
      vertex -36.3834 -57.0532 -72.8234
    endloop
  endfacet
  facet normal 0 1 0
    outer loop
      vertex 36.4729 -57.0532 -73.2273
      vertex -36.3835 -57.0532 -72.8241
      vertex 36.3835 -57.0532 -72.8241
    endloop
  endfacet
  facet normal 0 1 0
    outer loop
      vertex 36.4729 -57.0532 -73.2273
      vertex -36.4729 -57.0532 -73.2273
      vertex -36.3835 -57.0532 -72.8241
    endloop
  endfacet
  facet normal 0 1 0
    outer loop
      vertex 36.5971 -57.0532 -73.6212
      vertex -36.4729 -57.0532 -73.2273
      vertex 36.4729 -57.0532 -73.2273
    endloop
  endfacet
  facet normal 0 1 0
    outer loop
      vertex 36.5971 -57.0532 -73.6212
      vertex -36.5971 -57.0532 -73.6212
      vertex -36.4729 -57.0532 -73.2273
    endloop
  endfacet
  facet normal 0 1 0
    outer loop
      vertex 36.5973 -57.0532 -73.6218
      vertex -36.5971 -57.0532 -73.6212
      vertex 36.5971 -57.0532 -73.6212
    endloop
  endfacet
  facet normal 0 1 0
    outer loop
      vertex 36.5973 -57.0532 -73.6218
      vertex -36.5973 -57.0532 -73.6218
      vertex -36.5971 -57.0532 -73.6212
    endloop
  endfacet
  facet normal 0 1 0
    outer loop
      vertex 36.5975 -57.0532 -73.6224
      vertex -36.5973 -57.0532 -73.6218
      vertex 36.5973 -57.0532 -73.6218
    endloop
  endfacet
  facet normal 0 1 0
    outer loop
      vertex 36.5975 -57.0532 -73.6224
      vertex -36.5975 -57.0532 -73.6224
      vertex -36.5973 -57.0532 -73.6218
    endloop
  endfacet
  facet normal 0 1 0
    outer loop
      vertex 36.7556 -57.0532 -74.004
      vertex -36.5975 -57.0532 -73.6224
      vertex 36.5975 -57.0532 -73.6224
    endloop
  endfacet
  facet normal 0 1 0
    outer loop
      vertex 36.7556 -57.0532 -74.004
      vertex -36.7556 -57.0532 -74.004
      vertex -36.5975 -57.0532 -73.6224
    endloop
  endfacet
  facet normal 0 1 0
    outer loop
      vertex 36.7559 -57.0532 -74.0046
      vertex -36.7556 -57.0532 -74.004
      vertex 36.7556 -57.0532 -74.004
    endloop
  endfacet
  facet normal 0 1 0
    outer loop
      vertex 36.7559 -57.0532 -74.0046
      vertex -36.7559 -57.0532 -74.0046
      vertex -36.7556 -57.0532 -74.004
    endloop
  endfacet
  facet normal 0 1 0
    outer loop
      vertex 36.9466 -57.0532 -74.3709
      vertex -36.7559 -57.0532 -74.0046
      vertex 36.7559 -57.0532 -74.0046
    endloop
  endfacet
  facet normal 0 1 0
    outer loop
      vertex 36.9466 -57.0532 -74.3709
      vertex -36.9466 -57.0532 -74.3709
      vertex -36.7559 -57.0532 -74.0046
    endloop
  endfacet
  facet normal 0 1 0
    outer loop
      vertex 36.947 -57.0532 -74.3715
      vertex -36.9466 -57.0532 -74.3709
      vertex 36.9466 -57.0532 -74.3709
    endloop
  endfacet
  facet normal 0 1 0
    outer loop
      vertex 36.947 -57.0532 -74.3715
      vertex -36.947 -57.0532 -74.3715
      vertex -36.9466 -57.0532 -74.3709
    endloop
  endfacet
  facet normal 0 1 0
    outer loop
      vertex 37.1689 -57.0532 -74.7198
      vertex -36.947 -57.0532 -74.3715
      vertex 36.947 -57.0532 -74.3715
    endloop
  endfacet
  facet normal 0 1 0
    outer loop
      vertex 37.1689 -57.0532 -74.7198
      vertex -37.1689 -57.0532 -74.7198
      vertex -36.947 -57.0532 -74.3715
    endloop
  endfacet
  facet normal 0 1 0
    outer loop
      vertex 37.4203 -57.0532 -75.0475
      vertex -37.1689 -57.0532 -74.7198
      vertex 37.1689 -57.0532 -74.7198
    endloop
  endfacet
  facet normal 0 1 0
    outer loop
      vertex 37.4203 -57.0532 -75.0475
      vertex -37.4203 -57.0532 -75.0475
      vertex -37.1689 -57.0532 -74.7198
    endloop
  endfacet
  facet normal 0 1 0
    outer loop
      vertex 37.4207 -57.0532 -75.048
      vertex -37.4203 -57.0532 -75.0475
      vertex 37.4203 -57.0532 -75.0475
    endloop
  endfacet
  facet normal 0 1 0
    outer loop
      vertex 37.4207 -57.0532 -75.048
      vertex -37.4207 -57.0532 -75.048
      vertex -37.4203 -57.0532 -75.0475
    endloop
  endfacet
  facet normal 0 1 0
    outer loop
      vertex 37.6997 -57.0532 -75.3525
      vertex -37.4207 -57.0532 -75.048
      vertex 37.4207 -57.0532 -75.048
    endloop
  endfacet
  facet normal 0 1 0
    outer loop
      vertex 37.6997 -57.0532 -75.3525
      vertex -37.6997 -57.0532 -75.3525
      vertex -37.4207 -57.0532 -75.048
    endloop
  endfacet
  facet normal 0 1 0
    outer loop
      vertex 37.7002 -57.0532 -75.353
      vertex -37.6997 -57.0532 -75.3525
      vertex 37.6997 -57.0532 -75.3525
    endloop
  endfacet
  facet normal 0 1 0
    outer loop
      vertex 37.7002 -57.0532 -75.353
      vertex -37.7002 -57.0532 -75.353
      vertex -37.6997 -57.0532 -75.3525
    endloop
  endfacet
  facet normal 0 1 0
    outer loop
      vertex 37.7007 -57.0532 -75.3535
      vertex -37.7002 -57.0532 -75.353
      vertex 37.7002 -57.0532 -75.353
    endloop
  endfacet
  facet normal 0 1 0
    outer loop
      vertex 37.7007 -57.0532 -75.3535
      vertex -37.7007 -57.0532 -75.3535
      vertex -37.7002 -57.0532 -75.353
    endloop
  endfacet
  facet normal 0 1 0
    outer loop
      vertex 38.0052 -57.0532 -75.6325
      vertex -37.7007 -57.0532 -75.3535
      vertex 37.7007 -57.0532 -75.3535
    endloop
  endfacet
  facet normal 0 1 0
    outer loop
      vertex 38.0052 -57.0532 -75.6325
      vertex -38.0052 -57.0532 -75.6325
      vertex -37.7007 -57.0532 -75.3535
    endloop
  endfacet
  facet normal 0 1 0
    outer loop
      vertex 38.0057 -57.0532 -75.6329
      vertex -38.0052 -57.0532 -75.6325
      vertex 38.0052 -57.0532 -75.6325
    endloop
  endfacet
  facet normal 0 1 0
    outer loop
      vertex 38.0057 -57.0532 -75.6329
      vertex -38.0057 -57.0532 -75.6329
      vertex -38.0052 -57.0532 -75.6325
    endloop
  endfacet
  facet normal 0 1 0
    outer loop
      vertex 38.3334 -57.0532 -75.8843
      vertex -38.0057 -57.0532 -75.6329
      vertex 38.0057 -57.0532 -75.6329
    endloop
  endfacet
  facet normal 0 1 0
    outer loop
      vertex 38.3334 -57.0532 -75.8843
      vertex -38.3334 -57.0532 -75.8843
      vertex -38.0057 -57.0532 -75.6329
    endloop
  endfacet
  facet normal 0 1 0
    outer loop
      vertex 38.6817 -57.0532 -76.1062
      vertex -38.3334 -57.0532 -75.8843
      vertex 38.3334 -57.0532 -75.8843
    endloop
  endfacet
  facet normal 0 1 0
    outer loop
      vertex 38.6817 -57.0532 -76.1062
      vertex -38.6817 -57.0532 -76.1062
      vertex -38.3334 -57.0532 -75.8843
    endloop
  endfacet
  facet normal 0 1 0
    outer loop
      vertex 38.6822 -57.0532 -76.1066
      vertex -38.6817 -57.0532 -76.1062
      vertex 38.6817 -57.0532 -76.1062
    endloop
  endfacet
  facet normal 0 1 0
    outer loop
      vertex 38.6822 -57.0532 -76.1066
      vertex -38.6822 -57.0532 -76.1066
      vertex -38.6817 -57.0532 -76.1062
    endloop
  endfacet
  facet normal 0 1 0
    outer loop
      vertex 39.0486 -57.0532 -76.2973
      vertex -38.6822 -57.0532 -76.1066
      vertex 38.6822 -57.0532 -76.1066
    endloop
  endfacet
  facet normal 0 1 0
    outer loop
      vertex 39.0486 -57.0532 -76.2973
      vertex -39.0486 -57.0532 -76.2973
      vertex -38.6822 -57.0532 -76.1066
    endloop
  endfacet
  facet normal 0 1 0
    outer loop
      vertex 39.0492 -57.0532 -76.2976
      vertex -39.0486 -57.0532 -76.2973
      vertex 39.0486 -57.0532 -76.2973
    endloop
  endfacet
  facet normal 0 1 0
    outer loop
      vertex 39.0492 -57.0532 -76.2976
      vertex -39.0492 -57.0532 -76.2976
      vertex -39.0486 -57.0532 -76.2973
    endloop
  endfacet
  facet normal 0 1 0
    outer loop
      vertex 39.4307 -57.0532 -76.4556
      vertex -39.0492 -57.0532 -76.2976
      vertex 39.0492 -57.0532 -76.2976
    endloop
  endfacet
  facet normal 0 1 0
    outer loop
      vertex 39.4307 -57.0532 -76.4556
      vertex -39.4307 -57.0532 -76.4556
      vertex -39.0492 -57.0532 -76.2976
    endloop
  endfacet
  facet normal 0 1 0
    outer loop
      vertex 39.4314 -57.0532 -76.4559
      vertex -39.4307 -57.0532 -76.4556
      vertex 39.4307 -57.0532 -76.4556
    endloop
  endfacet
  facet normal 0 1 0
    outer loop
      vertex 39.4314 -57.0532 -76.4559
      vertex -39.4314 -57.0532 -76.4559
      vertex -39.4307 -57.0532 -76.4556
    endloop
  endfacet
  facet normal 0 1 0
    outer loop
      vertex 39.432 -57.0532 -76.4561
      vertex -39.4314 -57.0532 -76.4559
      vertex 39.4314 -57.0532 -76.4559
    endloop
  endfacet
  facet normal 0 1 0
    outer loop
      vertex 39.432 -57.0532 -76.4561
      vertex -39.432 -57.0532 -76.4561
      vertex -39.4314 -57.0532 -76.4559
    endloop
  endfacet
  facet normal 0 1 0
    outer loop
      vertex 39.8259 -57.0532 -76.5803
      vertex -39.432 -57.0532 -76.4561
      vertex 39.432 -57.0532 -76.4561
    endloop
  endfacet
  facet normal 0 1 0
    outer loop
      vertex 39.8259 -57.0532 -76.5803
      vertex -39.8259 -57.0532 -76.5803
      vertex -39.432 -57.0532 -76.4561
    endloop
  endfacet
  facet normal 0 1 0
    outer loop
      vertex 40.2291 -57.0532 -76.6697
      vertex -39.8259 -57.0532 -76.5803
      vertex 39.8259 -57.0532 -76.5803
    endloop
  endfacet
  facet normal 0 1 0
    outer loop
      vertex 40.2291 -57.0532 -76.6697
      vertex -40.2291 -57.0532 -76.6697
      vertex -39.8259 -57.0532 -76.5803
    endloop
  endfacet
  facet normal 0 1 0
    outer loop
      vertex 40.2298 -57.0532 -76.6698
      vertex -40.2291 -57.0532 -76.6697
      vertex 40.2291 -57.0532 -76.6697
    endloop
  endfacet
  facet normal 0 1 0
    outer loop
      vertex 40.2298 -57.0532 -76.6698
      vertex -40.2298 -57.0532 -76.6698
      vertex -40.2291 -57.0532 -76.6697
    endloop
  endfacet
  facet normal 0 1 0
    outer loop
      vertex 40.6392 -57.0532 -76.7237
      vertex -40.2298 -57.0532 -76.6698
      vertex 40.2298 -57.0532 -76.6698
    endloop
  endfacet
  facet normal 0 1 0
    outer loop
      vertex 40.6392 -57.0532 -76.7237
      vertex -40.6392 -57.0532 -76.7237
      vertex -40.2298 -57.0532 -76.6698
    endloop
  endfacet
  facet normal 0 1 0
    outer loop
      vertex 40.6399 -57.0532 -76.7238
      vertex -40.6392 -57.0532 -76.7237
      vertex 40.6392 -57.0532 -76.7237
    endloop
  endfacet
  facet normal 0 1 0
    outer loop
      vertex 40.6399 -57.0532 -76.7238
      vertex -40.6399 -57.0532 -76.7238
      vertex -40.6392 -57.0532 -76.7237
    endloop
  endfacet
  facet normal 0 1 0
    outer loop
      vertex 51.0532 -57.0532 -77.984
      vertex 40.6399 -57.0532 -76.7238
      vertex 41.0525 -57.0532 -76.7418
    endloop
  endfacet
  facet normal 0 1 0
    outer loop
      vertex 40.6399 -57.0532 -76.7238
      vertex 51.0532 -57.0532 -77.984
      vertex -40.6399 -57.0532 -76.7238
    endloop
  endfacet
  facet normal 0 -1 0
    outer loop
      vertex 51.0532 -57.0532 -77.984
      vertex 41.0525 -57.0532 -76.7418
      vertex 41.0532 -57.0532 -76.7419
    endloop
  endfacet
  facet normal 0 1 0
    outer loop
      vertex -51.0532 -57.0532 -77.984
      vertex -40.6399 -57.0532 -76.7238
      vertex 51.0532 -57.0532 -77.984
    endloop
  endfacet
  facet normal 0 1 0
    outer loop
      vertex 40.6392 -57.0532 -29.2763
      vertex 51.0532 -57.0532 -14
      vertex 40.6399 -57.0532 -29.2762
    endloop
  endfacet
  facet normal 0 1 0
    outer loop
      vertex -51.0532 -57.0532 -14
      vertex -41.0525 -57.0532 -29.2582
      vertex -41.0532 -57.0532 -29.2581
    endloop
  endfacet
  facet normal 0 1 0
    outer loop
      vertex 40.2298 -57.0532 -29.3302
      vertex 51.0532 -57.0532 -14
      vertex 40.6392 -57.0532 -29.2763
    endloop
  endfacet
  facet normal 0 1 0
    outer loop
      vertex -51.0532 -57.0532 -14
      vertex -40.6399 -57.0532 -29.2762
      vertex -41.0525 -57.0532 -29.2582
    endloop
  endfacet
  facet normal 0 1 0
    outer loop
      vertex 40.2291 -57.0532 -29.3303
      vertex 51.0532 -57.0532 -14
      vertex 40.2298 -57.0532 -29.3302
    endloop
  endfacet
  facet normal 0 1 0
    outer loop
      vertex -51.0532 -57.0532 -14
      vertex -40.6392 -57.0532 -29.2763
      vertex -40.6399 -57.0532 -29.2762
    endloop
  endfacet
  facet normal 0 1 0
    outer loop
      vertex 39.8259 -57.0532 -29.4197
      vertex 51.0532 -57.0532 -14
      vertex 40.2291 -57.0532 -29.3303
    endloop
  endfacet
  facet normal 0 1 0
    outer loop
      vertex -51.0532 -57.0532 -14
      vertex -40.2298 -57.0532 -29.3302
      vertex -40.6392 -57.0532 -29.2763
    endloop
  endfacet
  facet normal 0 1 0
    outer loop
      vertex 39.432 -57.0532 -29.5439
      vertex 51.0532 -57.0532 -14
      vertex 39.8259 -57.0532 -29.4197
    endloop
  endfacet
  facet normal 0 1 0
    outer loop
      vertex -51.0532 -57.0532 -14
      vertex -40.2291 -57.0532 -29.3303
      vertex -40.2298 -57.0532 -29.3302
    endloop
  endfacet
  facet normal 0 1 0
    outer loop
      vertex 39.4314 -57.0532 -29.5441
      vertex 51.0532 -57.0532 -14
      vertex 39.432 -57.0532 -29.5439
    endloop
  endfacet
  facet normal 0 1 0
    outer loop
      vertex -51.0532 -57.0532 -14
      vertex -39.8259 -57.0532 -29.4197
      vertex -40.2291 -57.0532 -29.3303
    endloop
  endfacet
  facet normal 0 1 0
    outer loop
      vertex 39.4307 -57.0532 -29.5444
      vertex 51.0532 -57.0532 -14
      vertex 39.4314 -57.0532 -29.5441
    endloop
  endfacet
  facet normal 0 1 0
    outer loop
      vertex -51.0532 -57.0532 -14
      vertex -39.432 -57.0532 -29.5439
      vertex -39.8259 -57.0532 -29.4197
    endloop
  endfacet
  facet normal 0 1 0
    outer loop
      vertex 39.0492 -57.0532 -29.7024
      vertex 51.0532 -57.0532 -14
      vertex 39.4307 -57.0532 -29.5444
    endloop
  endfacet
  facet normal 0 1 0
    outer loop
      vertex -51.0532 -57.0532 -14
      vertex -39.4314 -57.0532 -29.5441
      vertex -39.432 -57.0532 -29.5439
    endloop
  endfacet
  facet normal 0 1 0
    outer loop
      vertex 39.0486 -57.0532 -29.7027
      vertex 51.0532 -57.0532 -14
      vertex 39.0492 -57.0532 -29.7024
    endloop
  endfacet
  facet normal 0 1 0
    outer loop
      vertex -51.0532 -57.0532 -14
      vertex -39.4307 -57.0532 -29.5444
      vertex -39.4314 -57.0532 -29.5441
    endloop
  endfacet
  facet normal 0 1 0
    outer loop
      vertex 38.6822 -57.0532 -29.8934
      vertex 51.0532 -57.0532 -14
      vertex 39.0486 -57.0532 -29.7027
    endloop
  endfacet
  facet normal 0 1 0
    outer loop
      vertex -51.0532 -57.0532 -14
      vertex -39.0492 -57.0532 -29.7024
      vertex -39.4307 -57.0532 -29.5444
    endloop
  endfacet
  facet normal 0 1 0
    outer loop
      vertex 38.6817 -57.0532 -29.8938
      vertex 51.0532 -57.0532 -14
      vertex 38.6822 -57.0532 -29.8934
    endloop
  endfacet
  facet normal 0 1 0
    outer loop
      vertex -51.0532 -57.0532 -14
      vertex -39.0486 -57.0532 -29.7027
      vertex -39.0492 -57.0532 -29.7024
    endloop
  endfacet
  facet normal 0 1 0
    outer loop
      vertex 38.3334 -57.0532 -30.1157
      vertex 51.0532 -57.0532 -14
      vertex 38.6817 -57.0532 -29.8938
    endloop
  endfacet
  facet normal 0 1 0
    outer loop
      vertex -51.0532 -57.0532 -14
      vertex -38.6822 -57.0532 -29.8934
      vertex -39.0486 -57.0532 -29.7027
    endloop
  endfacet
  facet normal 0 1 0
    outer loop
      vertex 38.0057 -57.0532 -30.3671
      vertex 51.0532 -57.0532 -14
      vertex 38.3334 -57.0532 -30.1157
    endloop
  endfacet
  facet normal 0 1 0
    outer loop
      vertex -51.0532 -57.0532 -14
      vertex -38.6817 -57.0532 -29.8938
      vertex -38.6822 -57.0532 -29.8934
    endloop
  endfacet
  facet normal 0 1 0
    outer loop
      vertex 38.0052 -57.0532 -30.3675
      vertex 51.0532 -57.0532 -14
      vertex 38.0057 -57.0532 -30.3671
    endloop
  endfacet
  facet normal 0 1 0
    outer loop
      vertex -51.0532 -57.0532 -14
      vertex -38.3334 -57.0532 -30.1157
      vertex -38.6817 -57.0532 -29.8938
    endloop
  endfacet
  facet normal 0 1 0
    outer loop
      vertex 51.0532 -57.0532 -14
      vertex 38.0052 -57.0532 -30.3675
      vertex -51.0532 -57.0532 -14
    endloop
  endfacet
  facet normal 0 1 0
    outer loop
      vertex -51.0532 -57.0532 -14
      vertex -38.0057 -57.0532 -30.3671
      vertex -38.3334 -57.0532 -30.1157
    endloop
  endfacet
  facet normal 0 1 -0
    outer loop
      vertex -38.0052 -57.0532 -30.3675
      vertex -51.0532 -57.0532 -14
      vertex 38.0052 -57.0532 -30.3675
    endloop
  endfacet
  facet normal 0 1 0
    outer loop
      vertex -51.0532 -57.0532 -14
      vertex -38.0052 -57.0532 -30.3675
      vertex -38.0057 -57.0532 -30.3671
    endloop
  endfacet
  facet normal 0 1 -0
    outer loop
      vertex 37.7007 -57.0532 -30.6465
      vertex -38.0052 -57.0532 -30.3675
      vertex 38.0052 -57.0532 -30.3675
    endloop
  endfacet
  facet normal 0 1 0
    outer loop
      vertex 37.7007 -57.0532 -30.6465
      vertex -37.7007 -57.0532 -30.6465
      vertex -38.0052 -57.0532 -30.3675
    endloop
  endfacet
  facet normal 0 1 -0
    outer loop
      vertex 37.7002 -57.0532 -30.647
      vertex -37.7007 -57.0532 -30.6465
      vertex 37.7007 -57.0532 -30.6465
    endloop
  endfacet
  facet normal 0 1 0
    outer loop
      vertex 37.7002 -57.0532 -30.647
      vertex -37.7002 -57.0532 -30.647
      vertex -37.7007 -57.0532 -30.6465
    endloop
  endfacet
  facet normal 0 1 -0
    outer loop
      vertex 37.6997 -57.0532 -30.6475
      vertex -37.7002 -57.0532 -30.647
      vertex 37.7002 -57.0532 -30.647
    endloop
  endfacet
  facet normal 0 1 0
    outer loop
      vertex 37.6997 -57.0532 -30.6475
      vertex -37.6997 -57.0532 -30.6475
      vertex -37.7002 -57.0532 -30.647
    endloop
  endfacet
  facet normal 0 1 -0
    outer loop
      vertex 37.4207 -57.0532 -30.952
      vertex -37.6997 -57.0532 -30.6475
      vertex 37.6997 -57.0532 -30.6475
    endloop
  endfacet
  facet normal 0 1 0
    outer loop
      vertex 37.4207 -57.0532 -30.952
      vertex -37.4207 -57.0532 -30.952
      vertex -37.6997 -57.0532 -30.6475
    endloop
  endfacet
  facet normal 0 1 -0
    outer loop
      vertex 37.4203 -57.0532 -30.9525
      vertex -37.4207 -57.0532 -30.952
      vertex 37.4207 -57.0532 -30.952
    endloop
  endfacet
  facet normal 0 1 0
    outer loop
      vertex 37.4203 -57.0532 -30.9525
      vertex -37.4203 -57.0532 -30.9525
      vertex -37.4207 -57.0532 -30.952
    endloop
  endfacet
  facet normal 0 1 -0
    outer loop
      vertex 37.1689 -57.0532 -31.2802
      vertex -37.4203 -57.0532 -30.9525
      vertex 37.4203 -57.0532 -30.9525
    endloop
  endfacet
  facet normal 0 1 0
    outer loop
      vertex 37.1689 -57.0532 -31.2802
      vertex -37.1689 -57.0532 -31.2802
      vertex -37.4203 -57.0532 -30.9525
    endloop
  endfacet
  facet normal 0 1 -0
    outer loop
      vertex 36.947 -57.0532 -31.6285
      vertex -37.1689 -57.0532 -31.2802
      vertex 37.1689 -57.0532 -31.2802
    endloop
  endfacet
  facet normal 0 1 0
    outer loop
      vertex 36.947 -57.0532 -31.6285
      vertex -36.947 -57.0532 -31.6285
      vertex -37.1689 -57.0532 -31.2802
    endloop
  endfacet
  facet normal 0 1 -0
    outer loop
      vertex 36.9466 -57.0532 -31.6291
      vertex -36.947 -57.0532 -31.6285
      vertex 36.947 -57.0532 -31.6285
    endloop
  endfacet
  facet normal 0 1 0
    outer loop
      vertex 36.9466 -57.0532 -31.6291
      vertex -36.9466 -57.0532 -31.6291
      vertex -36.947 -57.0532 -31.6285
    endloop
  endfacet
  facet normal 0 1 -0
    outer loop
      vertex 36.7559 -57.0532 -31.9954
      vertex -36.9466 -57.0532 -31.6291
      vertex 36.9466 -57.0532 -31.6291
    endloop
  endfacet
  facet normal 0 1 0
    outer loop
      vertex 36.7559 -57.0532 -31.9954
      vertex -36.7559 -57.0532 -31.9954
      vertex -36.9466 -57.0532 -31.6291
    endloop
  endfacet
  facet normal 0 1 -0
    outer loop
      vertex 36.7556 -57.0532 -31.996
      vertex -36.7559 -57.0532 -31.9954
      vertex 36.7559 -57.0532 -31.9954
    endloop
  endfacet
  facet normal 0 1 0
    outer loop
      vertex 36.7556 -57.0532 -31.996
      vertex -36.7556 -57.0532 -31.996
      vertex -36.7559 -57.0532 -31.9954
    endloop
  endfacet
  facet normal 0 1 -0
    outer loop
      vertex 36.5975 -57.0532 -32.3776
      vertex -36.7556 -57.0532 -31.996
      vertex 36.7556 -57.0532 -31.996
    endloop
  endfacet
  facet normal 0 1 0
    outer loop
      vertex 36.5975 -57.0532 -32.3776
      vertex -36.5975 -57.0532 -32.3776
      vertex -36.7556 -57.0532 -31.996
    endloop
  endfacet
  facet normal 0 1 -0
    outer loop
      vertex 36.5973 -57.0532 -32.3782
      vertex -36.5975 -57.0532 -32.3776
      vertex 36.5975 -57.0532 -32.3776
    endloop
  endfacet
  facet normal 0 1 0
    outer loop
      vertex 36.5973 -57.0532 -32.3782
      vertex -36.5973 -57.0532 -32.3782
      vertex -36.5975 -57.0532 -32.3776
    endloop
  endfacet
  facet normal 0 1 -0
    outer loop
      vertex 36.5971 -57.0532 -32.3788
      vertex -36.5973 -57.0532 -32.3782
      vertex 36.5973 -57.0532 -32.3782
    endloop
  endfacet
  facet normal 0 1 0
    outer loop
      vertex 36.5971 -57.0532 -32.3788
      vertex -36.5971 -57.0532 -32.3788
      vertex -36.5973 -57.0532 -32.3782
    endloop
  endfacet
  facet normal 0 1 -0
    outer loop
      vertex 36.4729 -57.0532 -32.7727
      vertex -36.5971 -57.0532 -32.3788
      vertex 36.5971 -57.0532 -32.3788
    endloop
  endfacet
  facet normal 0 1 0
    outer loop
      vertex 36.4729 -57.0532 -32.7727
      vertex -36.4729 -57.0532 -32.7727
      vertex -36.5971 -57.0532 -32.3788
    endloop
  endfacet
  facet normal 0 1 -0
    outer loop
      vertex 36.3835 -57.0532 -33.1759
      vertex -36.4729 -57.0532 -32.7727
      vertex 36.4729 -57.0532 -32.7727
    endloop
  endfacet
  facet normal 0 1 0
    outer loop
      vertex 36.3835 -57.0532 -33.1759
      vertex -36.3835 -57.0532 -33.1759
      vertex -36.4729 -57.0532 -32.7727
    endloop
  endfacet
  facet normal 0 1 -0
    outer loop
      vertex 36.3834 -57.0532 -33.1766
      vertex -36.3835 -57.0532 -33.1759
      vertex 36.3835 -57.0532 -33.1759
    endloop
  endfacet
  facet normal 0 1 0
    outer loop
      vertex 36.3834 -57.0532 -33.1766
      vertex -36.3834 -57.0532 -33.1766
      vertex -36.3835 -57.0532 -33.1759
    endloop
  endfacet
  facet normal 0 1 -0
    outer loop
      vertex 36.3294 -57.0532 -33.5861
      vertex -36.3834 -57.0532 -33.1766
      vertex 36.3834 -57.0532 -33.1766
    endloop
  endfacet
  facet normal 0 1 0
    outer loop
      vertex 36.3294 -57.0532 -33.5861
      vertex -36.3294 -57.0532 -33.5861
      vertex -36.3834 -57.0532 -33.1766
    endloop
  endfacet
  facet normal 0 1 -0
    outer loop
      vertex 36.3294 -57.0532 -33.5867
      vertex -36.3294 -57.0532 -33.5861
      vertex 36.3294 -57.0532 -33.5861
    endloop
  endfacet
  facet normal 0 1 0
    outer loop
      vertex 36.3294 -57.0532 -33.5867
      vertex -36.3294 -57.0532 -33.5867
      vertex -36.3294 -57.0532 -33.5861
    endloop
  endfacet
  facet normal 0 1 -0
    outer loop
      vertex 36.3113 -57.0532 -33.9993
      vertex -36.3294 -57.0532 -33.5867
      vertex 36.3294 -57.0532 -33.5867
    endloop
  endfacet
  facet normal 0 1 0
    outer loop
      vertex 36.3113 -57.0532 -33.9993
      vertex -36.3113 -57.0532 -33.9993
      vertex -36.3294 -57.0532 -33.5867
    endloop
  endfacet
  facet normal 0 1 -0
    outer loop
      vertex 36.3113 -57.0532 -34
      vertex -36.3113 -57.0532 -33.9993
      vertex 36.3113 -57.0532 -33.9993
    endloop
  endfacet
  facet normal 0 1 0
    outer loop
      vertex 36.3113 -57.0532 -34
      vertex -36.3113 -57.0532 -34
      vertex -36.3113 -57.0532 -33.9993
    endloop
  endfacet
  facet normal 0 1 -0
    outer loop
      vertex 36.3113 -57.0532 -34.0007
      vertex -36.3113 -57.0532 -34
      vertex 36.3113 -57.0532 -34
    endloop
  endfacet
  facet normal 0 1 0
    outer loop
      vertex 36.3113 -57.0532 -34.0007
      vertex -36.3113 -57.0532 -34.0007
      vertex -36.3113 -57.0532 -34
    endloop
  endfacet
  facet normal 0 1 0
    outer loop
      vertex 36.3294 -57.0532 -34.4133
      vertex -36.3113 -57.0532 -34.0007
      vertex 36.3113 -57.0532 -34.0007
    endloop
  endfacet
  facet normal 0 1 0
    outer loop
      vertex 36.3294 -57.0532 -34.4133
      vertex -36.3294 -57.0532 -34.4133
      vertex -36.3113 -57.0532 -34.0007
    endloop
  endfacet
  facet normal 0 1 -0
    outer loop
      vertex 36.3294 -57.0532 -34.4139
      vertex -36.3294 -57.0532 -34.4133
      vertex 36.3294 -57.0532 -34.4133
    endloop
  endfacet
  facet normal 0 1 0
    outer loop
      vertex 36.3294 -57.0532 -34.4139
      vertex -36.3294 -57.0532 -34.4139
      vertex -36.3294 -57.0532 -34.4133
    endloop
  endfacet
  facet normal 0 1 0
    outer loop
      vertex 36.3834 -57.0532 -34.8234
      vertex -36.3294 -57.0532 -34.4139
      vertex 36.3294 -57.0532 -34.4139
    endloop
  endfacet
  facet normal 0 1 0
    outer loop
      vertex 36.3834 -57.0532 -34.8234
      vertex -36.3834 -57.0532 -34.8234
      vertex -36.3294 -57.0532 -34.4139
    endloop
  endfacet
  facet normal 0 1 0
    outer loop
      vertex 36.3835 -57.0532 -34.8241
      vertex -36.3834 -57.0532 -34.8234
      vertex 36.3834 -57.0532 -34.8234
    endloop
  endfacet
  facet normal 0 1 0
    outer loop
      vertex 36.3835 -57.0532 -34.8241
      vertex -36.3835 -57.0532 -34.8241
      vertex -36.3834 -57.0532 -34.8234
    endloop
  endfacet
  facet normal 0 1 0
    outer loop
      vertex 36.4729 -57.0532 -35.2273
      vertex -36.3835 -57.0532 -34.8241
      vertex 36.3835 -57.0532 -34.8241
    endloop
  endfacet
  facet normal 0 1 0
    outer loop
      vertex 36.4729 -57.0532 -35.2273
      vertex -36.4729 -57.0532 -35.2273
      vertex -36.3835 -57.0532 -34.8241
    endloop
  endfacet
  facet normal 0 1 0
    outer loop
      vertex 36.5971 -57.0532 -35.6212
      vertex -36.4729 -57.0532 -35.2273
      vertex 36.4729 -57.0532 -35.2273
    endloop
  endfacet
  facet normal 0 1 0
    outer loop
      vertex 36.5971 -57.0532 -35.6212
      vertex -36.5971 -57.0532 -35.6212
      vertex -36.4729 -57.0532 -35.2273
    endloop
  endfacet
  facet normal 0 1 0
    outer loop
      vertex 36.5973 -57.0532 -35.6218
      vertex -36.5971 -57.0532 -35.6212
      vertex 36.5971 -57.0532 -35.6212
    endloop
  endfacet
  facet normal 0 1 0
    outer loop
      vertex 36.5973 -57.0532 -35.6218
      vertex -36.5973 -57.0532 -35.6218
      vertex -36.5971 -57.0532 -35.6212
    endloop
  endfacet
  facet normal 0 1 0
    outer loop
      vertex 36.5975 -57.0532 -35.6224
      vertex -36.5973 -57.0532 -35.6218
      vertex 36.5973 -57.0532 -35.6218
    endloop
  endfacet
  facet normal 0 1 0
    outer loop
      vertex 36.5975 -57.0532 -35.6224
      vertex -36.5975 -57.0532 -35.6224
      vertex -36.5973 -57.0532 -35.6218
    endloop
  endfacet
  facet normal 0 1 0
    outer loop
      vertex 36.7556 -57.0532 -36.004
      vertex -36.5975 -57.0532 -35.6224
      vertex 36.5975 -57.0532 -35.6224
    endloop
  endfacet
  facet normal 0 1 0
    outer loop
      vertex 36.7556 -57.0532 -36.004
      vertex -36.7556 -57.0532 -36.004
      vertex -36.5975 -57.0532 -35.6224
    endloop
  endfacet
  facet normal 0 1 0
    outer loop
      vertex 36.7559 -57.0532 -36.0046
      vertex -36.7556 -57.0532 -36.004
      vertex 36.7556 -57.0532 -36.004
    endloop
  endfacet
  facet normal 0 1 0
    outer loop
      vertex 36.7559 -57.0532 -36.0046
      vertex -36.7559 -57.0532 -36.0046
      vertex -36.7556 -57.0532 -36.004
    endloop
  endfacet
  facet normal 0 1 0
    outer loop
      vertex 36.9466 -57.0532 -36.3709
      vertex -36.7559 -57.0532 -36.0046
      vertex 36.7559 -57.0532 -36.0046
    endloop
  endfacet
  facet normal 0 1 0
    outer loop
      vertex 36.9466 -57.0532 -36.3709
      vertex -36.9466 -57.0532 -36.3709
      vertex -36.7559 -57.0532 -36.0046
    endloop
  endfacet
  facet normal 0 1 0
    outer loop
      vertex 38.6822 -57.0532 -67.8934
      vertex 38.6822 -57.0532 -38.1066
      vertex 39.0486 -57.0532 -67.7027
    endloop
  endfacet
  facet normal 0 1 0
    outer loop
      vertex 38.6822 -57.0532 -38.1066
      vertex 38.6822 -57.0532 -67.8934
      vertex 38.6817 -57.0532 -38.1062
    endloop
  endfacet
  facet normal 0 1 0
    outer loop
      vertex 39.0486 -57.0532 -38.2973
      vertex 39.0486 -57.0532 -67.7027
      vertex 38.6822 -57.0532 -38.1066
    endloop
  endfacet
  facet normal 0 1 0
    outer loop
      vertex 38.6817 -57.0532 -38.1062
      vertex 38.6822 -57.0532 -67.8934
      vertex 38.3334 -57.0532 -37.8843
    endloop
  endfacet
  facet normal 0 1 0
    outer loop
      vertex 39.0486 -57.0532 -67.7027
      vertex 39.0486 -57.0532 -38.2973
      vertex 39.0492 -57.0532 -67.7024
    endloop
  endfacet
  facet normal 0 1 0
    outer loop
      vertex -36.9466 -57.0532 -36.3709
      vertex -41.0532 -57.0532 -67.2581
      vertex -36.947 -57.0532 -36.3715
    endloop
  endfacet
  facet normal 0 1 0
    outer loop
      vertex 39.0492 -57.0532 -38.2976
      vertex 39.0492 -57.0532 -67.7024
      vertex 39.0486 -57.0532 -38.2973
    endloop
  endfacet
  facet normal 0 1 0
    outer loop
      vertex -36.947 -57.0532 -36.3715
      vertex -41.0532 -57.0532 -67.2581
      vertex -37.1689 -57.0532 -36.7198
    endloop
  endfacet
  facet normal 0 1 0
    outer loop
      vertex 39.0492 -57.0532 -67.7024
      vertex 39.0492 -57.0532 -38.2976
      vertex 39.4307 -57.0532 -67.5444
    endloop
  endfacet
  facet normal 0 1 0
    outer loop
      vertex -37.1689 -57.0532 -36.7198
      vertex -41.0532 -57.0532 -67.2581
      vertex -37.4203 -57.0532 -37.0475
    endloop
  endfacet
  facet normal 0 1 -0
    outer loop
      vertex 39.4307 -57.0532 -67.5444
      vertex 39.0492 -57.0532 -38.2976
      vertex 39.4314 -57.0532 -67.5441
    endloop
  endfacet
  facet normal 0 1 0
    outer loop
      vertex -37.4203 -57.0532 -37.0475
      vertex -41.0532 -57.0532 -67.2581
      vertex -37.4207 -57.0532 -37.048
    endloop
  endfacet
  facet normal 0 1 0
    outer loop
      vertex 39.4307 -57.0532 -38.4556
      vertex 39.4314 -57.0532 -67.5441
      vertex 39.0492 -57.0532 -38.2976
    endloop
  endfacet
  facet normal 0 1 0
    outer loop
      vertex -37.4207 -57.0532 -37.048
      vertex -41.0532 -57.0532 -67.2581
      vertex -37.6997 -57.0532 -37.3525
    endloop
  endfacet
  facet normal 0 1 0
    outer loop
      vertex 39.4314 -57.0532 -38.4559
      vertex 39.4314 -57.0532 -67.5441
      vertex 39.4307 -57.0532 -38.4556
    endloop
  endfacet
  facet normal 0 1 0
    outer loop
      vertex -37.6997 -57.0532 -37.3525
      vertex -41.0532 -57.0532 -67.2581
      vertex -37.7002 -57.0532 -37.353
    endloop
  endfacet
  facet normal 0 1 0
    outer loop
      vertex 39.4314 -57.0532 -67.5441
      vertex 39.4314 -57.0532 -38.4559
      vertex 39.432 -57.0532 -67.5439
    endloop
  endfacet
  facet normal 0 1 0
    outer loop
      vertex -37.7002 -57.0532 -37.353
      vertex -41.0532 -57.0532 -67.2581
      vertex -37.7007 -57.0532 -37.3535
    endloop
  endfacet
  facet normal 0 1 0
    outer loop
      vertex 39.432 -57.0532 -38.4561
      vertex 39.432 -57.0532 -67.5439
      vertex 39.4314 -57.0532 -38.4559
    endloop
  endfacet
  facet normal 0 1 0
    outer loop
      vertex -37.7007 -57.0532 -37.3535
      vertex -41.0532 -57.0532 -67.2581
      vertex -38.0052 -57.0532 -37.6325
    endloop
  endfacet
  facet normal 0 1 0
    outer loop
      vertex 39.432 -57.0532 -67.5439
      vertex 39.432 -57.0532 -38.4561
      vertex 39.8259 -57.0532 -67.4197
    endloop
  endfacet
  facet normal 0 1 0
    outer loop
      vertex -38.0052 -57.0532 -37.6325
      vertex -41.0532 -57.0532 -67.2581
      vertex -38.0057 -57.0532 -37.6329
    endloop
  endfacet
  facet normal 0 1 0
    outer loop
      vertex 39.8259 -57.0532 -38.5803
      vertex 39.8259 -57.0532 -67.4197
      vertex 39.432 -57.0532 -38.4561
    endloop
  endfacet
  facet normal 0 1 0
    outer loop
      vertex -38.0057 -57.0532 -37.6329
      vertex -41.0532 -57.0532 -67.2581
      vertex -38.3334 -57.0532 -37.8843
    endloop
  endfacet
  facet normal 0 1 0
    outer loop
      vertex 39.8259 -57.0532 -67.4197
      vertex 39.8259 -57.0532 -38.5803
      vertex 40.2291 -57.0532 -67.3303
    endloop
  endfacet
  facet normal 0 1 0
    outer loop
      vertex -38.3334 -57.0532 -37.8843
      vertex -41.0532 -57.0532 -67.2581
      vertex -38.6817 -57.0532 -38.1062
    endloop
  endfacet
  facet normal 0 1 0
    outer loop
      vertex 40.2291 -57.0532 -38.6697
      vertex 40.2291 -57.0532 -67.3303
      vertex 39.8259 -57.0532 -38.5803
    endloop
  endfacet
  facet normal 0 1 0
    outer loop
      vertex -38.6817 -57.0532 -38.1062
      vertex -41.0532 -57.0532 -67.2581
      vertex -38.6822 -57.0532 -38.1066
    endloop
  endfacet
  facet normal 0 1 0
    outer loop
      vertex 40.2291 -57.0532 -67.3303
      vertex 40.2291 -57.0532 -38.6697
      vertex 40.2298 -57.0532 -67.3302
    endloop
  endfacet
  facet normal 0 1 0
    outer loop
      vertex -38.6822 -57.0532 -38.1066
      vertex -41.0532 -57.0532 -67.2581
      vertex -39.0486 -57.0532 -38.2973
    endloop
  endfacet
  facet normal 0 1 0
    outer loop
      vertex 40.2298 -57.0532 -38.6698
      vertex 40.2298 -57.0532 -67.3302
      vertex 40.2291 -57.0532 -38.6697
    endloop
  endfacet
  facet normal 0 1 0
    outer loop
      vertex -39.0486 -57.0532 -38.2973
      vertex -41.0532 -57.0532 -67.2581
      vertex -39.0492 -57.0532 -38.2976
    endloop
  endfacet
  facet normal 0 1 0
    outer loop
      vertex 40.2298 -57.0532 -67.3302
      vertex 40.2298 -57.0532 -38.6698
      vertex 40.6392 -57.0532 -67.2763
    endloop
  endfacet
  facet normal 0 1 0
    outer loop
      vertex -39.0492 -57.0532 -38.2976
      vertex -41.0532 -57.0532 -67.2581
      vertex -39.4307 -57.0532 -38.4556
    endloop
  endfacet
  facet normal 0 1 0
    outer loop
      vertex 40.6392 -57.0532 -38.7237
      vertex 40.6392 -57.0532 -67.2763
      vertex 40.2298 -57.0532 -38.6698
    endloop
  endfacet
  facet normal 0 1 0
    outer loop
      vertex -39.4307 -57.0532 -38.4556
      vertex -41.0532 -57.0532 -67.2581
      vertex -39.4314 -57.0532 -38.4559
    endloop
  endfacet
  facet normal 0 1 0
    outer loop
      vertex 40.6392 -57.0532 -67.2763
      vertex 40.6392 -57.0532 -38.7237
      vertex 40.6399 -57.0532 -67.2762
    endloop
  endfacet
  facet normal 0 1 0
    outer loop
      vertex -39.4314 -57.0532 -38.4559
      vertex -41.0532 -57.0532 -67.2581
      vertex -39.432 -57.0532 -38.4561
    endloop
  endfacet
  facet normal 0 1 0
    outer loop
      vertex 40.6399 -57.0532 -38.7238
      vertex 40.6399 -57.0532 -67.2762
      vertex 40.6392 -57.0532 -38.7237
    endloop
  endfacet
  facet normal 0 1 0
    outer loop
      vertex -39.432 -57.0532 -38.4561
      vertex -41.0532 -57.0532 -67.2581
      vertex -39.8259 -57.0532 -38.5803
    endloop
  endfacet
  facet normal 0 1 0
    outer loop
      vertex 40.6399 -57.0532 -67.2762
      vertex 40.6399 -57.0532 -38.7238
      vertex 41.0525 -57.0532 -67.2582
    endloop
  endfacet
  facet normal 0 1 0
    outer loop
      vertex -39.8259 -57.0532 -38.5803
      vertex -41.0532 -57.0532 -67.2581
      vertex -40.2291 -57.0532 -38.6697
    endloop
  endfacet
  facet normal 0 1 0
    outer loop
      vertex 41.0525 -57.0532 -38.7418
      vertex 41.0525 -57.0532 -67.2582
      vertex 40.6399 -57.0532 -38.7238
    endloop
  endfacet
  facet normal 0 1 0
    outer loop
      vertex -40.2291 -57.0532 -38.6697
      vertex -41.0532 -57.0532 -67.2581
      vertex -40.2298 -57.0532 -38.6698
    endloop
  endfacet
  facet normal 0 1 0
    outer loop
      vertex 41.0532 -57.0532 -38.7419
      vertex 41.0525 -57.0532 -67.2582
      vertex 41.0525 -57.0532 -38.7418
    endloop
  endfacet
  facet normal 0 1 0
    outer loop
      vertex -40.2298 -57.0532 -38.6698
      vertex -41.0532 -57.0532 -67.2581
      vertex -40.6392 -57.0532 -38.7237
    endloop
  endfacet
  facet normal 0 1 0
    outer loop
      vertex 41.0525 -57.0532 -67.2582
      vertex 41.0532 -57.0532 -38.7419
      vertex 41.0532 -57.0532 -67.2581
    endloop
  endfacet
  facet normal 0 1 0
    outer loop
      vertex -40.6392 -57.0532 -38.7237
      vertex -41.0532 -57.0532 -67.2581
      vertex -40.6399 -57.0532 -38.7238
    endloop
  endfacet
  facet normal 0 1 0
    outer loop
      vertex 41.0525 -57.0532 -29.2582
      vertex 51.0532 -57.0532 -14
      vertex 41.0532 -57.0532 -29.2581
    endloop
  endfacet
  facet normal 0 1 0
    outer loop
      vertex 51.0532 -57.0532 -14
      vertex 41.0538 -57.0532 -29.2582
      vertex 41.0532 -57.0532 -29.2581
    endloop
  endfacet
  facet normal 0 1 0
    outer loop
      vertex 51.0532 -57.0532 -14
      vertex 41.4665 -57.0532 -29.2762
      vertex 41.0538 -57.0532 -29.2582
    endloop
  endfacet
  facet normal 0 1 0
    outer loop
      vertex 51.0532 -57.0532 -14
      vertex 41.4671 -57.0532 -29.2763
      vertex 41.4665 -57.0532 -29.2762
    endloop
  endfacet
  facet normal 0 1 0
    outer loop
      vertex 51.0532 -57.0532 -14
      vertex 41.8766 -57.0532 -29.3302
      vertex 41.4671 -57.0532 -29.2763
    endloop
  endfacet
  facet normal 0 1 0
    outer loop
      vertex 51.0532 -57.0532 -14
      vertex 41.8772 -57.0532 -29.3303
      vertex 41.8766 -57.0532 -29.3302
    endloop
  endfacet
  facet normal 0 1 0
    outer loop
      vertex 51.0532 -57.0532 -14
      vertex 42.2805 -57.0532 -29.4197
      vertex 41.8772 -57.0532 -29.3303
    endloop
  endfacet
  facet normal 0 1 0
    outer loop
      vertex 51.0532 -57.0532 -14
      vertex 42.6744 -57.0532 -29.5439
      vertex 42.2805 -57.0532 -29.4197
    endloop
  endfacet
  facet normal 0 1 0
    outer loop
      vertex 51.0532 -57.0532 -14
      vertex 42.675 -57.0532 -29.5441
      vertex 42.6744 -57.0532 -29.5439
    endloop
  endfacet
  facet normal 0 1 0
    outer loop
      vertex 51.0532 -57.0532 -14
      vertex 42.6756 -57.0532 -29.5444
      vertex 42.675 -57.0532 -29.5441
    endloop
  endfacet
  facet normal 0 1 0
    outer loop
      vertex 51.0532 -57.0532 -14
      vertex 43.0572 -57.0532 -29.7024
      vertex 42.6756 -57.0532 -29.5444
    endloop
  endfacet
  facet normal 0 1 0
    outer loop
      vertex 51.0532 -57.0532 -14
      vertex 43.0578 -57.0532 -29.7027
      vertex 43.0572 -57.0532 -29.7024
    endloop
  endfacet
  facet normal 0 1 0
    outer loop
      vertex 51.0532 -57.0532 -14
      vertex 43.4241 -57.0532 -29.8934
      vertex 43.0578 -57.0532 -29.7027
    endloop
  endfacet
  facet normal 0 1 0
    outer loop
      vertex 51.0532 -57.0532 -14
      vertex 43.4247 -57.0532 -29.8938
      vertex 43.4241 -57.0532 -29.8934
    endloop
  endfacet
  facet normal 0 1 0
    outer loop
      vertex 51.0532 -57.0532 -14
      vertex 43.773 -57.0532 -30.1157
      vertex 43.4247 -57.0532 -29.8938
    endloop
  endfacet
  facet normal 0 1 0
    outer loop
      vertex 51.0532 -57.0532 -14
      vertex 44.1007 -57.0532 -30.3671
      vertex 43.773 -57.0532 -30.1157
    endloop
  endfacet
  facet normal 0 1 0
    outer loop
      vertex 51.0532 -57.0532 -14
      vertex 44.1012 -57.0532 -30.3675
      vertex 44.1007 -57.0532 -30.3671
    endloop
  endfacet
  facet normal 0 1 0
    outer loop
      vertex 51.0532 -57.0532 -14
      vertex 44.4057 -57.0532 -30.6465
      vertex 44.1012 -57.0532 -30.3675
    endloop
  endfacet
  facet normal 0 1 0
    outer loop
      vertex 51.0532 -57.0532 -14
      vertex 44.4062 -57.0532 -30.647
      vertex 44.4057 -57.0532 -30.6465
    endloop
  endfacet
  facet normal 0 1 0
    outer loop
      vertex 51.0532 -57.0532 -14
      vertex 44.4066 -57.0532 -30.6475
      vertex 44.4062 -57.0532 -30.647
    endloop
  endfacet
  facet normal 0 1 0
    outer loop
      vertex 51.0532 -57.0532 -14
      vertex 44.6856 -57.0532 -30.952
      vertex 44.4066 -57.0532 -30.6475
    endloop
  endfacet
  facet normal 0 1 0
    outer loop
      vertex 51.0532 -57.0532 -14
      vertex 44.6861 -57.0532 -30.9525
      vertex 44.6856 -57.0532 -30.952
    endloop
  endfacet
  facet normal 0 1 0
    outer loop
      vertex 51.0532 -57.0532 -14
      vertex 44.9375 -57.0532 -31.2802
      vertex 44.6861 -57.0532 -30.9525
    endloop
  endfacet
  facet normal 0 1 0
    outer loop
      vertex 51.0532 -57.0532 -14
      vertex 45.1594 -57.0532 -31.6285
      vertex 44.9375 -57.0532 -31.2802
    endloop
  endfacet
  facet normal 0 1 0
    outer loop
      vertex 51.0532 -57.0532 -14
      vertex 45.1597 -57.0532 -31.6291
      vertex 45.1594 -57.0532 -31.6285
    endloop
  endfacet
  facet normal 0 1 0
    outer loop
      vertex 51.0532 -57.0532 -14
      vertex 45.3505 -57.0532 -31.9954
      vertex 45.1597 -57.0532 -31.6291
    endloop
  endfacet
  facet normal 0 1 0
    outer loop
      vertex 51.0532 -57.0532 -14
      vertex 45.3508 -57.0532 -31.996
      vertex 45.3505 -57.0532 -31.9954
    endloop
  endfacet
  facet normal 0 1 0
    outer loop
      vertex 51.0532 -57.0532 -14
      vertex 45.5088 -57.0532 -32.3776
      vertex 45.3508 -57.0532 -31.996
    endloop
  endfacet
  facet normal 0 1 0
    outer loop
      vertex 51.0532 -57.0532 -14
      vertex 45.5091 -57.0532 -32.3782
      vertex 45.5088 -57.0532 -32.3776
    endloop
  endfacet
  facet normal 0 1 0
    outer loop
      vertex 51.0532 -57.0532 -14
      vertex 45.5093 -57.0532 -32.3788
      vertex 45.5091 -57.0532 -32.3782
    endloop
  endfacet
  facet normal 0 1 0
    outer loop
      vertex 51.0532 -57.0532 -14
      vertex 45.6335 -57.0532 -32.7727
      vertex 45.5093 -57.0532 -32.3788
    endloop
  endfacet
  facet normal 0 1 0
    outer loop
      vertex 51.0532 -57.0532 -14
      vertex 45.7229 -57.0532 -33.1759
      vertex 45.6335 -57.0532 -32.7727
    endloop
  endfacet
  facet normal 0 1 0
    outer loop
      vertex 51.0532 -57.0532 -14
      vertex 45.723 -57.0532 -33.1766
      vertex 45.7229 -57.0532 -33.1759
    endloop
  endfacet
  facet normal 0 1 0
    outer loop
      vertex 51.0532 -57.0532 -14
      vertex 45.7769 -57.0532 -33.5861
      vertex 45.723 -57.0532 -33.1766
    endloop
  endfacet
  facet normal 0 1 0
    outer loop
      vertex 51.0532 -57.0532 -14
      vertex 45.777 -57.0532 -33.5867
      vertex 45.7769 -57.0532 -33.5861
    endloop
  endfacet
  facet normal 0 1 0
    outer loop
      vertex 51.0532 -57.0532 -14
      vertex 45.795 -57.0532 -33.9993
      vertex 45.777 -57.0532 -33.5867
    endloop
  endfacet
  facet normal 0 1 0
    outer loop
      vertex 51.0532 -57.0532 -14
      vertex 45.795 -57.0532 -34
      vertex 45.795 -57.0532 -33.9993
    endloop
  endfacet
  facet normal 0 1 0
    outer loop
      vertex 51.0532 -57.0532 -14
      vertex 45.795 -57.0532 -34.0007
      vertex 45.795 -57.0532 -34
    endloop
  endfacet
  facet normal 0 1 0
    outer loop
      vertex 51.0532 -57.0532 -14
      vertex 45.777 -57.0532 -34.4133
      vertex 45.795 -57.0532 -34.0007
    endloop
  endfacet
  facet normal 0 1 0
    outer loop
      vertex 51.0532 -57.0532 -14
      vertex 45.7769 -57.0532 -34.4139
      vertex 45.777 -57.0532 -34.4133
    endloop
  endfacet
  facet normal 0 1 0
    outer loop
      vertex 51.0532 -57.0532 -14
      vertex 45.723 -57.0532 -34.8234
      vertex 45.7769 -57.0532 -34.4139
    endloop
  endfacet
  facet normal 0 1 -0
    outer loop
      vertex 51.0532 -57.0532 -77.984
      vertex 45.723 -57.0532 -34.8234
      vertex 51.0532 -57.0532 -14
    endloop
  endfacet
  facet normal 0 1 0
    outer loop
      vertex 45.723 -57.0532 -34.8234
      vertex 51.0532 -57.0532 -77.984
      vertex 45.7229 -57.0532 -34.8241
    endloop
  endfacet
  facet normal 0 -1 0
    outer loop
      vertex 45.6335 -57.0532 -35.2273
      vertex 45.5091 -57.0532 -35.6218
      vertex 45.5093 -57.0532 -35.6212
    endloop
  endfacet
  facet normal 0 -1 0
    outer loop
      vertex 45.3508 -57.0532 -36.004
      vertex 45.1597 -57.0532 -36.3709
      vertex 45.3505 -57.0532 -36.0046
    endloop
  endfacet
  facet normal 0 -1 0
    outer loop
      vertex 44.1012 -57.0532 -37.6325
      vertex 43.773 -57.0532 -37.8843
      vertex 44.1007 -57.0532 -37.6329
    endloop
  endfacet
  facet normal 0 1 0
    outer loop
      vertex 43.773 -57.0532 -37.8843
      vertex 43.4241 -57.0532 -38.1066
      vertex 43.4247 -57.0532 -38.1062
    endloop
  endfacet
  facet normal 0 1 0
    outer loop
      vertex 42.675 -57.0532 -67.5441
      vertex 42.6756 -57.0532 -38.4556
      vertex 43.0572 -57.0532 -38.2976
    endloop
  endfacet
  facet normal 0 1 0
    outer loop
      vertex 41.8772 -57.0532 -67.3303
      vertex 41.8772 -57.0532 -38.6697
      vertex 42.2805 -57.0532 -38.5803
    endloop
  endfacet
  facet normal 0 1 0
    outer loop
      vertex 41.4671 -57.0532 -67.2763
      vertex 41.4671 -57.0532 -38.7237
      vertex 41.8766 -57.0532 -38.6698
    endloop
  endfacet
  facet normal 0 1 0
    outer loop
      vertex 41.0538 -57.0532 -67.2582
      vertex 41.0538 -57.0532 -38.7418
      vertex 41.4665 -57.0532 -38.7238
    endloop
  endfacet
  facet normal 0 1 0
    outer loop
      vertex -40.6399 -57.0532 -38.7238
      vertex -41.0532 -57.0532 -67.2581
      vertex -41.0525 -57.0532 -38.7418
    endloop
  endfacet
  facet normal 0 1 0
    outer loop
      vertex 41.0538 -57.0532 -38.7418
      vertex 41.0538 -57.0532 -67.2582
      vertex 41.0532 -57.0532 -38.7419
    endloop
  endfacet
  facet normal 0 1 0
    outer loop
      vertex 41.4671 -57.0532 -38.7237
      vertex 41.4671 -57.0532 -67.2763
      vertex 41.4665 -57.0532 -38.7238
    endloop
  endfacet
  facet normal 0 1 0
    outer loop
      vertex 41.8772 -57.0532 -38.6697
      vertex 41.8772 -57.0532 -67.3303
      vertex 41.8766 -57.0532 -38.6698
    endloop
  endfacet
  facet normal 0 1 0
    outer loop
      vertex 42.2805 -57.0532 -67.4197
      vertex 42.2805 -57.0532 -38.5803
      vertex 42.6744 -57.0532 -38.4561
    endloop
  endfacet
  facet normal 0 1 0
    outer loop
      vertex 42.6744 -57.0532 -67.5439
      vertex 42.6744 -57.0532 -38.4561
      vertex 42.675 -57.0532 -38.4559
    endloop
  endfacet
  facet normal 0 1 0
    outer loop
      vertex 42.6756 -57.0532 -38.4556
      vertex 42.675 -57.0532 -67.5441
      vertex 42.675 -57.0532 -38.4559
    endloop
  endfacet
  facet normal 0 1 0
    outer loop
      vertex 43.0572 -57.0532 -67.7024
      vertex 43.0572 -57.0532 -38.2976
      vertex 43.0578 -57.0532 -38.2973
    endloop
  endfacet
  facet normal 0 1 0
    outer loop
      vertex 43.0578 -57.0532 -67.7027
      vertex 43.0578 -57.0532 -38.2973
      vertex 43.4241 -57.0532 -38.1066
    endloop
  endfacet
  facet normal 0 1 0
    outer loop
      vertex 43.4241 -57.0532 -67.8934
      vertex 43.4241 -57.0532 -38.1066
      vertex 43.773 -57.0532 -37.8843
    endloop
  endfacet
  facet normal 0 1 0
    outer loop
      vertex 43.773 -57.0532 -68.1157
      vertex 43.773 -57.0532 -37.8843
      vertex 44.1012 -57.0532 -37.6325
    endloop
  endfacet
  facet normal 0 1 0
    outer loop
      vertex 44.1012 -57.0532 -68.3675
      vertex 44.1012 -57.0532 -37.6325
      vertex 44.4057 -57.0532 -37.3535
    endloop
  endfacet
  facet normal 0 1 0
    outer loop
      vertex 44.4057 -57.0532 -68.6465
      vertex 44.4057 -57.0532 -37.3535
      vertex 44.4062 -57.0532 -37.353
    endloop
  endfacet
  facet normal 0 1 0
    outer loop
      vertex 44.4062 -57.0532 -68.647
      vertex 44.4062 -57.0532 -37.353
      vertex 44.4066 -57.0532 -37.3525
    endloop
  endfacet
  facet normal 0 1 0
    outer loop
      vertex 44.4062 -57.0532 -68.647
      vertex 44.4066 -57.0532 -37.3525
      vertex 44.6856 -57.0532 -37.048
    endloop
  endfacet
  facet normal 0 1 0
    outer loop
      vertex 44.6856 -57.0532 -68.952
      vertex 44.6856 -57.0532 -37.048
      vertex 44.6861 -57.0532 -37.0475
    endloop
  endfacet
  facet normal 0 1 0
    outer loop
      vertex 44.6856 -57.0532 -68.952
      vertex 44.6861 -57.0532 -37.0475
      vertex 44.9375 -57.0532 -36.7198
    endloop
  endfacet
  facet normal 0 1 0
    outer loop
      vertex 44.9375 -57.0532 -69.2802
      vertex 44.9375 -57.0532 -36.7198
      vertex 45.1594 -57.0532 -36.3715
    endloop
  endfacet
  facet normal 0 1 0
    outer loop
      vertex 44.9375 -57.0532 -69.2802
      vertex 45.1594 -57.0532 -36.3715
      vertex 45.1597 -57.0532 -36.3709
    endloop
  endfacet
  facet normal 0 1 0
    outer loop
      vertex 45.1597 -57.0532 -69.6291
      vertex 45.1597 -57.0532 -36.3709
      vertex 45.3508 -57.0532 -36.004
    endloop
  endfacet
  facet normal 0 1 0
    outer loop
      vertex 51.0532 -57.0532 -77.984
      vertex 45.3508 -57.0532 -36.004
      vertex 45.5088 -57.0532 -35.6224
    endloop
  endfacet
  facet normal 0 1 0
    outer loop
      vertex 51.0532 -57.0532 -77.984
      vertex 45.5088 -57.0532 -35.6224
      vertex 45.5091 -57.0532 -35.6218
    endloop
  endfacet
  facet normal 0 1 0
    outer loop
      vertex 51.0532 -57.0532 -77.984
      vertex 45.5091 -57.0532 -35.6218
      vertex 45.6335 -57.0532 -35.2273
    endloop
  endfacet
  facet normal 0 1 0
    outer loop
      vertex 45.7229 -57.0532 -34.8241
      vertex 51.0532 -57.0532 -77.984
      vertex 45.6335 -57.0532 -35.2273
    endloop
  endfacet
  facet normal 0 1 0
    outer loop
      vertex 41.0532 -57.0532 -38.7419
      vertex 41.0538 -57.0532 -67.2582
      vertex 41.0532 -57.0532 -67.2581
    endloop
  endfacet
  facet normal 0 1 0
    outer loop
      vertex 41.4665 -57.0532 -38.7238
      vertex 41.4665 -57.0532 -67.2762
      vertex 41.0538 -57.0532 -67.2582
    endloop
  endfacet
  facet normal 0 1 0
    outer loop
      vertex 41.4665 -57.0532 -38.7238
      vertex 41.4671 -57.0532 -67.2763
      vertex 41.4665 -57.0532 -67.2762
    endloop
  endfacet
  facet normal 0 1 0
    outer loop
      vertex 41.8766 -57.0532 -38.6698
      vertex 41.8766 -57.0532 -67.3302
      vertex 41.4671 -57.0532 -67.2763
    endloop
  endfacet
  facet normal 0 1 0
    outer loop
      vertex 41.8766 -57.0532 -38.6698
      vertex 41.8772 -57.0532 -67.3303
      vertex 41.8766 -57.0532 -67.3302
    endloop
  endfacet
  facet normal 0 1 0
    outer loop
      vertex 42.2805 -57.0532 -38.5803
      vertex 42.2805 -57.0532 -67.4197
      vertex 41.8772 -57.0532 -67.3303
    endloop
  endfacet
  facet normal 0 1 0
    outer loop
      vertex 42.6744 -57.0532 -38.4561
      vertex 42.6744 -57.0532 -67.5439
      vertex 42.2805 -57.0532 -67.4197
    endloop
  endfacet
  facet normal 0 1 0
    outer loop
      vertex 42.675 -57.0532 -38.4559
      vertex 42.675 -57.0532 -67.5441
      vertex 42.6744 -57.0532 -67.5439
    endloop
  endfacet
  facet normal 0 1 0
    outer loop
      vertex 43.0572 -57.0532 -38.2976
      vertex 42.6756 -57.0532 -67.5444
      vertex 42.675 -57.0532 -67.5441
    endloop
  endfacet
  facet normal 0 1 0
    outer loop
      vertex 43.0572 -57.0532 -38.2976
      vertex 43.0572 -57.0532 -67.7024
      vertex 42.6756 -57.0532 -67.5444
    endloop
  endfacet
  facet normal 0 1 0
    outer loop
      vertex 43.0578 -57.0532 -38.2973
      vertex 43.0578 -57.0532 -67.7027
      vertex 43.0572 -57.0532 -67.7024
    endloop
  endfacet
  facet normal 0 1 0
    outer loop
      vertex 43.4241 -57.0532 -38.1066
      vertex 43.4241 -57.0532 -67.8934
      vertex 43.0578 -57.0532 -67.7027
    endloop
  endfacet
  facet normal 0 1 0
    outer loop
      vertex 43.773 -57.0532 -37.8843
      vertex 43.4247 -57.0532 -67.8938
      vertex 43.4241 -57.0532 -67.8934
    endloop
  endfacet
  facet normal 0 1 0
    outer loop
      vertex 43.773 -57.0532 -37.8843
      vertex 43.773 -57.0532 -68.1157
      vertex 43.4247 -57.0532 -67.8938
    endloop
  endfacet
  facet normal 0 1 0
    outer loop
      vertex 44.1012 -57.0532 -37.6325
      vertex 44.1007 -57.0532 -68.3671
      vertex 43.773 -57.0532 -68.1157
    endloop
  endfacet
  facet normal 0 1 0
    outer loop
      vertex 44.1012 -57.0532 -37.6325
      vertex 44.1012 -57.0532 -68.3675
      vertex 44.1007 -57.0532 -68.3671
    endloop
  endfacet
  facet normal 0 1 0
    outer loop
      vertex 44.4057 -57.0532 -37.3535
      vertex 44.4057 -57.0532 -68.6465
      vertex 44.1012 -57.0532 -68.3675
    endloop
  endfacet
  facet normal 0 1 0
    outer loop
      vertex 44.4062 -57.0532 -37.353
      vertex 44.4062 -57.0532 -68.647
      vertex 44.4057 -57.0532 -68.6465
    endloop
  endfacet
  facet normal 0 1 0
    outer loop
      vertex 44.6856 -57.0532 -37.048
      vertex 44.4066 -57.0532 -68.6475
      vertex 44.4062 -57.0532 -68.647
    endloop
  endfacet
  facet normal 0 1 0
    outer loop
      vertex 44.6856 -57.0532 -37.048
      vertex 44.6856 -57.0532 -68.952
      vertex 44.4066 -57.0532 -68.6475
    endloop
  endfacet
  facet normal 0 1 0
    outer loop
      vertex 44.9375 -57.0532 -36.7198
      vertex 44.6861 -57.0532 -68.9525
      vertex 44.6856 -57.0532 -68.952
    endloop
  endfacet
  facet normal 0 1 0
    outer loop
      vertex 44.9375 -57.0532 -36.7198
      vertex 44.9375 -57.0532 -69.2802
      vertex 44.6861 -57.0532 -68.9525
    endloop
  endfacet
  facet normal 0 1 0
    outer loop
      vertex 45.1597 -57.0532 -36.3709
      vertex 45.1594 -57.0532 -69.6285
      vertex 44.9375 -57.0532 -69.2802
    endloop
  endfacet
  facet normal 0 1 0
    outer loop
      vertex 45.1597 -57.0532 -36.3709
      vertex 45.1597 -57.0532 -69.6291
      vertex 45.1594 -57.0532 -69.6285
    endloop
  endfacet
  facet normal 0 1 0
    outer loop
      vertex 45.3508 -57.0532 -36.004
      vertex 51.0532 -57.0532 -77.984
      vertex 45.1597 -57.0532 -69.6291
    endloop
  endfacet
  facet normal 0 1 0
    outer loop
      vertex 45.1597 -57.0532 -69.6291
      vertex 51.0532 -57.0532 -77.984
      vertex 45.3505 -57.0532 -69.9954
    endloop
  endfacet
  facet normal 0 1 0
    outer loop
      vertex 45.3505 -57.0532 -69.9954
      vertex 51.0532 -57.0532 -77.984
      vertex 45.3508 -57.0532 -69.996
    endloop
  endfacet
  facet normal 0 1 0
    outer loop
      vertex 45.3508 -57.0532 -69.996
      vertex 51.0532 -57.0532 -77.984
      vertex 45.5088 -57.0532 -70.3776
    endloop
  endfacet
  facet normal 0 1 0
    outer loop
      vertex 45.5088 -57.0532 -70.3776
      vertex 51.0532 -57.0532 -77.984
      vertex 45.5091 -57.0532 -70.3782
    endloop
  endfacet
  facet normal 0 1 0
    outer loop
      vertex 45.5091 -57.0532 -70.3782
      vertex 51.0532 -57.0532 -77.984
      vertex 45.5093 -57.0532 -70.3788
    endloop
  endfacet
  facet normal 0 1 0
    outer loop
      vertex 45.5093 -57.0532 -70.3788
      vertex 51.0532 -57.0532 -77.984
      vertex 45.6335 -57.0532 -70.7727
    endloop
  endfacet
  facet normal 0 1 0
    outer loop
      vertex 45.6335 -57.0532 -70.7727
      vertex 51.0532 -57.0532 -77.984
      vertex 45.7229 -57.0532 -71.1759
    endloop
  endfacet
  facet normal 0 1 0
    outer loop
      vertex 45.7229 -57.0532 -71.1759
      vertex 51.0532 -57.0532 -77.984
      vertex 45.723 -57.0532 -71.1766
    endloop
  endfacet
  facet normal 0 1 0
    outer loop
      vertex 45.723 -57.0532 -71.1766
      vertex 51.0532 -57.0532 -77.984
      vertex 45.7769 -57.0532 -71.5861
    endloop
  endfacet
  facet normal 0 1 0
    outer loop
      vertex 45.7769 -57.0532 -71.5861
      vertex 51.0532 -57.0532 -77.984
      vertex 45.777 -57.0532 -71.5867
    endloop
  endfacet
  facet normal 0 1 0
    outer loop
      vertex 45.777 -57.0532 -71.5867
      vertex 51.0532 -57.0532 -77.984
      vertex 45.795 -57.0532 -71.9993
    endloop
  endfacet
  facet normal 0 1 0
    outer loop
      vertex 45.795 -57.0532 -71.9993
      vertex 51.0532 -57.0532 -77.984
      vertex 45.795 -57.0532 -72
    endloop
  endfacet
  facet normal 0 1 0
    outer loop
      vertex 45.795 -57.0532 -72
      vertex 51.0532 -57.0532 -77.984
      vertex 45.795 -57.0532 -72.0007
    endloop
  endfacet
  facet normal 0 1 0
    outer loop
      vertex 51.0532 -57.0532 -77.984
      vertex 45.7769 -57.0532 -72.4139
      vertex 45.777 -57.0532 -72.4133
    endloop
  endfacet
  facet normal 0 1 0
    outer loop
      vertex 51.0532 -57.0532 -77.984
      vertex 45.7229 -57.0532 -72.8241
      vertex 45.723 -57.0532 -72.8234
    endloop
  endfacet
  facet normal 0 1 0
    outer loop
      vertex 51.0532 -57.0532 -77.984
      vertex 45.5093 -57.0532 -73.6212
      vertex 45.6335 -57.0532 -73.2273
    endloop
  endfacet
  facet normal 0 1 0
    outer loop
      vertex 51.0532 -57.0532 -77.984
      vertex 45.3505 -57.0532 -74.0046
      vertex 45.3508 -57.0532 -74.004
    endloop
  endfacet
  facet normal 0 1 0
    outer loop
      vertex 51.0532 -57.0532 -77.984
      vertex 45.1594 -57.0532 -74.3715
      vertex 45.1597 -57.0532 -74.3709
    endloop
  endfacet
  facet normal 0 1 0
    outer loop
      vertex 51.0532 -57.0532 -77.984
      vertex 44.6861 -57.0532 -75.0475
      vertex 44.9375 -57.0532 -74.7198
    endloop
  endfacet
  facet normal 0 1 0
    outer loop
      vertex 51.0532 -57.0532 -77.984
      vertex 44.4066 -57.0532 -75.3525
      vertex 44.6856 -57.0532 -75.048
    endloop
  endfacet
  facet normal 0 1 0
    outer loop
      vertex 51.0532 -57.0532 -77.984
      vertex 44.4057 -57.0532 -75.3535
      vertex 44.4062 -57.0532 -75.353
    endloop
  endfacet
  facet normal 0 1 0
    outer loop
      vertex 51.0532 -57.0532 -77.984
      vertex 44.1007 -57.0532 -75.6329
      vertex 44.1012 -57.0532 -75.6325
    endloop
  endfacet
  facet normal 0 1 0
    outer loop
      vertex 51.0532 -57.0532 -77.984
      vertex 43.4247 -57.0532 -76.1062
      vertex 43.773 -57.0532 -75.8843
    endloop
  endfacet
  facet normal 0 1 0
    outer loop
      vertex 51.0532 -57.0532 -77.984
      vertex 42.6756 -57.0532 -76.4556
      vertex 43.0572 -57.0532 -76.2976
    endloop
  endfacet
  facet normal 0 1 0
    outer loop
      vertex 51.0532 -57.0532 -77.984
      vertex 42.6744 -57.0532 -76.4561
      vertex 42.675 -57.0532 -76.4559
    endloop
  endfacet
  facet normal 0 1 0
    outer loop
      vertex 51.0532 -57.0532 -77.984
      vertex 41.8772 -57.0532 -76.6697
      vertex 42.2805 -57.0532 -76.5803
    endloop
  endfacet
  facet normal 0 1 0
    outer loop
      vertex -40.6399 -57.0532 -76.7238
      vertex -51.0532 -57.0532 -77.984
      vertex -41.0525 -57.0532 -76.7418
    endloop
  endfacet
  facet normal 0 1 0
    outer loop
      vertex 41.0538 -57.0532 -76.7418
      vertex 51.0532 -57.0532 -77.984
      vertex 41.0532 -57.0532 -76.7419
    endloop
  endfacet
  facet normal 0 1 0
    outer loop
      vertex 41.4665 -57.0532 -76.7238
      vertex 51.0532 -57.0532 -77.984
      vertex 41.0538 -57.0532 -76.7418
    endloop
  endfacet
  facet normal 0 1 0
    outer loop
      vertex 41.4671 -57.0532 -76.7237
      vertex 51.0532 -57.0532 -77.984
      vertex 41.4665 -57.0532 -76.7238
    endloop
  endfacet
  facet normal 0 1 0
    outer loop
      vertex 41.8766 -57.0532 -76.6698
      vertex 51.0532 -57.0532 -77.984
      vertex 41.4671 -57.0532 -76.7237
    endloop
  endfacet
  facet normal 0 1 0
    outer loop
      vertex 41.8772 -57.0532 -76.6697
      vertex 51.0532 -57.0532 -77.984
      vertex 41.8766 -57.0532 -76.6698
    endloop
  endfacet
  facet normal 0 1 0
    outer loop
      vertex 42.6744 -57.0532 -76.4561
      vertex 51.0532 -57.0532 -77.984
      vertex 42.2805 -57.0532 -76.5803
    endloop
  endfacet
  facet normal 0 1 0
    outer loop
      vertex 42.6756 -57.0532 -76.4556
      vertex 51.0532 -57.0532 -77.984
      vertex 42.675 -57.0532 -76.4559
    endloop
  endfacet
  facet normal 0 1 0
    outer loop
      vertex 43.0578 -57.0532 -76.2973
      vertex 51.0532 -57.0532 -77.984
      vertex 43.0572 -57.0532 -76.2976
    endloop
  endfacet
  facet normal 0 1 0
    outer loop
      vertex 43.4241 -57.0532 -76.1066
      vertex 51.0532 -57.0532 -77.984
      vertex 43.0578 -57.0532 -76.2973
    endloop
  endfacet
  facet normal 0 1 0
    outer loop
      vertex 43.4247 -57.0532 -76.1062
      vertex 51.0532 -57.0532 -77.984
      vertex 43.4241 -57.0532 -76.1066
    endloop
  endfacet
  facet normal 0 1 0
    outer loop
      vertex 44.1007 -57.0532 -75.6329
      vertex 51.0532 -57.0532 -77.984
      vertex 43.773 -57.0532 -75.8843
    endloop
  endfacet
  facet normal 0 1 0
    outer loop
      vertex 44.4057 -57.0532 -75.3535
      vertex 51.0532 -57.0532 -77.984
      vertex 44.1012 -57.0532 -75.6325
    endloop
  endfacet
  facet normal 0 1 0
    outer loop
      vertex 44.4066 -57.0532 -75.3525
      vertex 51.0532 -57.0532 -77.984
      vertex 44.4062 -57.0532 -75.353
    endloop
  endfacet
  facet normal 0 1 0
    outer loop
      vertex 44.6861 -57.0532 -75.0475
      vertex 51.0532 -57.0532 -77.984
      vertex 44.6856 -57.0532 -75.048
    endloop
  endfacet
  facet normal 0 1 0
    outer loop
      vertex 45.1594 -57.0532 -74.3715
      vertex 51.0532 -57.0532 -77.984
      vertex 44.9375 -57.0532 -74.7198
    endloop
  endfacet
  facet normal 0 1 0
    outer loop
      vertex 45.3505 -57.0532 -74.0046
      vertex 51.0532 -57.0532 -77.984
      vertex 45.1597 -57.0532 -74.3709
    endloop
  endfacet
  facet normal 0 1 0
    outer loop
      vertex 45.5088 -57.0532 -73.6224
      vertex 51.0532 -57.0532 -77.984
      vertex 45.3508 -57.0532 -74.004
    endloop
  endfacet
  facet normal 0 1 0
    outer loop
      vertex 45.5091 -57.0532 -73.6218
      vertex 51.0532 -57.0532 -77.984
      vertex 45.5088 -57.0532 -73.6224
    endloop
  endfacet
  facet normal 0 1 0
    outer loop
      vertex 45.5093 -57.0532 -73.6212
      vertex 51.0532 -57.0532 -77.984
      vertex 45.5091 -57.0532 -73.6218
    endloop
  endfacet
  facet normal 0 1 0
    outer loop
      vertex 45.7229 -57.0532 -72.8241
      vertex 51.0532 -57.0532 -77.984
      vertex 45.6335 -57.0532 -73.2273
    endloop
  endfacet
  facet normal 0 1 0
    outer loop
      vertex 45.7769 -57.0532 -72.4139
      vertex 51.0532 -57.0532 -77.984
      vertex 45.723 -57.0532 -72.8234
    endloop
  endfacet
  facet normal 0 1 0
    outer loop
      vertex 45.795 -57.0532 -72.0007
      vertex 51.0532 -57.0532 -77.984
      vertex 45.777 -57.0532 -72.4133
    endloop
  endfacet
  facet normal 0 1 0
    outer loop
      vertex 40.6399 -57.0532 -29.2762
      vertex 51.0532 -57.0532 -14
      vertex 41.0525 -57.0532 -29.2582
    endloop
  endfacet
  facet normal 0 1 -0
    outer loop
      vertex -41.0538 -57.0532 -29.2582
      vertex -51.0532 -57.0532 -14
      vertex -41.0532 -57.0532 -29.2581
    endloop
  endfacet
  facet normal 0 1 -0
    outer loop
      vertex -41.4665 -57.0532 -29.2762
      vertex -51.0532 -57.0532 -14
      vertex -41.0538 -57.0532 -29.2582
    endloop
  endfacet
  facet normal 0 1 -0
    outer loop
      vertex -41.4671 -57.0532 -29.2763
      vertex -51.0532 -57.0532 -14
      vertex -41.4665 -57.0532 -29.2762
    endloop
  endfacet
  facet normal 0 1 -0
    outer loop
      vertex -41.8766 -57.0532 -29.3302
      vertex -51.0532 -57.0532 -14
      vertex -41.4671 -57.0532 -29.2763
    endloop
  endfacet
  facet normal 0 1 -0
    outer loop
      vertex -41.8772 -57.0532 -29.3303
      vertex -51.0532 -57.0532 -14
      vertex -41.8766 -57.0532 -29.3302
    endloop
  endfacet
  facet normal 0 1 -0
    outer loop
      vertex -42.2805 -57.0532 -29.4197
      vertex -51.0532 -57.0532 -14
      vertex -41.8772 -57.0532 -29.3303
    endloop
  endfacet
  facet normal 0 1 -0
    outer loop
      vertex -42.6744 -57.0532 -29.5439
      vertex -51.0532 -57.0532 -14
      vertex -42.2805 -57.0532 -29.4197
    endloop
  endfacet
  facet normal 0 1 -0
    outer loop
      vertex -42.675 -57.0532 -29.5441
      vertex -51.0532 -57.0532 -14
      vertex -42.6744 -57.0532 -29.5439
    endloop
  endfacet
  facet normal 0 1 -0
    outer loop
      vertex -42.6756 -57.0532 -29.5444
      vertex -51.0532 -57.0532 -14
      vertex -42.675 -57.0532 -29.5441
    endloop
  endfacet
  facet normal 0 1 -0
    outer loop
      vertex -43.0572 -57.0532 -29.7024
      vertex -51.0532 -57.0532 -14
      vertex -42.6756 -57.0532 -29.5444
    endloop
  endfacet
  facet normal 0 1 -0
    outer loop
      vertex -43.0578 -57.0532 -29.7027
      vertex -51.0532 -57.0532 -14
      vertex -43.0572 -57.0532 -29.7024
    endloop
  endfacet
  facet normal 0 1 -0
    outer loop
      vertex -43.4241 -57.0532 -29.8934
      vertex -51.0532 -57.0532 -14
      vertex -43.0578 -57.0532 -29.7027
    endloop
  endfacet
  facet normal 0 1 -0
    outer loop
      vertex -43.4247 -57.0532 -29.8938
      vertex -51.0532 -57.0532 -14
      vertex -43.4241 -57.0532 -29.8934
    endloop
  endfacet
  facet normal 0 1 -0
    outer loop
      vertex -43.773 -57.0532 -30.1157
      vertex -51.0532 -57.0532 -14
      vertex -43.4247 -57.0532 -29.8938
    endloop
  endfacet
  facet normal 0 1 -0
    outer loop
      vertex -44.1007 -57.0532 -30.3671
      vertex -51.0532 -57.0532 -14
      vertex -43.773 -57.0532 -30.1157
    endloop
  endfacet
  facet normal 0 1 -0
    outer loop
      vertex -44.1012 -57.0532 -30.3675
      vertex -51.0532 -57.0532 -14
      vertex -44.1007 -57.0532 -30.3671
    endloop
  endfacet
  facet normal 0 1 -0
    outer loop
      vertex -44.4057 -57.0532 -30.6465
      vertex -51.0532 -57.0532 -14
      vertex -44.1012 -57.0532 -30.3675
    endloop
  endfacet
  facet normal 0 1 -0
    outer loop
      vertex -44.4062 -57.0532 -30.647
      vertex -51.0532 -57.0532 -14
      vertex -44.4057 -57.0532 -30.6465
    endloop
  endfacet
  facet normal 0 1 -0
    outer loop
      vertex -44.4066 -57.0532 -30.6475
      vertex -51.0532 -57.0532 -14
      vertex -44.4062 -57.0532 -30.647
    endloop
  endfacet
  facet normal 0 1 -0
    outer loop
      vertex -44.6856 -57.0532 -30.952
      vertex -51.0532 -57.0532 -14
      vertex -44.4066 -57.0532 -30.6475
    endloop
  endfacet
  facet normal 0 1 -0
    outer loop
      vertex -44.6861 -57.0532 -30.9525
      vertex -51.0532 -57.0532 -14
      vertex -44.6856 -57.0532 -30.952
    endloop
  endfacet
  facet normal 0 1 -0
    outer loop
      vertex -44.9375 -57.0532 -31.2802
      vertex -51.0532 -57.0532 -14
      vertex -44.6861 -57.0532 -30.9525
    endloop
  endfacet
  facet normal 0 1 -0
    outer loop
      vertex -45.1594 -57.0532 -31.6285
      vertex -51.0532 -57.0532 -14
      vertex -44.9375 -57.0532 -31.2802
    endloop
  endfacet
  facet normal 0 1 -0
    outer loop
      vertex -45.1597 -57.0532 -31.6291
      vertex -51.0532 -57.0532 -14
      vertex -45.1594 -57.0532 -31.6285
    endloop
  endfacet
  facet normal 0 1 -0
    outer loop
      vertex -45.3505 -57.0532 -31.9954
      vertex -51.0532 -57.0532 -14
      vertex -45.1597 -57.0532 -31.6291
    endloop
  endfacet
  facet normal 0 1 -0
    outer loop
      vertex -45.3508 -57.0532 -31.996
      vertex -51.0532 -57.0532 -14
      vertex -45.3505 -57.0532 -31.9954
    endloop
  endfacet
  facet normal 0 1 -0
    outer loop
      vertex -45.5088 -57.0532 -32.3776
      vertex -51.0532 -57.0532 -14
      vertex -45.3508 -57.0532 -31.996
    endloop
  endfacet
  facet normal 0 1 -0
    outer loop
      vertex -45.5091 -57.0532 -32.3782
      vertex -51.0532 -57.0532 -14
      vertex -45.5088 -57.0532 -32.3776
    endloop
  endfacet
  facet normal 0 1 -0
    outer loop
      vertex -45.5093 -57.0532 -32.3788
      vertex -51.0532 -57.0532 -14
      vertex -45.5091 -57.0532 -32.3782
    endloop
  endfacet
  facet normal 0 1 -0
    outer loop
      vertex -45.6335 -57.0532 -32.7727
      vertex -51.0532 -57.0532 -14
      vertex -45.5093 -57.0532 -32.3788
    endloop
  endfacet
  facet normal 0 1 -0
    outer loop
      vertex -45.7229 -57.0532 -33.1759
      vertex -51.0532 -57.0532 -14
      vertex -45.6335 -57.0532 -32.7727
    endloop
  endfacet
  facet normal 0 1 -0
    outer loop
      vertex -45.723 -57.0532 -33.1766
      vertex -51.0532 -57.0532 -14
      vertex -45.7229 -57.0532 -33.1759
    endloop
  endfacet
  facet normal 0 1 -0
    outer loop
      vertex -45.7769 -57.0532 -33.5861
      vertex -51.0532 -57.0532 -14
      vertex -45.723 -57.0532 -33.1766
    endloop
  endfacet
  facet normal 0 1 -0
    outer loop
      vertex -45.777 -57.0532 -33.5867
      vertex -51.0532 -57.0532 -14
      vertex -45.7769 -57.0532 -33.5861
    endloop
  endfacet
  facet normal 0 1 -0
    outer loop
      vertex -45.795 -57.0532 -33.9993
      vertex -51.0532 -57.0532 -14
      vertex -45.777 -57.0532 -33.5867
    endloop
  endfacet
  facet normal 0 1 -0
    outer loop
      vertex -45.795 -57.0532 -34
      vertex -51.0532 -57.0532 -14
      vertex -45.795 -57.0532 -33.9993
    endloop
  endfacet
  facet normal 0 1 -0
    outer loop
      vertex -45.795 -57.0532 -34.0007
      vertex -51.0532 -57.0532 -14
      vertex -45.795 -57.0532 -34
    endloop
  endfacet
  facet normal 0 1 0
    outer loop
      vertex -45.777 -57.0532 -34.4133
      vertex -51.0532 -57.0532 -14
      vertex -45.795 -57.0532 -34.0007
    endloop
  endfacet
  facet normal 0 1 0
    outer loop
      vertex -45.7769 -57.0532 -34.4139
      vertex -51.0532 -57.0532 -14
      vertex -45.777 -57.0532 -34.4133
    endloop
  endfacet
  facet normal 0 1 0
    outer loop
      vertex -45.723 -57.0532 -34.8234
      vertex -51.0532 -57.0532 -14
      vertex -45.7769 -57.0532 -34.4139
    endloop
  endfacet
  facet normal 0 1 0
    outer loop
      vertex -51.0532 -57.0532 -77.984
      vertex -45.723 -57.0532 -34.8234
      vertex -45.7229 -57.0532 -34.8241
    endloop
  endfacet
  facet normal 0 1 0
    outer loop
      vertex -51.0532 -57.0532 -77.984
      vertex -45.7229 -57.0532 -34.8241
      vertex -45.6335 -57.0532 -35.2273
    endloop
  endfacet
  facet normal 0 -1 0
    outer loop
      vertex -45.5091 -57.0532 -35.6218
      vertex -45.6335 -57.0532 -35.2273
      vertex -45.5093 -57.0532 -35.6212
    endloop
  endfacet
  facet normal 0 -1 0
    outer loop
      vertex -45.1597 -57.0532 -36.3709
      vertex -45.3508 -57.0532 -36.004
      vertex -45.3505 -57.0532 -36.0046
    endloop
  endfacet
  facet normal 0 -1 0
    outer loop
      vertex -43.773 -57.0532 -37.8843
      vertex -44.1012 -57.0532 -37.6325
      vertex -44.1007 -57.0532 -37.6329
    endloop
  endfacet
  facet normal 0 1 0
    outer loop
      vertex -43.4241 -57.0532 -38.1066
      vertex -43.773 -57.0532 -37.8843
      vertex -43.4247 -57.0532 -38.1062
    endloop
  endfacet
  facet normal 0 1 -0
    outer loop
      vertex -42.675 -57.0532 -67.5441
      vertex -42.6756 -57.0532 -38.4556
      vertex -42.675 -57.0532 -38.4559
    endloop
  endfacet
  facet normal 0 1 0
    outer loop
      vertex -41.8772 -57.0532 -67.3303
      vertex -41.8772 -57.0532 -38.6697
      vertex -41.8766 -57.0532 -38.6698
    endloop
  endfacet
  facet normal 0 1 0
    outer loop
      vertex -41.4671 -57.0532 -67.2763
      vertex -41.4671 -57.0532 -38.7237
      vertex -41.4665 -57.0532 -38.7238
    endloop
  endfacet
  facet normal 0 1 0
    outer loop
      vertex -41.0538 -57.0532 -67.2582
      vertex -41.0538 -57.0532 -38.7418
      vertex -41.0532 -57.0532 -38.7419
    endloop
  endfacet
  facet normal 0 1 0
    outer loop
      vertex -41.0525 -57.0532 -38.7418
      vertex -41.0532 -57.0532 -67.2581
      vertex -41.0532 -57.0532 -38.7419
    endloop
  endfacet
  facet normal 0 1 0
    outer loop
      vertex -41.0538 -57.0532 -67.2582
      vertex -41.0532 -57.0532 -38.7419
      vertex -41.0532 -57.0532 -67.2581
    endloop
  endfacet
  facet normal 0 1 0
    outer loop
      vertex -41.0538 -57.0532 -38.7418
      vertex -41.0538 -57.0532 -67.2582
      vertex -41.4665 -57.0532 -38.7238
    endloop
  endfacet
  facet normal 0 1 0
    outer loop
      vertex -41.4665 -57.0532 -67.2762
      vertex -41.4665 -57.0532 -38.7238
      vertex -41.0538 -57.0532 -67.2582
    endloop
  endfacet
  facet normal 0 1 0
    outer loop
      vertex -41.4671 -57.0532 -67.2763
      vertex -41.4665 -57.0532 -38.7238
      vertex -41.4665 -57.0532 -67.2762
    endloop
  endfacet
  facet normal 0 1 0
    outer loop
      vertex -41.4671 -57.0532 -38.7237
      vertex -41.4671 -57.0532 -67.2763
      vertex -41.8766 -57.0532 -38.6698
    endloop
  endfacet
  facet normal 0 1 0
    outer loop
      vertex -41.8766 -57.0532 -67.3302
      vertex -41.8766 -57.0532 -38.6698
      vertex -41.4671 -57.0532 -67.2763
    endloop
  endfacet
  facet normal 0 1 0
    outer loop
      vertex -41.8772 -57.0532 -67.3303
      vertex -41.8766 -57.0532 -38.6698
      vertex -41.8766 -57.0532 -67.3302
    endloop
  endfacet
  facet normal 0 1 0
    outer loop
      vertex -41.8772 -57.0532 -38.6697
      vertex -41.8772 -57.0532 -67.3303
      vertex -42.2805 -57.0532 -38.5803
    endloop
  endfacet
  facet normal 0 1 0
    outer loop
      vertex -42.2805 -57.0532 -67.4197
      vertex -42.2805 -57.0532 -38.5803
      vertex -41.8772 -57.0532 -67.3303
    endloop
  endfacet
  facet normal 0 1 0
    outer loop
      vertex -42.2805 -57.0532 -38.5803
      vertex -42.2805 -57.0532 -67.4197
      vertex -42.6744 -57.0532 -38.4561
    endloop
  endfacet
  facet normal 0 1 0
    outer loop
      vertex -42.6744 -57.0532 -67.5439
      vertex -42.6744 -57.0532 -38.4561
      vertex -42.2805 -57.0532 -67.4197
    endloop
  endfacet
  facet normal 0 1 0
    outer loop
      vertex -42.6744 -57.0532 -38.4561
      vertex -42.6744 -57.0532 -67.5439
      vertex -42.675 -57.0532 -38.4559
    endloop
  endfacet
  facet normal 0 1 0
    outer loop
      vertex -42.675 -57.0532 -67.5441
      vertex -42.675 -57.0532 -38.4559
      vertex -42.6744 -57.0532 -67.5439
    endloop
  endfacet
  facet normal 0 1 0
    outer loop
      vertex -42.6756 -57.0532 -38.4556
      vertex -42.675 -57.0532 -67.5441
      vertex -43.0572 -57.0532 -38.2976
    endloop
  endfacet
  facet normal 0 1 -0
    outer loop
      vertex -42.6756 -57.0532 -67.5444
      vertex -43.0572 -57.0532 -38.2976
      vertex -42.675 -57.0532 -67.5441
    endloop
  endfacet
  facet normal 0 1 0
    outer loop
      vertex -43.0572 -57.0532 -67.7024
      vertex -43.0572 -57.0532 -38.2976
      vertex -42.6756 -57.0532 -67.5444
    endloop
  endfacet
  facet normal 0 1 0
    outer loop
      vertex -43.0572 -57.0532 -38.2976
      vertex -43.0572 -57.0532 -67.7024
      vertex -43.0578 -57.0532 -38.2973
    endloop
  endfacet
  facet normal 0 1 0
    outer loop
      vertex -43.0578 -57.0532 -67.7027
      vertex -43.0578 -57.0532 -38.2973
      vertex -43.0572 -57.0532 -67.7024
    endloop
  endfacet
  facet normal 0 1 0
    outer loop
      vertex -43.0578 -57.0532 -38.2973
      vertex -43.0578 -57.0532 -67.7027
      vertex -43.4241 -57.0532 -38.1066
    endloop
  endfacet
  facet normal 0 1 0
    outer loop
      vertex -43.4241 -57.0532 -67.8934
      vertex -43.4241 -57.0532 -38.1066
      vertex -43.0578 -57.0532 -67.7027
    endloop
  endfacet
  facet normal 0 1 0
    outer loop
      vertex -43.4241 -57.0532 -38.1066
      vertex -43.4241 -57.0532 -67.8934
      vertex -43.773 -57.0532 -37.8843
    endloop
  endfacet
  facet normal 0 1 -0
    outer loop
      vertex -43.4247 -57.0532 -67.8938
      vertex -43.773 -57.0532 -37.8843
      vertex -43.4241 -57.0532 -67.8934
    endloop
  endfacet
  facet normal 0 1 0
    outer loop
      vertex -43.773 -57.0532 -68.1157
      vertex -43.773 -57.0532 -37.8843
      vertex -43.4247 -57.0532 -67.8938
    endloop
  endfacet
  facet normal 0 1 0
    outer loop
      vertex -43.773 -57.0532 -37.8843
      vertex -43.773 -57.0532 -68.1157
      vertex -44.1012 -57.0532 -37.6325
    endloop
  endfacet
  facet normal 0 1 -0
    outer loop
      vertex -44.1007 -57.0532 -68.3671
      vertex -44.1012 -57.0532 -37.6325
      vertex -43.773 -57.0532 -68.1157
    endloop
  endfacet
  facet normal 0 1 0
    outer loop
      vertex -44.1012 -57.0532 -68.3675
      vertex -44.1012 -57.0532 -37.6325
      vertex -44.1007 -57.0532 -68.3671
    endloop
  endfacet
  facet normal 0 1 0
    outer loop
      vertex -44.1012 -57.0532 -37.6325
      vertex -44.1012 -57.0532 -68.3675
      vertex -44.4057 -57.0532 -37.3535
    endloop
  endfacet
  facet normal 0 1 0
    outer loop
      vertex -44.4057 -57.0532 -68.6465
      vertex -44.4057 -57.0532 -37.3535
      vertex -44.1012 -57.0532 -68.3675
    endloop
  endfacet
  facet normal 0 1 0
    outer loop
      vertex -44.4057 -57.0532 -37.3535
      vertex -44.4057 -57.0532 -68.6465
      vertex -44.4062 -57.0532 -37.353
    endloop
  endfacet
  facet normal 0 1 0
    outer loop
      vertex -44.4062 -57.0532 -68.647
      vertex -44.4062 -57.0532 -37.353
      vertex -44.4057 -57.0532 -68.6465
    endloop
  endfacet
  facet normal 0 1 0
    outer loop
      vertex -44.4062 -57.0532 -37.353
      vertex -44.4062 -57.0532 -68.647
      vertex -44.4066 -57.0532 -37.3525
    endloop
  endfacet
  facet normal 0 1 0
    outer loop
      vertex -44.4066 -57.0532 -37.3525
      vertex -44.4062 -57.0532 -68.647
      vertex -44.6856 -57.0532 -37.048
    endloop
  endfacet
  facet normal 0 1 -0
    outer loop
      vertex -44.4066 -57.0532 -68.6475
      vertex -44.6856 -57.0532 -37.048
      vertex -44.4062 -57.0532 -68.647
    endloop
  endfacet
  facet normal 0 1 0
    outer loop
      vertex -44.6856 -57.0532 -68.952
      vertex -44.6856 -57.0532 -37.048
      vertex -44.4066 -57.0532 -68.6475
    endloop
  endfacet
  facet normal 0 1 0
    outer loop
      vertex -44.6856 -57.0532 -37.048
      vertex -44.6856 -57.0532 -68.952
      vertex -44.6861 -57.0532 -37.0475
    endloop
  endfacet
  facet normal 0 1 0
    outer loop
      vertex -44.6861 -57.0532 -37.0475
      vertex -44.6856 -57.0532 -68.952
      vertex -44.9375 -57.0532 -36.7198
    endloop
  endfacet
  facet normal 0 1 -0
    outer loop
      vertex -44.6861 -57.0532 -68.9525
      vertex -44.9375 -57.0532 -36.7198
      vertex -44.6856 -57.0532 -68.952
    endloop
  endfacet
  facet normal 0 1 0
    outer loop
      vertex -44.9375 -57.0532 -69.2802
      vertex -44.9375 -57.0532 -36.7198
      vertex -44.6861 -57.0532 -68.9525
    endloop
  endfacet
  facet normal 0 1 0
    outer loop
      vertex -44.9375 -57.0532 -36.7198
      vertex -44.9375 -57.0532 -69.2802
      vertex -45.1594 -57.0532 -36.3715
    endloop
  endfacet
  facet normal 0 1 0
    outer loop
      vertex -45.1594 -57.0532 -36.3715
      vertex -44.9375 -57.0532 -69.2802
      vertex -45.1597 -57.0532 -36.3709
    endloop
  endfacet
  facet normal 0 1 -0
    outer loop
      vertex -45.1594 -57.0532 -69.6285
      vertex -45.1597 -57.0532 -36.3709
      vertex -44.9375 -57.0532 -69.2802
    endloop
  endfacet
  facet normal 0 1 0
    outer loop
      vertex -45.1597 -57.0532 -69.6291
      vertex -45.1597 -57.0532 -36.3709
      vertex -45.1594 -57.0532 -69.6285
    endloop
  endfacet
  facet normal 0 1 0
    outer loop
      vertex -45.1597 -57.0532 -36.3709
      vertex -45.1597 -57.0532 -69.6291
      vertex -45.3508 -57.0532 -36.004
    endloop
  endfacet
  facet normal 0 1 0
    outer loop
      vertex -51.0532 -57.0532 -77.984
      vertex -45.3508 -57.0532 -36.004
      vertex -45.1597 -57.0532 -69.6291
    endloop
  endfacet
  facet normal 0 1 0
    outer loop
      vertex -45.3508 -57.0532 -36.004
      vertex -51.0532 -57.0532 -77.984
      vertex -45.5088 -57.0532 -35.6224
    endloop
  endfacet
  facet normal 0 1 0
    outer loop
      vertex -45.5088 -57.0532 -35.6224
      vertex -51.0532 -57.0532 -77.984
      vertex -45.5091 -57.0532 -35.6218
    endloop
  endfacet
  facet normal 0 1 0
    outer loop
      vertex -45.5091 -57.0532 -35.6218
      vertex -51.0532 -57.0532 -77.984
      vertex -45.6335 -57.0532 -35.2273
    endloop
  endfacet
  facet normal 0 1 0
    outer loop
      vertex -51.0532 -57.0532 -77.984
      vertex -45.1597 -57.0532 -69.6291
      vertex -45.3505 -57.0532 -69.9954
    endloop
  endfacet
  facet normal 0 1 0
    outer loop
      vertex -51.0532 -57.0532 -77.984
      vertex -45.3505 -57.0532 -69.9954
      vertex -45.3508 -57.0532 -69.996
    endloop
  endfacet
  facet normal 0 1 0
    outer loop
      vertex -51.0532 -57.0532 -77.984
      vertex -45.3508 -57.0532 -69.996
      vertex -45.5088 -57.0532 -70.3776
    endloop
  endfacet
  facet normal 0 1 0
    outer loop
      vertex -51.0532 -57.0532 -77.984
      vertex -45.5088 -57.0532 -70.3776
      vertex -45.5091 -57.0532 -70.3782
    endloop
  endfacet
  facet normal 0 1 0
    outer loop
      vertex -51.0532 -57.0532 -77.984
      vertex -45.5091 -57.0532 -70.3782
      vertex -45.5093 -57.0532 -70.3788
    endloop
  endfacet
  facet normal 0 1 0
    outer loop
      vertex -51.0532 -57.0532 -77.984
      vertex -45.5093 -57.0532 -70.3788
      vertex -45.6335 -57.0532 -70.7727
    endloop
  endfacet
  facet normal 0 1 0
    outer loop
      vertex -51.0532 -57.0532 -77.984
      vertex -45.6335 -57.0532 -70.7727
      vertex -45.7229 -57.0532 -71.1759
    endloop
  endfacet
  facet normal 0 1 0
    outer loop
      vertex -51.0532 -57.0532 -77.984
      vertex -45.7229 -57.0532 -71.1759
      vertex -45.723 -57.0532 -71.1766
    endloop
  endfacet
  facet normal 0 1 0
    outer loop
      vertex -51.0532 -57.0532 -77.984
      vertex -45.723 -57.0532 -71.1766
      vertex -45.7769 -57.0532 -71.5861
    endloop
  endfacet
  facet normal 0 1 0
    outer loop
      vertex -51.0532 -57.0532 -77.984
      vertex -45.7769 -57.0532 -71.5861
      vertex -45.777 -57.0532 -71.5867
    endloop
  endfacet
  facet normal 0 1 0
    outer loop
      vertex -51.0532 -57.0532 -77.984
      vertex -45.777 -57.0532 -71.5867
      vertex -45.795 -57.0532 -71.9993
    endloop
  endfacet
  facet normal 0 1 0
    outer loop
      vertex -51.0532 -57.0532 -77.984
      vertex -45.795 -57.0532 -71.9993
      vertex -45.795 -57.0532 -72
    endloop
  endfacet
  facet normal 0 1 0
    outer loop
      vertex -51.0532 -57.0532 -77.984
      vertex -45.795 -57.0532 -72
      vertex -45.795 -57.0532 -72.0007
    endloop
  endfacet
  facet normal 0 1 0
    outer loop
      vertex -51.0532 -57.0532 -77.984
      vertex -45.795 -57.0532 -72.0007
      vertex -45.777 -57.0532 -72.4133
    endloop
  endfacet
  facet normal 0 1 0
    outer loop
      vertex -51.0532 -57.0532 -77.984
      vertex -45.7769 -57.0532 -72.4139
      vertex -45.723 -57.0532 -72.8234
    endloop
  endfacet
  facet normal 0 1 0
    outer loop
      vertex -51.0532 -57.0532 -77.984
      vertex -45.7229 -57.0532 -72.8241
      vertex -45.6335 -57.0532 -73.2273
    endloop
  endfacet
  facet normal 0 1 0
    outer loop
      vertex -51.0532 -57.0532 -77.984
      vertex -45.5093 -57.0532 -73.6212
      vertex -45.5091 -57.0532 -73.6218
    endloop
  endfacet
  facet normal 0 1 0
    outer loop
      vertex -51.0532 -57.0532 -77.984
      vertex -45.3505 -57.0532 -74.0046
      vertex -45.1597 -57.0532 -74.3709
    endloop
  endfacet
  facet normal 0 1 0
    outer loop
      vertex -51.0532 -57.0532 -77.984
      vertex -45.1594 -57.0532 -74.3715
      vertex -44.9375 -57.0532 -74.7198
    endloop
  endfacet
  facet normal 0 1 0
    outer loop
      vertex -51.0532 -57.0532 -77.984
      vertex -44.6861 -57.0532 -75.0475
      vertex -44.6856 -57.0532 -75.048
    endloop
  endfacet
  facet normal 0 1 0
    outer loop
      vertex -51.0532 -57.0532 -77.984
      vertex -44.4066 -57.0532 -75.3525
      vertex -44.4062 -57.0532 -75.353
    endloop
  endfacet
  facet normal 0 1 0
    outer loop
      vertex -51.0532 -57.0532 -77.984
      vertex -44.4057 -57.0532 -75.3535
      vertex -44.1012 -57.0532 -75.6325
    endloop
  endfacet
  facet normal 0 1 0
    outer loop
      vertex -51.0532 -57.0532 -77.984
      vertex -44.1007 -57.0532 -75.6329
      vertex -43.773 -57.0532 -75.8843
    endloop
  endfacet
  facet normal 0 1 0
    outer loop
      vertex -51.0532 -57.0532 -77.984
      vertex -43.4247 -57.0532 -76.1062
      vertex -43.4241 -57.0532 -76.1066
    endloop
  endfacet
  facet normal 0 1 0
    outer loop
      vertex -51.0532 -57.0532 -77.984
      vertex -42.6756 -57.0532 -76.4556
      vertex -42.675 -57.0532 -76.4559
    endloop
  endfacet
  facet normal 0 1 0
    outer loop
      vertex -51.0532 -57.0532 -77.984
      vertex -42.6744 -57.0532 -76.4561
      vertex -42.2805 -57.0532 -76.5803
    endloop
  endfacet
  facet normal 0 1 0
    outer loop
      vertex -51.0532 -57.0532 -77.984
      vertex -41.8772 -57.0532 -76.6697
      vertex -41.8766 -57.0532 -76.6698
    endloop
  endfacet
  facet normal 0 1 0
    outer loop
      vertex -45.723 -57.0532 -34.8234
      vertex -51.0532 -57.0532 -77.984
      vertex -51.0532 -57.0532 -14
    endloop
  endfacet
  facet normal 0 1 0
    outer loop
      vertex -45.7769 -57.0532 -72.4139
      vertex -51.0532 -57.0532 -77.984
      vertex -45.777 -57.0532 -72.4133
    endloop
  endfacet
  facet normal 0 1 0
    outer loop
      vertex -45.7229 -57.0532 -72.8241
      vertex -51.0532 -57.0532 -77.984
      vertex -45.723 -57.0532 -72.8234
    endloop
  endfacet
  facet normal 0 1 0
    outer loop
      vertex -45.5093 -57.0532 -73.6212
      vertex -51.0532 -57.0532 -77.984
      vertex -45.6335 -57.0532 -73.2273
    endloop
  endfacet
  facet normal 0 1 0
    outer loop
      vertex -45.5088 -57.0532 -73.6224
      vertex -51.0532 -57.0532 -77.984
      vertex -45.5091 -57.0532 -73.6218
    endloop
  endfacet
  facet normal 0 1 0
    outer loop
      vertex -45.3508 -57.0532 -74.004
      vertex -51.0532 -57.0532 -77.984
      vertex -45.5088 -57.0532 -73.6224
    endloop
  endfacet
  facet normal 0 1 0
    outer loop
      vertex -45.3505 -57.0532 -74.0046
      vertex -51.0532 -57.0532 -77.984
      vertex -45.3508 -57.0532 -74.004
    endloop
  endfacet
  facet normal 0 1 0
    outer loop
      vertex -45.1594 -57.0532 -74.3715
      vertex -51.0532 -57.0532 -77.984
      vertex -45.1597 -57.0532 -74.3709
    endloop
  endfacet
  facet normal 0 1 0
    outer loop
      vertex -44.6861 -57.0532 -75.0475
      vertex -51.0532 -57.0532 -77.984
      vertex -44.9375 -57.0532 -74.7198
    endloop
  endfacet
  facet normal 0 1 0
    outer loop
      vertex -44.4066 -57.0532 -75.3525
      vertex -51.0532 -57.0532 -77.984
      vertex -44.6856 -57.0532 -75.048
    endloop
  endfacet
  facet normal 0 1 0
    outer loop
      vertex -44.4057 -57.0532 -75.3535
      vertex -51.0532 -57.0532 -77.984
      vertex -44.4062 -57.0532 -75.353
    endloop
  endfacet
  facet normal 0 1 0
    outer loop
      vertex -44.1007 -57.0532 -75.6329
      vertex -51.0532 -57.0532 -77.984
      vertex -44.1012 -57.0532 -75.6325
    endloop
  endfacet
  facet normal 0 1 0
    outer loop
      vertex -43.4247 -57.0532 -76.1062
      vertex -51.0532 -57.0532 -77.984
      vertex -43.773 -57.0532 -75.8843
    endloop
  endfacet
  facet normal 0 1 0
    outer loop
      vertex -43.0578 -57.0532 -76.2973
      vertex -51.0532 -57.0532 -77.984
      vertex -43.4241 -57.0532 -76.1066
    endloop
  endfacet
  facet normal 0 1 0
    outer loop
      vertex -43.0572 -57.0532 -76.2976
      vertex -51.0532 -57.0532 -77.984
      vertex -43.0578 -57.0532 -76.2973
    endloop
  endfacet
  facet normal 0 1 0
    outer loop
      vertex -42.6756 -57.0532 -76.4556
      vertex -51.0532 -57.0532 -77.984
      vertex -43.0572 -57.0532 -76.2976
    endloop
  endfacet
  facet normal 0 1 0
    outer loop
      vertex -42.6744 -57.0532 -76.4561
      vertex -51.0532 -57.0532 -77.984
      vertex -42.675 -57.0532 -76.4559
    endloop
  endfacet
  facet normal 0 1 0
    outer loop
      vertex -41.8772 -57.0532 -76.6697
      vertex -51.0532 -57.0532 -77.984
      vertex -42.2805 -57.0532 -76.5803
    endloop
  endfacet
  facet normal 0 1 0
    outer loop
      vertex -41.4671 -57.0532 -76.7237
      vertex -51.0532 -57.0532 -77.984
      vertex -41.8766 -57.0532 -76.6698
    endloop
  endfacet
  facet normal 0 1 0
    outer loop
      vertex -41.4665 -57.0532 -76.7238
      vertex -51.0532 -57.0532 -77.984
      vertex -41.4671 -57.0532 -76.7237
    endloop
  endfacet
  facet normal 0 1 0
    outer loop
      vertex -41.0538 -57.0532 -76.7418
      vertex -51.0532 -57.0532 -77.984
      vertex -41.4665 -57.0532 -76.7238
    endloop
  endfacet
  facet normal 0 1 0
    outer loop
      vertex -41.0532 -57.0532 -76.7419
      vertex -51.0532 -57.0532 -77.984
      vertex -41.0538 -57.0532 -76.7418
    endloop
  endfacet
  facet normal 0 -1 0
    outer loop
      vertex -41.0525 -57.0532 -76.7418
      vertex -51.0532 -57.0532 -77.984
      vertex -41.0532 -57.0532 -76.7419
    endloop
  endfacet
  facet normal -0.793286 -0.608849 0
    outer loop
      vertex 15.2781 14.7256 -14
      vertex 15.1586 14.8813 -8
      vertex 15.1586 14.8813 -14
    endloop
  endfacet
  facet normal -0.793286 -0.608849 0
    outer loop
      vertex 15.1586 14.8813 -8
      vertex 15.2781 14.7256 -14
      vertex 15.2781 14.7256 -8
    endloop
  endfacet
  facet normal -0.608849 -0.793286 0
    outer loop
      vertex 14.7256 15.2781 -14
      vertex 14.8813 15.1586 -8
      vertex 14.7256 15.2781 -8
    endloop
  endfacet
  facet normal -0.608849 -0.793286 -0
    outer loop
      vertex 14.8813 15.1586 -8
      vertex 14.7256 15.2781 -14
      vertex 14.8813 15.1586 -14
    endloop
  endfacet
  facet normal -0.675609 -0.73726 0
    outer loop
      vertex 14.8813 15.1586 -14
      vertex 15.026 15.026 -8
      vertex 14.8813 15.1586 -8
    endloop
  endfacet
  facet normal -0.675609 -0.73726 -0
    outer loop
      vertex 15.026 15.026 -8
      vertex 14.8813 15.1586 -14
      vertex 15.026 15.026 -14
    endloop
  endfacet
  facet normal -0.537304 -0.843389 0
    outer loop
      vertex 14.56 15.3836 -14
      vertex 14.7256 15.2781 -8
      vertex 14.56 15.3836 -8
    endloop
  endfacet
  facet normal -0.537304 -0.843389 -0
    outer loop
      vertex 14.7256 15.2781 -8
      vertex 14.56 15.3836 -14
      vertex 14.7256 15.2781 -14
    endloop
  endfacet
  facet normal 0.382517 0.923949 -0
    outer loop
      vertex 12.6655 11.3207 -14
      vertex 12.4841 11.3958 -8
      vertex 12.6655 11.3207 -8
    endloop
  endfacet
  facet normal 0.382517 0.923949 0
    outer loop
      vertex 12.4841 11.3958 -8
      vertex 12.6655 11.3207 -14
      vertex 12.4841 11.3958 -14
    endloop
  endfacet
  facet normal 0.793286 -0.608849 0
    outer loop
      vertex 11.5919 14.7256 -8
      vertex 11.7114 14.8813 -14
      vertex 11.7114 14.8813 -8
    endloop
  endfacet
  facet normal 0.793286 -0.608849 0
    outer loop
      vertex 11.7114 14.8813 -14
      vertex 11.5919 14.7256 -8
      vertex 11.5919 14.7256 -14
    endloop
  endfacet
  facet normal 0.737492 0.675356 0
    outer loop
      vertex 11.844 11.844 -8
      vertex 11.7114 11.9888 -14
      vertex 11.7114 11.9888 -8
    endloop
  endfacet
  facet normal 0.737492 0.675356 0
    outer loop
      vertex 11.7114 11.9888 -14
      vertex 11.844 11.844 -8
      vertex 11.844 11.844 -14
    endloop
  endfacet
  facet normal 0.675356 -0.737492 0
    outer loop
      vertex 11.844 15.026 -14
      vertex 11.9888 15.1586 -8
      vertex 11.844 15.026 -8
    endloop
  endfacet
  facet normal 0.675356 -0.737492 0
    outer loop
      vertex 11.9888 15.1586 -8
      vertex 11.844 15.026 -14
      vertex 11.9888 15.1586 -14
    endloop
  endfacet
  facet normal 0.923949 0.382517 0
    outer loop
      vertex 11.3958 12.4841 -8
      vertex 11.3207 12.6655 -14
      vertex 11.3207 12.6655 -8
    endloop
  endfacet
  facet normal 0.923949 0.382517 0
    outer loop
      vertex 11.3207 12.6655 -14
      vertex 11.3958 12.4841 -8
      vertex 11.3958 12.4841 -14
    endloop
  endfacet
  facet normal -0.793286 0.608849 0
    outer loop
      vertex 15.1586 11.9888 -14
      vertex 15.2781 12.1445 -8
      vertex 15.2781 12.1445 -14
    endloop
  endfacet
  facet normal -0.793286 0.608849 0
    outer loop
      vertex 15.2781 12.1445 -8
      vertex 15.1586 11.9888 -14
      vertex 15.1586 11.9888 -8
    endloop
  endfacet
  facet normal 0.991458 -0.130428 0
    outer loop
      vertex 11.1936 13.6311 -8
      vertex 11.2192 13.8257 -14
      vertex 11.2192 13.8257 -8
    endloop
  endfacet
  facet normal 0.991458 -0.130428 0
    outer loop
      vertex 11.2192 13.8257 -14
      vertex 11.1936 13.6311 -8
      vertex 11.1936 13.6311 -14
    endloop
  endfacet
  facet normal 0.953752 0.300595 0
    outer loop
      vertex 11.3207 12.6655 -8
      vertex 11.2617 12.8527 -14
      vertex 11.2617 12.8527 -8
    endloop
  endfacet
  facet normal 0.953752 0.300595 0
    outer loop
      vertex 11.2617 12.8527 -14
      vertex 11.3207 12.6655 -8
      vertex 11.3207 12.6655 -14
    endloop
  endfacet
  facet normal 0.84362 -0.536941 0
    outer loop
      vertex 11.4865 14.56 -8
      vertex 11.5919 14.7256 -14
      vertex 11.5919 14.7256 -8
    endloop
  endfacet
  facet normal 0.84362 -0.536941 0
    outer loop
      vertex 11.5919 14.7256 -14
      vertex 11.4865 14.56 -8
      vertex 11.4865 14.56 -14
    endloop
  endfacet
  facet normal -0.675609 0.73726 0
    outer loop
      vertex 15.026 11.844 -14
      vertex 14.8813 11.7114 -8
      vertex 15.026 11.844 -8
    endloop
  endfacet
  facet normal -0.675609 0.73726 0
    outer loop
      vertex 14.8813 11.7114 -8
      vertex 15.026 11.844 -14
      vertex 14.8813 11.7114 -14
    endloop
  endfacet
  facet normal 0.216067 -0.976379 0
    outer loop
      vertex 12.8527 15.6084 -14
      vertex 13.0443 15.6508 -8
      vertex 12.8527 15.6084 -8
    endloop
  endfacet
  facet normal 0.216067 -0.976379 0
    outer loop
      vertex 13.0443 15.6508 -8
      vertex 12.8527 15.6084 -14
      vertex 13.0443 15.6508 -14
    endloop
  endfacet
  facet normal 0.382517 -0.923949 0
    outer loop
      vertex 12.4841 15.4742 -14
      vertex 12.6655 15.5493 -8
      vertex 12.4841 15.4742 -8
    endloop
  endfacet
  facet normal 0.382517 -0.923949 0
    outer loop
      vertex 12.6655 15.5493 -8
      vertex 12.4841 15.4742 -14
      vertex 12.6655 15.5493 -14
    endloop
  endfacet
  facet normal -0.608849 0.793286 0
    outer loop
      vertex 14.8813 11.7114 -14
      vertex 14.7256 11.5919 -8
      vertex 14.8813 11.7114 -8
    endloop
  endfacet
  facet normal -0.608849 0.793286 0
    outer loop
      vertex 14.7256 11.5919 -8
      vertex 14.8813 11.7114 -14
      vertex 14.7256 11.5919 -14
    endloop
  endfacet
  facet normal 0.462026 0.886866 -0
    outer loop
      vertex 12.4841 11.3958 -14
      vertex 12.31 11.4865 -8
      vertex 12.4841 11.3958 -8
    endloop
  endfacet
  facet normal 0.462026 0.886866 0
    outer loop
      vertex 12.31 11.4865 -8
      vertex 12.4841 11.3958 -14
      vertex 12.31 11.4865 -14
    endloop
  endfacet
  facet normal -0.887075 -0.461625 0
    outer loop
      vertex 15.4742 14.3859 -14
      vertex 15.3836 14.56 -8
      vertex 15.3836 14.56 -14
    endloop
  endfacet
  facet normal -0.887075 -0.461625 0
    outer loop
      vertex 15.3836 14.56 -8
      vertex 15.4742 14.3859 -14
      vertex 15.4742 14.3859 -8
    endloop
  endfacet
  facet normal 0.923874 -0.382697 0
    outer loop
      vertex 11.3207 14.2046 -8
      vertex 11.3958 14.3859 -14
      vertex 11.3958 14.3859 -8
    endloop
  endfacet
  facet normal 0.923874 -0.382697 0
    outer loop
      vertex 11.3958 14.3859 -14
      vertex 11.3207 14.2046 -8
      vertex 11.3207 14.2046 -14
    endloop
  endfacet
  facet normal -0.843242 0.537535 0
    outer loop
      vertex 15.2781 12.1445 -14
      vertex 15.3836 12.31 -8
      vertex 15.3836 12.31 -14
    endloop
  endfacet
  facet normal -0.843242 0.537535 0
    outer loop
      vertex 15.3836 12.31 -8
      vertex 15.2781 12.1445 -14
      vertex 15.2781 12.1445 -8
    endloop
  endfacet
  facet normal -0.21596 -0.976402 0
    outer loop
      vertex 13.8257 15.6508 -14
      vertex 14.0174 15.6084 -8
      vertex 13.8257 15.6508 -8
    endloop
  endfacet
  facet normal -0.21596 -0.976402 -0
    outer loop
      vertex 14.0174 15.6084 -8
      vertex 13.8257 15.6508 -14
      vertex 14.0174 15.6084 -14
    endloop
  endfacet
  facet normal 0.991458 0.130428 0
    outer loop
      vertex 11.2192 13.0443 -8
      vertex 11.1936 13.2389 -14
      vertex 11.1936 13.2389 -8
    endloop
  endfacet
  facet normal 0.991458 0.130428 0
    outer loop
      vertex 11.1936 13.2389 -14
      vertex 11.2192 13.0443 -8
      vertex 11.2192 13.0443 -14
    endloop
  endfacet
  facet normal -0.300595 0.953752 0
    outer loop
      vertex 14.2046 11.3207 -14
      vertex 14.0174 11.2617 -8
      vertex 14.2046 11.3207 -8
    endloop
  endfacet
  facet normal -0.300595 0.953752 0
    outer loop
      vertex 14.0174 11.2617 -8
      vertex 14.2046 11.3207 -14
      vertex 14.0174 11.2617 -14
    endloop
  endfacet
  facet normal -0.991392 0.130929 0
    outer loop
      vertex 15.6508 13.0443 -14
      vertex 15.6765 13.2389 -8
      vertex 15.6765 13.2389 -14
    endloop
  endfacet
  facet normal -0.991392 0.130929 0
    outer loop
      vertex 15.6765 13.2389 -8
      vertex 15.6508 13.0443 -14
      vertex 15.6508 13.0443 -8
    endloop
  endfacet
  facet normal -0.536941 0.84362 0
    outer loop
      vertex 14.7256 11.5919 -14
      vertex 14.56 11.4865 -8
      vertex 14.7256 11.5919 -8
    endloop
  endfacet
  facet normal -0.536941 0.84362 0
    outer loop
      vertex 14.56 11.4865 -8
      vertex 14.7256 11.5919 -14
      vertex 14.56 11.4865 -14
    endloop
  endfacet
  facet normal -0.73726 -0.675609 0
    outer loop
      vertex 15.1586 14.8813 -14
      vertex 15.026 15.026 -8
      vertex 15.026 15.026 -14
    endloop
  endfacet
  facet normal -0.73726 -0.675609 0
    outer loop
      vertex 15.026 15.026 -8
      vertex 15.1586 14.8813 -14
      vertex 15.1586 14.8813 -8
    endloop
  endfacet
  facet normal -0.976402 -0.21596 0
    outer loop
      vertex 15.6508 13.8257 -14
      vertex 15.6084 14.0174 -8
      vertex 15.6084 14.0174 -14
    endloop
  endfacet
  facet normal -0.976402 -0.21596 0
    outer loop
      vertex 15.6084 14.0174 -8
      vertex 15.6508 13.8257 -14
      vertex 15.6508 13.8257 -8
    endloop
  endfacet
  facet normal -0.923949 0.382517 0
    outer loop
      vertex 15.4742 12.4841 -14
      vertex 15.5493 12.6655 -8
      vertex 15.5493 12.6655 -14
    endloop
  endfacet
  facet normal -0.923949 0.382517 0
    outer loop
      vertex 15.5493 12.6655 -8
      vertex 15.4742 12.4841 -14
      vertex 15.4742 12.4841 -8
    endloop
  endfacet
  facet normal 0.301058 -0.953606 0
    outer loop
      vertex 12.6655 15.5493 -14
      vertex 12.8527 15.6084 -8
      vertex 12.6655 15.5493 -8
    endloop
  endfacet
  facet normal 0.301058 -0.953606 0
    outer loop
      vertex 12.8527 15.6084 -8
      vertex 12.6655 15.5493 -14
      vertex 12.8527 15.6084 -14
    endloop
  endfacet
  facet normal 0.608849 0.793286 -0
    outer loop
      vertex 12.1445 11.5919 -14
      vertex 11.9888 11.7114 -8
      vertex 12.1445 11.5919 -8
    endloop
  endfacet
  facet normal 0.608849 0.793286 0
    outer loop
      vertex 11.9888 11.7114 -8
      vertex 12.1445 11.5919 -14
      vertex 11.9888 11.7114 -14
    endloop
  endfacet
  facet normal 0.0433046 -0.999062 0
    outer loop
      vertex 13.2389 15.6765 -14
      vertex 13.435 15.685 -8
      vertex 13.2389 15.6765 -8
    endloop
  endfacet
  facet normal 0.0433046 -0.999062 0
    outer loop
      vertex 13.435 15.685 -8
      vertex 13.2389 15.6765 -14
      vertex 13.435 15.685 -14
    endloop
  endfacet
  facet normal 0.130929 -0.991392 0
    outer loop
      vertex 13.0443 15.6508 -14
      vertex 13.2389 15.6765 -8
      vertex 13.0443 15.6508 -8
    endloop
  endfacet
  facet normal 0.130929 -0.991392 0
    outer loop
      vertex 13.2389 15.6765 -8
      vertex 13.0443 15.6508 -14
      vertex 13.2389 15.6765 -14
    endloop
  endfacet
  facet normal -0.737492 0.675356 0
    outer loop
      vertex 15.026 11.844 -14
      vertex 15.1586 11.9888 -8
      vertex 15.1586 11.9888 -14
    endloop
  endfacet
  facet normal -0.737492 0.675356 0
    outer loop
      vertex 15.1586 11.9888 -8
      vertex 15.026 11.844 -14
      vertex 15.026 11.844 -8
    endloop
  endfacet
  facet normal -0.461625 -0.887075 0
    outer loop
      vertex 14.3859 15.4742 -14
      vertex 14.56 15.3836 -8
      vertex 14.3859 15.4742 -8
    endloop
  endfacet
  facet normal -0.461625 -0.887075 -0
    outer loop
      vertex 14.56 15.3836 -8
      vertex 14.3859 15.4742 -14
      vertex 14.56 15.3836 -14
    endloop
  endfacet
  facet normal -0.991392 -0.130929 0
    outer loop
      vertex 15.6765 13.6311 -14
      vertex 15.6508 13.8257 -8
      vertex 15.6508 13.8257 -14
    endloop
  endfacet
  facet normal -0.991392 -0.130929 0
    outer loop
      vertex 15.6508 13.8257 -8
      vertex 15.6765 13.6311 -14
      vertex 15.6765 13.6311 -8
    endloop
  endfacet
  facet normal -0.999062 -0.0433046 0
    outer loop
      vertex 15.685 13.435 -14
      vertex 15.6765 13.6311 -8
      vertex 15.6765 13.6311 -14
    endloop
  endfacet
  facet normal -0.999062 -0.0433046 0
    outer loop
      vertex 15.6765 13.6311 -8
      vertex 15.685 13.435 -14
      vertex 15.685 13.435 -8
    endloop
  endfacet
  facet normal 0.461625 -0.887075 0
    outer loop
      vertex 12.31 15.3836 -14
      vertex 12.4841 15.4742 -8
      vertex 12.31 15.3836 -8
    endloop
  endfacet
  facet normal 0.461625 -0.887075 0
    outer loop
      vertex 12.4841 15.4742 -8
      vertex 12.31 15.3836 -14
      vertex 12.4841 15.4742 -14
    endloop
  endfacet
  facet normal 0.843473 0.537172 0
    outer loop
      vertex 11.5919 12.1445 -8
      vertex 11.4865 12.31 -14
      vertex 11.4865 12.31 -8
    endloop
  endfacet
  facet normal 0.843473 0.537172 0
    outer loop
      vertex 11.4865 12.31 -14
      vertex 11.5919 12.1445 -8
      vertex 11.5919 12.1445 -14
    endloop
  endfacet
  facet normal 0.73726 -0.675609 0
    outer loop
      vertex 11.7114 14.8813 -8
      vertex 11.844 15.026 -14
      vertex 11.844 15.026 -8
    endloop
  endfacet
  facet normal 0.73726 -0.675609 0
    outer loop
      vertex 11.844 15.026 -14
      vertex 11.7114 14.8813 -8
      vertex 11.7114 14.8813 -14
    endloop
  endfacet
  facet normal -0.130428 0.991458 0
    outer loop
      vertex 13.8257 11.2192 -14
      vertex 13.6311 11.1936 -8
      vertex 13.8257 11.2192 -8
    endloop
  endfacet
  facet normal -0.130428 0.991458 0
    outer loop
      vertex 13.6311 11.1936 -8
      vertex 13.8257 11.2192 -14
      vertex 13.6311 11.1936 -14
    endloop
  endfacet
  facet normal 0.608849 -0.793286 0
    outer loop
      vertex 11.9888 15.1586 -14
      vertex 12.1445 15.2781 -8
      vertex 11.9888 15.1586 -8
    endloop
  endfacet
  facet normal 0.608849 -0.793286 0
    outer loop
      vertex 12.1445 15.2781 -8
      vertex 11.9888 15.1586 -14
      vertex 12.1445 15.2781 -14
    endloop
  endfacet
  facet normal -0.382697 -0.923874 0
    outer loop
      vertex 14.2046 15.5493 -14
      vertex 14.3859 15.4742 -8
      vertex 14.2046 15.5493 -8
    endloop
  endfacet
  facet normal -0.382697 -0.923874 -0
    outer loop
      vertex 14.3859 15.4742 -8
      vertex 14.2046 15.5493 -14
      vertex 14.3859 15.4742 -14
    endloop
  endfacet
  facet normal -0.843389 -0.537304 0
    outer loop
      vertex 15.3836 14.56 -14
      vertex 15.2781 14.7256 -8
      vertex 15.2781 14.7256 -14
    endloop
  endfacet
  facet normal -0.843389 -0.537304 0
    outer loop
      vertex 15.2781 14.7256 -8
      vertex 15.3836 14.56 -14
      vertex 15.3836 14.56 -8
    endloop
  endfacet
  facet normal -0.462026 0.886866 0
    outer loop
      vertex 14.56 11.4865 -14
      vertex 14.3859 11.3958 -8
      vertex 14.56 11.4865 -8
    endloop
  endfacet
  facet normal -0.462026 0.886866 0
    outer loop
      vertex 14.3859 11.3958 -8
      vertex 14.56 11.4865 -14
      vertex 14.3859 11.3958 -14
    endloop
  endfacet
  facet normal -0.301058 -0.953606 0
    outer loop
      vertex 14.0174 15.6084 -14
      vertex 14.2046 15.5493 -8
      vertex 14.0174 15.6084 -8
    endloop
  endfacet
  facet normal -0.301058 -0.953606 -0
    outer loop
      vertex 14.2046 15.5493 -8
      vertex 14.0174 15.6084 -14
      vertex 14.2046 15.5493 -14
    endloop
  endfacet
  facet normal 0.886866 -0.462026 0
    outer loop
      vertex 11.3958 14.3859 -8
      vertex 11.4865 14.56 -14
      vertex 11.4865 14.56 -8
    endloop
  endfacet
  facet normal 0.886866 -0.462026 0
    outer loop
      vertex 11.4865 14.56 -14
      vertex 11.3958 14.3859 -8
      vertex 11.3958 14.3859 -14
    endloop
  endfacet
  facet normal 0.99904 -0.0438131 0
    outer loop
      vertex 11.185 13.435 -8
      vertex 11.1936 13.6311 -14
      vertex 11.1936 13.6311 -8
    endloop
  endfacet
  facet normal 0.99904 -0.0438131 0
    outer loop
      vertex 11.1936 13.6311 -14
      vertex 11.185 13.435 -8
      vertex 11.185 13.435 -14
    endloop
  endfacet
  facet normal -0.0438131 0.99904 0
    outer loop
      vertex 13.6311 11.1936 -14
      vertex 13.435 11.185 -8
      vertex 13.6311 11.1936 -8
    endloop
  endfacet
  facet normal -0.0438131 0.99904 0
    outer loop
      vertex 13.435 11.185 -8
      vertex 13.6311 11.1936 -14
      vertex 13.435 11.185 -14
    endloop
  endfacet
  facet normal 0.976295 -0.216445 0
    outer loop
      vertex 11.2192 13.8257 -8
      vertex 11.2617 14.0174 -14
      vertex 11.2617 14.0174 -8
    endloop
  endfacet
  facet normal 0.976295 -0.216445 0
    outer loop
      vertex 11.2617 14.0174 -14
      vertex 11.2192 13.8257 -8
      vertex 11.2192 13.8257 -14
    endloop
  endfacet
  facet normal 0.537172 0.843473 -0
    outer loop
      vertex 12.31 11.4865 -14
      vertex 12.1445 11.5919 -8
      vertex 12.31 11.4865 -8
    endloop
  endfacet
  facet normal 0.537172 0.843473 0
    outer loop
      vertex 12.1445 11.5919 -8
      vertex 12.31 11.4865 -14
      vertex 12.1445 11.5919 -14
    endloop
  endfacet
  facet normal -0.130929 -0.991392 0
    outer loop
      vertex 13.6311 15.6765 -14
      vertex 13.8257 15.6508 -8
      vertex 13.6311 15.6765 -8
    endloop
  endfacet
  facet normal -0.130929 -0.991392 -0
    outer loop
      vertex 13.8257 15.6508 -8
      vertex 13.6311 15.6765 -14
      vertex 13.8257 15.6508 -14
    endloop
  endfacet
  facet normal 0.0438131 0.99904 -0
    outer loop
      vertex 13.435 11.185 -14
      vertex 13.2389 11.1936 -8
      vertex 13.435 11.185 -8
    endloop
  endfacet
  facet normal 0.0438131 0.99904 0
    outer loop
      vertex 13.2389 11.1936 -8
      vertex 13.435 11.185 -14
      vertex 13.2389 11.1936 -14
    endloop
  endfacet
  facet normal 0.953752 -0.300595 0
    outer loop
      vertex 11.2617 14.0174 -8
      vertex 11.3207 14.2046 -14
      vertex 11.3207 14.2046 -8
    endloop
  endfacet
  facet normal 0.953752 -0.300595 0
    outer loop
      vertex 11.3207 14.2046 -14
      vertex 11.2617 14.0174 -8
      vertex 11.2617 14.0174 -14
    endloop
  endfacet
  facet normal 0.300595 0.953752 -0
    outer loop
      vertex 12.8527 11.2617 -14
      vertex 12.6655 11.3207 -8
      vertex 12.8527 11.2617 -8
    endloop
  endfacet
  facet normal 0.300595 0.953752 0
    outer loop
      vertex 12.6655 11.3207 -8
      vertex 12.8527 11.2617 -14
      vertex 12.6655 11.3207 -14
    endloop
  endfacet
  facet normal -0.0433046 -0.999062 0
    outer loop
      vertex 13.435 15.685 -14
      vertex 13.6311 15.6765 -8
      vertex 13.435 15.685 -8
    endloop
  endfacet
  facet normal -0.0433046 -0.999062 -0
    outer loop
      vertex 13.6311 15.6765 -8
      vertex 13.435 15.685 -14
      vertex 13.6311 15.6765 -14
    endloop
  endfacet
  facet normal 0.130428 0.991458 -0
    outer loop
      vertex 13.2389 11.1936 -14
      vertex 13.0443 11.2192 -8
      vertex 13.2389 11.1936 -8
    endloop
  endfacet
  facet normal 0.130428 0.991458 0
    outer loop
      vertex 13.0443 11.2192 -8
      vertex 13.2389 11.1936 -14
      vertex 13.0443 11.2192 -14
    endloop
  endfacet
  facet normal -0.887075 0.461625 0
    outer loop
      vertex 15.3836 12.31 -14
      vertex 15.4742 12.4841 -8
      vertex 15.4742 12.4841 -14
    endloop
  endfacet
  facet normal -0.887075 0.461625 0
    outer loop
      vertex 15.4742 12.4841 -8
      vertex 15.3836 12.31 -14
      vertex 15.3836 12.31 -8
    endloop
  endfacet
  facet normal -0.923874 -0.382697 0
    outer loop
      vertex 15.5493 14.2046 -14
      vertex 15.4742 14.3859 -8
      vertex 15.4742 14.3859 -14
    endloop
  endfacet
  facet normal -0.923874 -0.382697 0
    outer loop
      vertex 15.4742 14.3859 -8
      vertex 15.5493 14.2046 -14
      vertex 15.5493 14.2046 -8
    endloop
  endfacet
  facet normal 0.886866 0.462026 0
    outer loop
      vertex 11.4865 12.31 -8
      vertex 11.3958 12.4841 -14
      vertex 11.3958 12.4841 -8
    endloop
  endfacet
  facet normal 0.886866 0.462026 0
    outer loop
      vertex 11.3958 12.4841 -14
      vertex 11.4865 12.31 -8
      vertex 11.4865 12.31 -14
    endloop
  endfacet
  facet normal -0.953606 0.301058 0
    outer loop
      vertex 15.5493 12.6655 -14
      vertex 15.6084 12.8527 -8
      vertex 15.6084 12.8527 -14
    endloop
  endfacet
  facet normal -0.953606 0.301058 0
    outer loop
      vertex 15.6084 12.8527 -8
      vertex 15.5493 12.6655 -14
      vertex 15.5493 12.6655 -8
    endloop
  endfacet
  facet normal 0.675356 0.737492 -0
    outer loop
      vertex 11.9888 11.7114 -14
      vertex 11.844 11.844 -8
      vertex 11.9888 11.7114 -8
    endloop
  endfacet
  facet normal 0.675356 0.737492 0
    outer loop
      vertex 11.844 11.844 -8
      vertex 11.9888 11.7114 -14
      vertex 11.844 11.844 -14
    endloop
  endfacet
  facet normal -0.976379 0.216067 0
    outer loop
      vertex 15.6084 12.8527 -14
      vertex 15.6508 13.0443 -8
      vertex 15.6508 13.0443 -14
    endloop
  endfacet
  facet normal -0.976379 0.216067 0
    outer loop
      vertex 15.6508 13.0443 -8
      vertex 15.6084 12.8527 -14
      vertex 15.6084 12.8527 -8
    endloop
  endfacet
  facet normal 0.99904 0.0438131 0
    outer loop
      vertex 11.1936 13.2389 -8
      vertex 11.185 13.435 -14
      vertex 11.185 13.435 -8
    endloop
  endfacet
  facet normal 0.99904 0.0438131 0
    outer loop
      vertex 11.185 13.435 -14
      vertex 11.1936 13.2389 -8
      vertex 11.1936 13.2389 -14
    endloop
  endfacet
  facet normal 0.216553 0.976271 -0
    outer loop
      vertex 13.0443 11.2192 -14
      vertex 12.8527 11.2617 -8
      vertex 13.0443 11.2192 -8
    endloop
  endfacet
  facet normal 0.216553 0.976271 0
    outer loop
      vertex 12.8527 11.2617 -8
      vertex 13.0443 11.2192 -14
      vertex 12.8527 11.2617 -14
    endloop
  endfacet
  facet normal 0.976271 0.216553 0
    outer loop
      vertex 11.2617 12.8527 -8
      vertex 11.2192 13.0443 -14
      vertex 11.2192 13.0443 -8
    endloop
  endfacet
  facet normal 0.976271 0.216553 0
    outer loop
      vertex 11.2192 13.0443 -14
      vertex 11.2617 12.8527 -8
      vertex 11.2617 12.8527 -14
    endloop
  endfacet
  facet normal 0.793286 0.608849 0
    outer loop
      vertex 11.7114 11.9888 -8
      vertex 11.5919 12.1445 -14
      vertex 11.5919 12.1445 -8
    endloop
  endfacet
  facet normal 0.793286 0.608849 0
    outer loop
      vertex 11.5919 12.1445 -14
      vertex 11.7114 11.9888 -8
      vertex 11.7114 11.9888 -14
    endloop
  endfacet
  facet normal -0.382697 0.923874 0
    outer loop
      vertex 14.3859 11.3958 -14
      vertex 14.2046 11.3207 -8
      vertex 14.3859 11.3958 -8
    endloop
  endfacet
  facet normal -0.382697 0.923874 0
    outer loop
      vertex 14.2046 11.3207 -8
      vertex 14.3859 11.3958 -14
      vertex 14.2046 11.3207 -14
    endloop
  endfacet
  facet normal 0.537535 -0.843242 0
    outer loop
      vertex 12.1445 15.2781 -14
      vertex 12.31 15.3836 -8
      vertex 12.1445 15.2781 -8
    endloop
  endfacet
  facet normal 0.537535 -0.843242 0
    outer loop
      vertex 12.31 15.3836 -8
      vertex 12.1445 15.2781 -14
      vertex 12.31 15.3836 -14
    endloop
  endfacet
  facet normal -0.999062 0.0433046 0
    outer loop
      vertex 15.6765 13.2389 -14
      vertex 15.685 13.435 -8
      vertex 15.685 13.435 -14
    endloop
  endfacet
  facet normal -0.999062 0.0433046 0
    outer loop
      vertex 15.685 13.435 -8
      vertex 15.6765 13.2389 -14
      vertex 15.6765 13.2389 -8
    endloop
  endfacet
  facet normal -0.216445 0.976295 0
    outer loop
      vertex 14.0174 11.2617 -14
      vertex 13.8257 11.2192 -8
      vertex 14.0174 11.2617 -8
    endloop
  endfacet
  facet normal -0.216445 0.976295 0
    outer loop
      vertex 13.8257 11.2192 -8
      vertex 14.0174 11.2617 -14
      vertex 13.8257 11.2192 -14
    endloop
  endfacet
  facet normal -0.953606 -0.301058 0
    outer loop
      vertex 15.6084 14.0174 -14
      vertex 15.5493 14.2046 -8
      vertex 15.5493 14.2046 -14
    endloop
  endfacet
  facet normal -0.953606 -0.301058 0
    outer loop
      vertex 15.5493 14.2046 -8
      vertex 15.6084 14.0174 -14
      vertex 15.6084 14.0174 -8
    endloop
  endfacet
  facet normal 0.608849 -0.793286 0
    outer loop
      vertex -14.8813 15.1586 -14
      vertex -14.7256 15.2781 -8
      vertex -14.8813 15.1586 -8
    endloop
  endfacet
  facet normal 0.608849 -0.793286 0
    outer loop
      vertex -14.7256 15.2781 -8
      vertex -14.8813 15.1586 -14
      vertex -14.7256 15.2781 -14
    endloop
  endfacet
  facet normal 0.793286 -0.608849 0
    outer loop
      vertex -15.2781 14.7256 -8
      vertex -15.1586 14.8813 -14
      vertex -15.1586 14.8813 -8
    endloop
  endfacet
  facet normal 0.793286 -0.608849 0
    outer loop
      vertex -15.1586 14.8813 -14
      vertex -15.2781 14.7256 -8
      vertex -15.2781 14.7256 -14
    endloop
  endfacet
  facet normal 0.73726 -0.675609 0
    outer loop
      vertex -15.1586 14.8813 -8
      vertex -15.026 15.026 -14
      vertex -15.026 15.026 -8
    endloop
  endfacet
  facet normal 0.73726 -0.675609 0
    outer loop
      vertex -15.026 15.026 -14
      vertex -15.1586 14.8813 -8
      vertex -15.1586 14.8813 -14
    endloop
  endfacet
  facet normal 0.843389 -0.537304 0
    outer loop
      vertex -15.3836 14.56 -8
      vertex -15.2781 14.7256 -14
      vertex -15.2781 14.7256 -8
    endloop
  endfacet
  facet normal 0.843389 -0.537304 0
    outer loop
      vertex -15.2781 14.7256 -14
      vertex -15.3836 14.56 -8
      vertex -15.3836 14.56 -14
    endloop
  endfacet
  facet normal 0.608849 0.793286 -0
    outer loop
      vertex -14.7256 11.5919 -14
      vertex -14.8813 11.7114 -8
      vertex -14.7256 11.5919 -8
    endloop
  endfacet
  facet normal 0.608849 0.793286 0
    outer loop
      vertex -14.8813 11.7114 -8
      vertex -14.7256 11.5919 -14
      vertex -14.8813 11.7114 -14
    endloop
  endfacet
  facet normal 0.300595 0.953752 -0
    outer loop
      vertex -14.0174 11.2617 -14
      vertex -14.2046 11.3207 -8
      vertex -14.0174 11.2617 -8
    endloop
  endfacet
  facet normal 0.300595 0.953752 0
    outer loop
      vertex -14.2046 11.3207 -8
      vertex -14.0174 11.2617 -14
      vertex -14.2046 11.3207 -14
    endloop
  endfacet
  facet normal -0.923949 0.382517 0
    outer loop
      vertex -11.3958 12.4841 -14
      vertex -11.3207 12.6655 -8
      vertex -11.3207 12.6655 -14
    endloop
  endfacet
  facet normal -0.923949 0.382517 0
    outer loop
      vertex -11.3207 12.6655 -8
      vertex -11.3958 12.4841 -14
      vertex -11.3958 12.4841 -8
    endloop
  endfacet
  facet normal -0.675356 0.737492 0
    outer loop
      vertex -11.844 11.844 -14
      vertex -11.9888 11.7114 -8
      vertex -11.844 11.844 -8
    endloop
  endfacet
  facet normal -0.675356 0.737492 0
    outer loop
      vertex -11.9888 11.7114 -8
      vertex -11.844 11.844 -14
      vertex -11.9888 11.7114 -14
    endloop
  endfacet
  facet normal 0.737492 0.675356 0
    outer loop
      vertex -15.026 11.844 -8
      vertex -15.1586 11.9888 -14
      vertex -15.1586 11.9888 -8
    endloop
  endfacet
  facet normal 0.737492 0.675356 0
    outer loop
      vertex -15.1586 11.9888 -14
      vertex -15.026 11.844 -8
      vertex -15.026 11.844 -14
    endloop
  endfacet
  facet normal -0.382517 0.923949 0
    outer loop
      vertex -12.4841 11.3958 -14
      vertex -12.6655 11.3207 -8
      vertex -12.4841 11.3958 -8
    endloop
  endfacet
  facet normal -0.382517 0.923949 0
    outer loop
      vertex -12.6655 11.3207 -8
      vertex -12.4841 11.3958 -14
      vertex -12.6655 11.3207 -14
    endloop
  endfacet
  facet normal -0.608849 -0.793286 0
    outer loop
      vertex -12.1445 15.2781 -14
      vertex -11.9888 15.1586 -8
      vertex -12.1445 15.2781 -8
    endloop
  endfacet
  facet normal -0.608849 -0.793286 -0
    outer loop
      vertex -11.9888 15.1586 -8
      vertex -12.1445 15.2781 -14
      vertex -11.9888 15.1586 -14
    endloop
  endfacet
  facet normal -0.300595 0.953752 0
    outer loop
      vertex -12.6655 11.3207 -14
      vertex -12.8527 11.2617 -8
      vertex -12.6655 11.3207 -8
    endloop
  endfacet
  facet normal -0.300595 0.953752 0
    outer loop
      vertex -12.8527 11.2617 -8
      vertex -12.6655 11.3207 -14
      vertex -12.8527 11.2617 -14
    endloop
  endfacet
  facet normal -0.976295 -0.216445 0
    outer loop
      vertex -11.2192 13.8257 -14
      vertex -11.2617 14.0174 -8
      vertex -11.2617 14.0174 -14
    endloop
  endfacet
  facet normal -0.976295 -0.216445 0
    outer loop
      vertex -11.2617 14.0174 -8
      vertex -11.2192 13.8257 -14
      vertex -11.2192 13.8257 -8
    endloop
  endfacet
  facet normal -0.991458 -0.130428 0
    outer loop
      vertex -11.1936 13.6311 -14
      vertex -11.2192 13.8257 -8
      vertex -11.2192 13.8257 -14
    endloop
  endfacet
  facet normal -0.991458 -0.130428 0
    outer loop
      vertex -11.2192 13.8257 -8
      vertex -11.1936 13.6311 -14
      vertex -11.1936 13.6311 -8
    endloop
  endfacet
  facet normal -0.461625 -0.887075 0
    outer loop
      vertex -12.4841 15.4742 -14
      vertex -12.31 15.3836 -8
      vertex -12.4841 15.4742 -8
    endloop
  endfacet
  facet normal -0.461625 -0.887075 -0
    outer loop
      vertex -12.31 15.3836 -8
      vertex -12.4841 15.4742 -14
      vertex -12.31 15.3836 -14
    endloop
  endfacet
  facet normal 0.976379 0.216067 0
    outer loop
      vertex -15.6084 12.8527 -8
      vertex -15.6508 13.0443 -14
      vertex -15.6508 13.0443 -8
    endloop
  endfacet
  facet normal 0.976379 0.216067 0
    outer loop
      vertex -15.6508 13.0443 -14
      vertex -15.6084 12.8527 -8
      vertex -15.6084 12.8527 -14
    endloop
  endfacet
  facet normal -0.886866 0.462026 0
    outer loop
      vertex -11.4865 12.31 -14
      vertex -11.3958 12.4841 -8
      vertex -11.3958 12.4841 -14
    endloop
  endfacet
  facet normal -0.886866 0.462026 0
    outer loop
      vertex -11.3958 12.4841 -8
      vertex -11.4865 12.31 -14
      vertex -11.4865 12.31 -8
    endloop
  endfacet
  facet normal 0.461625 -0.887075 0
    outer loop
      vertex -14.56 15.3836 -14
      vertex -14.3859 15.4742 -8
      vertex -14.56 15.3836 -8
    endloop
  endfacet
  facet normal 0.461625 -0.887075 0
    outer loop
      vertex -14.3859 15.4742 -8
      vertex -14.56 15.3836 -14
      vertex -14.3859 15.4742 -14
    endloop
  endfacet
  facet normal 0.991392 0.130929 0
    outer loop
      vertex -15.6508 13.0443 -8
      vertex -15.6765 13.2389 -14
      vertex -15.6765 13.2389 -8
    endloop
  endfacet
  facet normal 0.991392 0.130929 0
    outer loop
      vertex -15.6765 13.2389 -14
      vertex -15.6508 13.0443 -8
      vertex -15.6508 13.0443 -14
    endloop
  endfacet
  facet normal 0.793286 0.608849 0
    outer loop
      vertex -15.1586 11.9888 -8
      vertex -15.2781 12.1445 -14
      vertex -15.2781 12.1445 -8
    endloop
  endfacet
  facet normal 0.793286 0.608849 0
    outer loop
      vertex -15.2781 12.1445 -14
      vertex -15.1586 11.9888 -8
      vertex -15.1586 11.9888 -14
    endloop
  endfacet
  facet normal 0.923949 0.382517 0
    outer loop
      vertex -15.4742 12.4841 -8
      vertex -15.5493 12.6655 -14
      vertex -15.5493 12.6655 -8
    endloop
  endfacet
  facet normal 0.923949 0.382517 0
    outer loop
      vertex -15.5493 12.6655 -14
      vertex -15.4742 12.4841 -8
      vertex -15.4742 12.4841 -14
    endloop
  endfacet
  facet normal 0.130428 0.991458 -0
    outer loop
      vertex -13.6311 11.1936 -14
      vertex -13.8257 11.2192 -8
      vertex -13.6311 11.1936 -8
    endloop
  endfacet
  facet normal 0.130428 0.991458 0
    outer loop
      vertex -13.8257 11.2192 -8
      vertex -13.6311 11.1936 -14
      vertex -13.8257 11.2192 -14
    endloop
  endfacet
  facet normal -0.537535 -0.843242 0
    outer loop
      vertex -12.31 15.3836 -14
      vertex -12.1445 15.2781 -8
      vertex -12.31 15.3836 -8
    endloop
  endfacet
  facet normal -0.537535 -0.843242 -0
    outer loop
      vertex -12.1445 15.2781 -8
      vertex -12.31 15.3836 -14
      vertex -12.1445 15.2781 -14
    endloop
  endfacet
  facet normal 0.976402 -0.21596 0
    outer loop
      vertex -15.6508 13.8257 -8
      vertex -15.6084 14.0174 -14
      vertex -15.6084 14.0174 -8
    endloop
  endfacet
  facet normal 0.976402 -0.21596 0
    outer loop
      vertex -15.6084 14.0174 -14
      vertex -15.6508 13.8257 -8
      vertex -15.6508 13.8257 -14
    endloop
  endfacet
  facet normal -0.130428 0.991458 0
    outer loop
      vertex -13.0443 11.2192 -14
      vertex -13.2389 11.1936 -8
      vertex -13.0443 11.2192 -8
    endloop
  endfacet
  facet normal -0.130428 0.991458 0
    outer loop
      vertex -13.2389 11.1936 -8
      vertex -13.0443 11.2192 -14
      vertex -13.2389 11.1936 -14
    endloop
  endfacet
  facet normal -0.953752 -0.300595 0
    outer loop
      vertex -11.2617 14.0174 -14
      vertex -11.3207 14.2046 -8
      vertex -11.3207 14.2046 -14
    endloop
  endfacet
  facet normal -0.953752 -0.300595 0
    outer loop
      vertex -11.3207 14.2046 -8
      vertex -11.2617 14.0174 -14
      vertex -11.2617 14.0174 -8
    endloop
  endfacet
  facet normal 0.675609 -0.73726 0
    outer loop
      vertex -15.026 15.026 -14
      vertex -14.8813 15.1586 -8
      vertex -15.026 15.026 -8
    endloop
  endfacet
  facet normal 0.675609 -0.73726 0
    outer loop
      vertex -14.8813 15.1586 -8
      vertex -15.026 15.026 -14
      vertex -14.8813 15.1586 -14
    endloop
  endfacet
  facet normal 0.21596 -0.976402 0
    outer loop
      vertex -14.0174 15.6084 -14
      vertex -13.8257 15.6508 -8
      vertex -14.0174 15.6084 -8
    endloop
  endfacet
  facet normal 0.21596 -0.976402 0
    outer loop
      vertex -13.8257 15.6508 -8
      vertex -14.0174 15.6084 -14
      vertex -13.8257 15.6508 -14
    endloop
  endfacet
  facet normal -0.382517 -0.923949 0
    outer loop
      vertex -12.6655 15.5493 -14
      vertex -12.4841 15.4742 -8
      vertex -12.6655 15.5493 -8
    endloop
  endfacet
  facet normal -0.382517 -0.923949 -0
    outer loop
      vertex -12.4841 15.4742 -8
      vertex -12.6655 15.5493 -14
      vertex -12.4841 15.4742 -14
    endloop
  endfacet
  facet normal 0.953606 0.301058 0
    outer loop
      vertex -15.5493 12.6655 -8
      vertex -15.6084 12.8527 -14
      vertex -15.6084 12.8527 -8
    endloop
  endfacet
  facet normal 0.953606 0.301058 0
    outer loop
      vertex -15.6084 12.8527 -14
      vertex -15.5493 12.6655 -8
      vertex -15.5493 12.6655 -14
    endloop
  endfacet
  facet normal -0.793286 0.608849 0
    outer loop
      vertex -11.7114 11.9888 -14
      vertex -11.5919 12.1445 -8
      vertex -11.5919 12.1445 -14
    endloop
  endfacet
  facet normal -0.793286 0.608849 0
    outer loop
      vertex -11.5919 12.1445 -8
      vertex -11.7114 11.9888 -14
      vertex -11.7114 11.9888 -8
    endloop
  endfacet
  facet normal 0.999062 0.0433046 0
    outer loop
      vertex -15.6765 13.2389 -8
      vertex -15.685 13.435 -14
      vertex -15.685 13.435 -8
    endloop
  endfacet
  facet normal 0.999062 0.0433046 0
    outer loop
      vertex -15.685 13.435 -14
      vertex -15.6765 13.2389 -8
      vertex -15.6765 13.2389 -14
    endloop
  endfacet
  facet normal -0.675356 -0.737492 0
    outer loop
      vertex -11.9888 15.1586 -14
      vertex -11.844 15.026 -8
      vertex -11.9888 15.1586 -8
    endloop
  endfacet
  facet normal -0.675356 -0.737492 -0
    outer loop
      vertex -11.844 15.026 -8
      vertex -11.9888 15.1586 -14
      vertex -11.844 15.026 -14
    endloop
  endfacet
  facet normal 0.887075 -0.461625 0
    outer loop
      vertex -15.4742 14.3859 -8
      vertex -15.3836 14.56 -14
      vertex -15.3836 14.56 -8
    endloop
  endfacet
  facet normal 0.887075 -0.461625 0
    outer loop
      vertex -15.3836 14.56 -14
      vertex -15.4742 14.3859 -8
      vertex -15.4742 14.3859 -14
    endloop
  endfacet
  facet normal 0.130929 -0.991392 0
    outer loop
      vertex -13.8257 15.6508 -14
      vertex -13.6311 15.6765 -8
      vertex -13.8257 15.6508 -8
    endloop
  endfacet
  facet normal 0.130929 -0.991392 0
    outer loop
      vertex -13.6311 15.6765 -8
      vertex -13.8257 15.6508 -14
      vertex -13.6311 15.6765 -14
    endloop
  endfacet
  facet normal 0.536941 0.84362 -0
    outer loop
      vertex -14.56 11.4865 -14
      vertex -14.7256 11.5919 -8
      vertex -14.56 11.4865 -8
    endloop
  endfacet
  facet normal 0.536941 0.84362 0
    outer loop
      vertex -14.7256 11.5919 -8
      vertex -14.56 11.4865 -14
      vertex -14.7256 11.5919 -14
    endloop
  endfacet
  facet normal 0.0433046 -0.999062 0
    outer loop
      vertex -13.6311 15.6765 -14
      vertex -13.435 15.685 -8
      vertex -13.6311 15.6765 -8
    endloop
  endfacet
  facet normal 0.0433046 -0.999062 0
    outer loop
      vertex -13.435 15.685 -8
      vertex -13.6311 15.6765 -14
      vertex -13.435 15.685 -14
    endloop
  endfacet
  facet normal 0.887075 0.461625 0
    outer loop
      vertex -15.3836 12.31 -8
      vertex -15.4742 12.4841 -14
      vertex -15.4742 12.4841 -8
    endloop
  endfacet
  facet normal 0.887075 0.461625 0
    outer loop
      vertex -15.4742 12.4841 -14
      vertex -15.3836 12.31 -8
      vertex -15.3836 12.31 -14
    endloop
  endfacet
  facet normal -0.537172 0.843473 0
    outer loop
      vertex -12.1445 11.5919 -14
      vertex -12.31 11.4865 -8
      vertex -12.1445 11.5919 -8
    endloop
  endfacet
  facet normal -0.537172 0.843473 0
    outer loop
      vertex -12.31 11.4865 -8
      vertex -12.1445 11.5919 -14
      vertex -12.31 11.4865 -14
    endloop
  endfacet
  facet normal 0.675609 0.73726 -0
    outer loop
      vertex -14.8813 11.7114 -14
      vertex -15.026 11.844 -8
      vertex -14.8813 11.7114 -8
    endloop
  endfacet
  facet normal 0.675609 0.73726 0
    outer loop
      vertex -15.026 11.844 -8
      vertex -14.8813 11.7114 -14
      vertex -15.026 11.844 -14
    endloop
  endfacet
  facet normal 0.923874 -0.382697 0
    outer loop
      vertex -15.5493 14.2046 -8
      vertex -15.4742 14.3859 -14
      vertex -15.4742 14.3859 -8
    endloop
  endfacet
  facet normal 0.923874 -0.382697 0
    outer loop
      vertex -15.4742 14.3859 -14
      vertex -15.5493 14.2046 -8
      vertex -15.5493 14.2046 -14
    endloop
  endfacet
  facet normal 0.537304 -0.843389 0
    outer loop
      vertex -14.7256 15.2781 -14
      vertex -14.56 15.3836 -8
      vertex -14.7256 15.2781 -8
    endloop
  endfacet
  facet normal 0.537304 -0.843389 0
    outer loop
      vertex -14.56 15.3836 -8
      vertex -14.7256 15.2781 -14
      vertex -14.56 15.3836 -14
    endloop
  endfacet
  facet normal -0.886866 -0.462026 0
    outer loop
      vertex -11.3958 14.3859 -14
      vertex -11.4865 14.56 -8
      vertex -11.4865 14.56 -14
    endloop
  endfacet
  facet normal -0.886866 -0.462026 0
    outer loop
      vertex -11.4865 14.56 -8
      vertex -11.3958 14.3859 -14
      vertex -11.3958 14.3859 -8
    endloop
  endfacet
  facet normal 0.953606 -0.301058 0
    outer loop
      vertex -15.6084 14.0174 -8
      vertex -15.5493 14.2046 -14
      vertex -15.5493 14.2046 -8
    endloop
  endfacet
  facet normal 0.953606 -0.301058 0
    outer loop
      vertex -15.5493 14.2046 -14
      vertex -15.6084 14.0174 -8
      vertex -15.6084 14.0174 -14
    endloop
  endfacet
  facet normal 0.462026 0.886866 -0
    outer loop
      vertex -14.3859 11.3958 -14
      vertex -14.56 11.4865 -8
      vertex -14.3859 11.3958 -8
    endloop
  endfacet
  facet normal 0.462026 0.886866 0
    outer loop
      vertex -14.56 11.4865 -8
      vertex -14.3859 11.3958 -14
      vertex -14.56 11.4865 -14
    endloop
  endfacet
  facet normal 0.0438131 0.99904 -0
    outer loop
      vertex -13.435 11.185 -14
      vertex -13.6311 11.1936 -8
      vertex -13.435 11.185 -8
    endloop
  endfacet
  facet normal 0.0438131 0.99904 0
    outer loop
      vertex -13.6311 11.1936 -8
      vertex -13.435 11.185 -14
      vertex -13.6311 11.1936 -14
    endloop
  endfacet
  facet normal -0.99904 -0.0438131 0
    outer loop
      vertex -11.185 13.435 -14
      vertex -11.1936 13.6311 -8
      vertex -11.1936 13.6311 -14
    endloop
  endfacet
  facet normal -0.99904 -0.0438131 0
    outer loop
      vertex -11.1936 13.6311 -8
      vertex -11.185 13.435 -14
      vertex -11.185 13.435 -8
    endloop
  endfacet
  facet normal 0.216445 0.976295 -0
    outer loop
      vertex -13.8257 11.2192 -14
      vertex -14.0174 11.2617 -8
      vertex -13.8257 11.2192 -8
    endloop
  endfacet
  facet normal 0.216445 0.976295 0
    outer loop
      vertex -14.0174 11.2617 -8
      vertex -13.8257 11.2192 -14
      vertex -14.0174 11.2617 -14
    endloop
  endfacet
  facet normal 0.382697 0.923874 -0
    outer loop
      vertex -14.2046 11.3207 -14
      vertex -14.3859 11.3958 -8
      vertex -14.2046 11.3207 -8
    endloop
  endfacet
  facet normal 0.382697 0.923874 0
    outer loop
      vertex -14.3859 11.3958 -8
      vertex -14.2046 11.3207 -14
      vertex -14.3859 11.3958 -14
    endloop
  endfacet
  facet normal -0.843473 0.537172 0
    outer loop
      vertex -11.5919 12.1445 -14
      vertex -11.4865 12.31 -8
      vertex -11.4865 12.31 -14
    endloop
  endfacet
  facet normal -0.843473 0.537172 0
    outer loop
      vertex -11.4865 12.31 -8
      vertex -11.5919 12.1445 -14
      vertex -11.5919 12.1445 -8
    endloop
  endfacet
  facet normal 0.991392 -0.130929 0
    outer loop
      vertex -15.6765 13.6311 -8
      vertex -15.6508 13.8257 -14
      vertex -15.6508 13.8257 -8
    endloop
  endfacet
  facet normal 0.991392 -0.130929 0
    outer loop
      vertex -15.6508 13.8257 -14
      vertex -15.6765 13.6311 -8
      vertex -15.6765 13.6311 -14
    endloop
  endfacet
  facet normal -0.99904 0.0438131 0
    outer loop
      vertex -11.1936 13.2389 -14
      vertex -11.185 13.435 -8
      vertex -11.185 13.435 -14
    endloop
  endfacet
  facet normal -0.99904 0.0438131 0
    outer loop
      vertex -11.185 13.435 -8
      vertex -11.1936 13.2389 -14
      vertex -11.1936 13.2389 -8
    endloop
  endfacet
  facet normal -0.953752 0.300595 0
    outer loop
      vertex -11.3207 12.6655 -14
      vertex -11.2617 12.8527 -8
      vertex -11.2617 12.8527 -14
    endloop
  endfacet
  facet normal -0.953752 0.300595 0
    outer loop
      vertex -11.2617 12.8527 -8
      vertex -11.3207 12.6655 -14
      vertex -11.3207 12.6655 -8
    endloop
  endfacet
  facet normal 0.999062 -0.0433046 0
    outer loop
      vertex -15.685 13.435 -8
      vertex -15.6765 13.6311 -14
      vertex -15.6765 13.6311 -8
    endloop
  endfacet
  facet normal 0.999062 -0.0433046 0
    outer loop
      vertex -15.6765 13.6311 -14
      vertex -15.685 13.435 -8
      vertex -15.685 13.435 -14
    endloop
  endfacet
  facet normal -0.991458 0.130428 0
    outer loop
      vertex -11.2192 13.0443 -14
      vertex -11.1936 13.2389 -8
      vertex -11.1936 13.2389 -14
    endloop
  endfacet
  facet normal -0.991458 0.130428 0
    outer loop
      vertex -11.1936 13.2389 -8
      vertex -11.2192 13.0443 -14
      vertex -11.2192 13.0443 -8
    endloop
  endfacet
  facet normal 0.382697 -0.923874 0
    outer loop
      vertex -14.3859 15.4742 -14
      vertex -14.2046 15.5493 -8
      vertex -14.3859 15.4742 -8
    endloop
  endfacet
  facet normal 0.382697 -0.923874 0
    outer loop
      vertex -14.2046 15.5493 -8
      vertex -14.3859 15.4742 -14
      vertex -14.2046 15.5493 -14
    endloop
  endfacet
  facet normal -0.462026 0.886866 0
    outer loop
      vertex -12.31 11.4865 -14
      vertex -12.4841 11.3958 -8
      vertex -12.31 11.4865 -8
    endloop
  endfacet
  facet normal -0.462026 0.886866 0
    outer loop
      vertex -12.4841 11.3958 -8
      vertex -12.31 11.4865 -14
      vertex -12.4841 11.3958 -14
    endloop
  endfacet
  facet normal -0.737492 0.675356 0
    outer loop
      vertex -11.844 11.844 -14
      vertex -11.7114 11.9888 -8
      vertex -11.7114 11.9888 -14
    endloop
  endfacet
  facet normal -0.737492 0.675356 0
    outer loop
      vertex -11.7114 11.9888 -8
      vertex -11.844 11.844 -14
      vertex -11.844 11.844 -8
    endloop
  endfacet
  facet normal -0.216067 -0.976379 0
    outer loop
      vertex -13.0443 15.6508 -14
      vertex -12.8527 15.6084 -8
      vertex -13.0443 15.6508 -8
    endloop
  endfacet
  facet normal -0.216067 -0.976379 -0
    outer loop
      vertex -12.8527 15.6084 -8
      vertex -13.0443 15.6508 -14
      vertex -12.8527 15.6084 -14
    endloop
  endfacet
  facet normal -0.0438131 0.99904 0
    outer loop
      vertex -13.2389 11.1936 -14
      vertex -13.435 11.185 -8
      vertex -13.2389 11.1936 -8
    endloop
  endfacet
  facet normal -0.0438131 0.99904 0
    outer loop
      vertex -13.435 11.185 -8
      vertex -13.2389 11.1936 -14
      vertex -13.435 11.185 -14
    endloop
  endfacet
  facet normal -0.976271 0.216553 0
    outer loop
      vertex -11.2617 12.8527 -14
      vertex -11.2192 13.0443 -8
      vertex -11.2192 13.0443 -14
    endloop
  endfacet
  facet normal -0.976271 0.216553 0
    outer loop
      vertex -11.2192 13.0443 -8
      vertex -11.2617 12.8527 -14
      vertex -11.2617 12.8527 -8
    endloop
  endfacet
  facet normal -0.301058 -0.953606 0
    outer loop
      vertex -12.8527 15.6084 -14
      vertex -12.6655 15.5493 -8
      vertex -12.8527 15.6084 -8
    endloop
  endfacet
  facet normal -0.301058 -0.953606 -0
    outer loop
      vertex -12.6655 15.5493 -8
      vertex -12.8527 15.6084 -14
      vertex -12.6655 15.5493 -14
    endloop
  endfacet
  facet normal -0.73726 -0.675609 0
    outer loop
      vertex -11.7114 14.8813 -14
      vertex -11.844 15.026 -8
      vertex -11.844 15.026 -14
    endloop
  endfacet
  facet normal -0.73726 -0.675609 0
    outer loop
      vertex -11.844 15.026 -8
      vertex -11.7114 14.8813 -14
      vertex -11.7114 14.8813 -8
    endloop
  endfacet
  facet normal -0.793286 -0.608849 0
    outer loop
      vertex -11.5919 14.7256 -14
      vertex -11.7114 14.8813 -8
      vertex -11.7114 14.8813 -14
    endloop
  endfacet
  facet normal -0.793286 -0.608849 0
    outer loop
      vertex -11.7114 14.8813 -8
      vertex -11.5919 14.7256 -14
      vertex -11.5919 14.7256 -8
    endloop
  endfacet
  facet normal -0.84362 -0.536941 0
    outer loop
      vertex -11.4865 14.56 -14
      vertex -11.5919 14.7256 -8
      vertex -11.5919 14.7256 -14
    endloop
  endfacet
  facet normal -0.84362 -0.536941 0
    outer loop
      vertex -11.5919 14.7256 -8
      vertex -11.4865 14.56 -14
      vertex -11.4865 14.56 -8
    endloop
  endfacet
  facet normal -0.216553 0.976271 0
    outer loop
      vertex -12.8527 11.2617 -14
      vertex -13.0443 11.2192 -8
      vertex -12.8527 11.2617 -8
    endloop
  endfacet
  facet normal -0.216553 0.976271 0
    outer loop
      vertex -13.0443 11.2192 -8
      vertex -12.8527 11.2617 -14
      vertex -13.0443 11.2192 -14
    endloop
  endfacet
  facet normal -0.608849 0.793286 0
    outer loop
      vertex -11.9888 11.7114 -14
      vertex -12.1445 11.5919 -8
      vertex -11.9888 11.7114 -8
    endloop
  endfacet
  facet normal -0.608849 0.793286 0
    outer loop
      vertex -12.1445 11.5919 -8
      vertex -11.9888 11.7114 -14
      vertex -12.1445 11.5919 -14
    endloop
  endfacet
  facet normal -0.923874 -0.382697 0
    outer loop
      vertex -11.3207 14.2046 -14
      vertex -11.3958 14.3859 -8
      vertex -11.3958 14.3859 -14
    endloop
  endfacet
  facet normal -0.923874 -0.382697 0
    outer loop
      vertex -11.3958 14.3859 -8
      vertex -11.3207 14.2046 -14
      vertex -11.3207 14.2046 -8
    endloop
  endfacet
  facet normal 0.843242 0.537535 0
    outer loop
      vertex -15.2781 12.1445 -8
      vertex -15.3836 12.31 -14
      vertex -15.3836 12.31 -8
    endloop
  endfacet
  facet normal 0.843242 0.537535 0
    outer loop
      vertex -15.3836 12.31 -14
      vertex -15.2781 12.1445 -8
      vertex -15.2781 12.1445 -14
    endloop
  endfacet
  facet normal -0.0433046 -0.999062 0
    outer loop
      vertex -13.435 15.685 -14
      vertex -13.2389 15.6765 -8
      vertex -13.435 15.685 -8
    endloop
  endfacet
  facet normal -0.0433046 -0.999062 -0
    outer loop
      vertex -13.2389 15.6765 -8
      vertex -13.435 15.685 -14
      vertex -13.2389 15.6765 -14
    endloop
  endfacet
  facet normal -0.130929 -0.991392 0
    outer loop
      vertex -13.2389 15.6765 -14
      vertex -13.0443 15.6508 -8
      vertex -13.2389 15.6765 -8
    endloop
  endfacet
  facet normal -0.130929 -0.991392 -0
    outer loop
      vertex -13.0443 15.6508 -8
      vertex -13.2389 15.6765 -14
      vertex -13.0443 15.6508 -14
    endloop
  endfacet
  facet normal 0.301058 -0.953606 0
    outer loop
      vertex -14.2046 15.5493 -14
      vertex -14.0174 15.6084 -8
      vertex -14.2046 15.5493 -8
    endloop
  endfacet
  facet normal 0.301058 -0.953606 0
    outer loop
      vertex -14.0174 15.6084 -8
      vertex -14.2046 15.5493 -14
      vertex -14.0174 15.6084 -14
    endloop
  endfacet
  facet normal 0.537304 0.843389 -0
    outer loop
      vertex -14.56 -15.3836 -14
      vertex -14.7256 -15.2781 -8
      vertex -14.56 -15.3836 -8
    endloop
  endfacet
  facet normal 0.537304 0.843389 0
    outer loop
      vertex -14.7256 -15.2781 -8
      vertex -14.56 -15.3836 -14
      vertex -14.7256 -15.2781 -14
    endloop
  endfacet
  facet normal -0.793286 0.608849 0
    outer loop
      vertex -11.7114 -14.8813 -14
      vertex -11.5919 -14.7256 -8
      vertex -11.5919 -14.7256 -14
    endloop
  endfacet
  facet normal -0.793286 0.608849 0
    outer loop
      vertex -11.5919 -14.7256 -8
      vertex -11.7114 -14.8813 -14
      vertex -11.7114 -14.8813 -8
    endloop
  endfacet
  facet normal 0.793286 0.608849 0
    outer loop
      vertex -15.1586 -14.8813 -8
      vertex -15.2781 -14.7256 -14
      vertex -15.2781 -14.7256 -8
    endloop
  endfacet
  facet normal 0.793286 0.608849 0
    outer loop
      vertex -15.2781 -14.7256 -14
      vertex -15.1586 -14.8813 -8
      vertex -15.1586 -14.8813 -14
    endloop
  endfacet
  facet normal 0.675609 0.73726 -0
    outer loop
      vertex -14.8813 -15.1586 -14
      vertex -15.026 -15.026 -8
      vertex -14.8813 -15.1586 -8
    endloop
  endfacet
  facet normal 0.675609 0.73726 0
    outer loop
      vertex -15.026 -15.026 -8
      vertex -14.8813 -15.1586 -14
      vertex -15.026 -15.026 -14
    endloop
  endfacet
  facet normal -0.886866 -0.462026 0
    outer loop
      vertex -11.3958 -12.4841 -14
      vertex -11.4865 -12.31 -8
      vertex -11.4865 -12.31 -14
    endloop
  endfacet
  facet normal -0.886866 -0.462026 0
    outer loop
      vertex -11.4865 -12.31 -8
      vertex -11.3958 -12.4841 -14
      vertex -11.3958 -12.4841 -8
    endloop
  endfacet
  facet normal -0.737492 -0.675356 0
    outer loop
      vertex -11.7114 -11.9888 -14
      vertex -11.844 -11.844 -8
      vertex -11.844 -11.844 -14
    endloop
  endfacet
  facet normal -0.737492 -0.675356 0
    outer loop
      vertex -11.844 -11.844 -8
      vertex -11.7114 -11.9888 -14
      vertex -11.7114 -11.9888 -8
    endloop
  endfacet
  facet normal -0.675356 0.737492 0
    outer loop
      vertex -11.844 -15.026 -14
      vertex -11.9888 -15.1586 -8
      vertex -11.844 -15.026 -8
    endloop
  endfacet
  facet normal -0.675356 0.737492 0
    outer loop
      vertex -11.9888 -15.1586 -8
      vertex -11.844 -15.026 -14
      vertex -11.9888 -15.1586 -14
    endloop
  endfacet
  facet normal 0.382697 0.923874 -0
    outer loop
      vertex -14.2046 -15.5493 -14
      vertex -14.3859 -15.4742 -8
      vertex -14.2046 -15.5493 -8
    endloop
  endfacet
  facet normal 0.382697 0.923874 0
    outer loop
      vertex -14.3859 -15.4742 -8
      vertex -14.2046 -15.5493 -14
      vertex -14.3859 -15.4742 -14
    endloop
  endfacet
  facet normal 0.793286 -0.608849 0
    outer loop
      vertex -15.2781 -12.1445 -8
      vertex -15.1586 -11.9888 -14
      vertex -15.1586 -11.9888 -8
    endloop
  endfacet
  facet normal 0.793286 -0.608849 0
    outer loop
      vertex -15.1586 -11.9888 -14
      vertex -15.2781 -12.1445 -8
      vertex -15.2781 -12.1445 -14
    endloop
  endfacet
  facet normal -0.953752 -0.300595 0
    outer loop
      vertex -11.2617 -12.8527 -14
      vertex -11.3207 -12.6655 -8
      vertex -11.3207 -12.6655 -14
    endloop
  endfacet
  facet normal -0.953752 -0.300595 0
    outer loop
      vertex -11.3207 -12.6655 -8
      vertex -11.2617 -12.8527 -14
      vertex -11.2617 -12.8527 -8
    endloop
  endfacet
  facet normal 0.216445 -0.976295 0
    outer loop
      vertex -14.0174 -11.2617 -14
      vertex -13.8257 -11.2192 -8
      vertex -14.0174 -11.2617 -8
    endloop
  endfacet
  facet normal 0.216445 -0.976295 0
    outer loop
      vertex -13.8257 -11.2192 -8
      vertex -14.0174 -11.2617 -14
      vertex -13.8257 -11.2192 -14
    endloop
  endfacet
  facet normal 0.130428 -0.991458 0
    outer loop
      vertex -13.8257 -11.2192 -14
      vertex -13.6311 -11.1936 -8
      vertex -13.8257 -11.2192 -8
    endloop
  endfacet
  facet normal 0.130428 -0.991458 0
    outer loop
      vertex -13.6311 -11.1936 -8
      vertex -13.8257 -11.2192 -14
      vertex -13.6311 -11.1936 -14
    endloop
  endfacet
  facet normal 0.999062 0.0433046 0
    outer loop
      vertex -15.6765 -13.6311 -8
      vertex -15.685 -13.435 -14
      vertex -15.685 -13.435 -8
    endloop
  endfacet
  facet normal 0.999062 0.0433046 0
    outer loop
      vertex -15.685 -13.435 -14
      vertex -15.6765 -13.6311 -8
      vertex -15.6765 -13.6311 -14
    endloop
  endfacet
  facet normal 0.887075 -0.461625 0
    outer loop
      vertex -15.4742 -12.4841 -8
      vertex -15.3836 -12.31 -14
      vertex -15.3836 -12.31 -8
    endloop
  endfacet
  facet normal 0.887075 -0.461625 0
    outer loop
      vertex -15.3836 -12.31 -14
      vertex -15.4742 -12.4841 -8
      vertex -15.4742 -12.4841 -14
    endloop
  endfacet
  facet normal 0.675609 -0.73726 0
    outer loop
      vertex -15.026 -11.844 -14
      vertex -14.8813 -11.7114 -8
      vertex -15.026 -11.844 -8
    endloop
  endfacet
  facet normal 0.675609 -0.73726 0
    outer loop
      vertex -14.8813 -11.7114 -8
      vertex -15.026 -11.844 -14
      vertex -14.8813 -11.7114 -14
    endloop
  endfacet
  facet normal -0.216067 0.976379 0
    outer loop
      vertex -12.8527 -15.6084 -14
      vertex -13.0443 -15.6508 -8
      vertex -12.8527 -15.6084 -8
    endloop
  endfacet
  facet normal -0.216067 0.976379 0
    outer loop
      vertex -13.0443 -15.6508 -8
      vertex -12.8527 -15.6084 -14
      vertex -13.0443 -15.6508 -14
    endloop
  endfacet
  facet normal -0.300595 -0.953752 0
    outer loop
      vertex -12.8527 -11.2617 -14
      vertex -12.6655 -11.3207 -8
      vertex -12.8527 -11.2617 -8
    endloop
  endfacet
  facet normal -0.300595 -0.953752 -0
    outer loop
      vertex -12.6655 -11.3207 -8
      vertex -12.8527 -11.2617 -14
      vertex -12.6655 -11.3207 -14
    endloop
  endfacet
  facet normal -0.462026 -0.886866 0
    outer loop
      vertex -12.4841 -11.3958 -14
      vertex -12.31 -11.4865 -8
      vertex -12.4841 -11.3958 -8
    endloop
  endfacet
  facet normal -0.462026 -0.886866 -0
    outer loop
      vertex -12.31 -11.4865 -8
      vertex -12.4841 -11.3958 -14
      vertex -12.31 -11.4865 -14
    endloop
  endfacet
  facet normal 0.887075 0.461625 0
    outer loop
      vertex -15.3836 -14.56 -8
      vertex -15.4742 -14.3859 -14
      vertex -15.4742 -14.3859 -8
    endloop
  endfacet
  facet normal 0.887075 0.461625 0
    outer loop
      vertex -15.4742 -14.3859 -14
      vertex -15.3836 -14.56 -8
      vertex -15.3836 -14.56 -14
    endloop
  endfacet
  facet normal -0.130929 0.991392 0
    outer loop
      vertex -13.0443 -15.6508 -14
      vertex -13.2389 -15.6765 -8
      vertex -13.0443 -15.6508 -8
    endloop
  endfacet
  facet normal -0.130929 0.991392 0
    outer loop
      vertex -13.2389 -15.6765 -8
      vertex -13.0443 -15.6508 -14
      vertex -13.2389 -15.6765 -14
    endloop
  endfacet
  facet normal -0.608849 0.793286 0
    outer loop
      vertex -11.9888 -15.1586 -14
      vertex -12.1445 -15.2781 -8
      vertex -11.9888 -15.1586 -8
    endloop
  endfacet
  facet normal -0.608849 0.793286 0
    outer loop
      vertex -12.1445 -15.2781 -8
      vertex -11.9888 -15.1586 -14
      vertex -12.1445 -15.2781 -14
    endloop
  endfacet
  facet normal 0.21596 0.976402 -0
    outer loop
      vertex -13.8257 -15.6508 -14
      vertex -14.0174 -15.6084 -8
      vertex -13.8257 -15.6508 -8
    endloop
  endfacet
  facet normal 0.21596 0.976402 0
    outer loop
      vertex -14.0174 -15.6084 -8
      vertex -13.8257 -15.6508 -14
      vertex -14.0174 -15.6084 -14
    endloop
  endfacet
  facet normal -0.382517 0.923949 0
    outer loop
      vertex -12.4841 -15.4742 -14
      vertex -12.6655 -15.5493 -8
      vertex -12.4841 -15.4742 -8
    endloop
  endfacet
  facet normal -0.382517 0.923949 0
    outer loop
      vertex -12.6655 -15.5493 -8
      vertex -12.4841 -15.4742 -14
      vertex -12.6655 -15.5493 -14
    endloop
  endfacet
  facet normal -0.991458 0.130428 0
    outer loop
      vertex -11.2192 -13.8257 -14
      vertex -11.1936 -13.6311 -8
      vertex -11.1936 -13.6311 -14
    endloop
  endfacet
  facet normal -0.991458 0.130428 0
    outer loop
      vertex -11.1936 -13.6311 -8
      vertex -11.2192 -13.8257 -14
      vertex -11.2192 -13.8257 -8
    endloop
  endfacet
  facet normal 0.843242 -0.537535 0
    outer loop
      vertex -15.3836 -12.31 -8
      vertex -15.2781 -12.1445 -14
      vertex -15.2781 -12.1445 -8
    endloop
  endfacet
  facet normal 0.843242 -0.537535 0
    outer loop
      vertex -15.2781 -12.1445 -14
      vertex -15.3836 -12.31 -8
      vertex -15.3836 -12.31 -14
    endloop
  endfacet
  facet normal -0.382517 -0.923949 0
    outer loop
      vertex -12.6655 -11.3207 -14
      vertex -12.4841 -11.3958 -8
      vertex -12.6655 -11.3207 -8
    endloop
  endfacet
  facet normal -0.382517 -0.923949 -0
    outer loop
      vertex -12.4841 -11.3958 -8
      vertex -12.6655 -11.3207 -14
      vertex -12.4841 -11.3958 -14
    endloop
  endfacet
  facet normal 0.300595 -0.953752 0
    outer loop
      vertex -14.2046 -11.3207 -14
      vertex -14.0174 -11.2617 -8
      vertex -14.2046 -11.3207 -8
    endloop
  endfacet
  facet normal 0.300595 -0.953752 0
    outer loop
      vertex -14.0174 -11.2617 -8
      vertex -14.2046 -11.3207 -14
      vertex -14.0174 -11.2617 -14
    endloop
  endfacet
  facet normal 0.608849 0.793286 -0
    outer loop
      vertex -14.7256 -15.2781 -14
      vertex -14.8813 -15.1586 -8
      vertex -14.7256 -15.2781 -8
    endloop
  endfacet
  facet normal 0.608849 0.793286 0
    outer loop
      vertex -14.8813 -15.1586 -8
      vertex -14.7256 -15.2781 -14
      vertex -14.8813 -15.1586 -14
    endloop
  endfacet
  facet normal 0.73726 0.675609 0
    outer loop
      vertex -15.026 -15.026 -8
      vertex -15.1586 -14.8813 -14
      vertex -15.1586 -14.8813 -8
    endloop
  endfacet
  facet normal 0.73726 0.675609 0
    outer loop
      vertex -15.1586 -14.8813 -14
      vertex -15.026 -15.026 -8
      vertex -15.026 -15.026 -14
    endloop
  endfacet
  facet normal 0.976402 0.21596 0
    outer loop
      vertex -15.6084 -14.0174 -8
      vertex -15.6508 -13.8257 -14
      vertex -15.6508 -13.8257 -8
    endloop
  endfacet
  facet normal 0.976402 0.21596 0
    outer loop
      vertex -15.6508 -13.8257 -14
      vertex -15.6084 -14.0174 -8
      vertex -15.6084 -14.0174 -14
    endloop
  endfacet
  facet normal 0.923949 -0.382517 0
    outer loop
      vertex -15.5493 -12.6655 -8
      vertex -15.4742 -12.4841 -14
      vertex -15.4742 -12.4841 -8
    endloop
  endfacet
  facet normal 0.923949 -0.382517 0
    outer loop
      vertex -15.4742 -12.4841 -14
      vertex -15.5493 -12.6655 -8
      vertex -15.5493 -12.6655 -14
    endloop
  endfacet
  facet normal -0.0438131 -0.99904 0
    outer loop
      vertex -13.435 -11.185 -14
      vertex -13.2389 -11.1936 -8
      vertex -13.435 -11.185 -8
    endloop
  endfacet
  facet normal -0.0438131 -0.99904 -0
    outer loop
      vertex -13.2389 -11.1936 -8
      vertex -13.435 -11.185 -14
      vertex -13.2389 -11.1936 -14
    endloop
  endfacet
  facet normal -0.301058 0.953606 0
    outer loop
      vertex -12.6655 -15.5493 -14
      vertex -12.8527 -15.6084 -8
      vertex -12.6655 -15.5493 -8
    endloop
  endfacet
  facet normal -0.301058 0.953606 0
    outer loop
      vertex -12.8527 -15.6084 -8
      vertex -12.6655 -15.5493 -14
      vertex -12.8527 -15.6084 -14
    endloop
  endfacet
  facet normal -0.976271 -0.216553 0
    outer loop
      vertex -11.2192 -13.0443 -14
      vertex -11.2617 -12.8527 -8
      vertex -11.2617 -12.8527 -14
    endloop
  endfacet
  facet normal -0.976271 -0.216553 0
    outer loop
      vertex -11.2617 -12.8527 -8
      vertex -11.2192 -13.0443 -14
      vertex -11.2192 -13.0443 -8
    endloop
  endfacet
  facet normal -0.0433046 0.999062 0
    outer loop
      vertex -13.2389 -15.6765 -14
      vertex -13.435 -15.685 -8
      vertex -13.2389 -15.6765 -8
    endloop
  endfacet
  facet normal -0.0433046 0.999062 0
    outer loop
      vertex -13.435 -15.685 -8
      vertex -13.2389 -15.6765 -14
      vertex -13.435 -15.685 -14
    endloop
  endfacet
  facet normal 0.737492 -0.675356 0
    outer loop
      vertex -15.1586 -11.9888 -8
      vertex -15.026 -11.844 -14
      vertex -15.026 -11.844 -8
    endloop
  endfacet
  facet normal 0.737492 -0.675356 0
    outer loop
      vertex -15.026 -11.844 -14
      vertex -15.1586 -11.9888 -8
      vertex -15.1586 -11.9888 -14
    endloop
  endfacet
  facet normal 0.461625 0.887075 -0
    outer loop
      vertex -14.3859 -15.4742 -14
      vertex -14.56 -15.3836 -8
      vertex -14.3859 -15.4742 -8
    endloop
  endfacet
  facet normal 0.461625 0.887075 0
    outer loop
      vertex -14.56 -15.3836 -8
      vertex -14.3859 -15.4742 -14
      vertex -14.56 -15.3836 -14
    endloop
  endfacet
  facet normal 0.991392 0.130929 0
    outer loop
      vertex -15.6508 -13.8257 -8
      vertex -15.6765 -13.6311 -14
      vertex -15.6765 -13.6311 -8
    endloop
  endfacet
  facet normal 0.991392 0.130929 0
    outer loop
      vertex -15.6765 -13.6311 -14
      vertex -15.6508 -13.8257 -8
      vertex -15.6508 -13.8257 -14
    endloop
  endfacet
  facet normal -0.84362 0.536941 0
    outer loop
      vertex -11.5919 -14.7256 -14
      vertex -11.4865 -14.56 -8
      vertex -11.4865 -14.56 -14
    endloop
  endfacet
  facet normal -0.84362 0.536941 0
    outer loop
      vertex -11.4865 -14.56 -8
      vertex -11.5919 -14.7256 -14
      vertex -11.5919 -14.7256 -8
    endloop
  endfacet
  facet normal -0.461625 0.887075 0
    outer loop
      vertex -12.31 -15.3836 -14
      vertex -12.4841 -15.4742 -8
      vertex -12.31 -15.3836 -8
    endloop
  endfacet
  facet normal -0.461625 0.887075 0
    outer loop
      vertex -12.4841 -15.4742 -8
      vertex -12.31 -15.3836 -14
      vertex -12.4841 -15.4742 -14
    endloop
  endfacet
  facet normal 0.130929 0.991392 -0
    outer loop
      vertex -13.6311 -15.6765 -14
      vertex -13.8257 -15.6508 -8
      vertex -13.6311 -15.6765 -8
    endloop
  endfacet
  facet normal 0.130929 0.991392 0
    outer loop
      vertex -13.8257 -15.6508 -8
      vertex -13.6311 -15.6765 -14
      vertex -13.8257 -15.6508 -14
    endloop
  endfacet
  facet normal -0.73726 0.675609 0
    outer loop
      vertex -11.844 -15.026 -14
      vertex -11.7114 -14.8813 -8
      vertex -11.7114 -14.8813 -14
    endloop
  endfacet
  facet normal -0.73726 0.675609 0
    outer loop
      vertex -11.7114 -14.8813 -8
      vertex -11.844 -15.026 -14
      vertex -11.844 -15.026 -8
    endloop
  endfacet
  facet normal -0.793286 -0.608849 0
    outer loop
      vertex -11.5919 -12.1445 -14
      vertex -11.7114 -11.9888 -8
      vertex -11.7114 -11.9888 -14
    endloop
  endfacet
  facet normal -0.793286 -0.608849 0
    outer loop
      vertex -11.7114 -11.9888 -8
      vertex -11.5919 -12.1445 -14
      vertex -11.5919 -12.1445 -8
    endloop
  endfacet
  facet normal 0.843389 0.537304 0
    outer loop
      vertex -15.2781 -14.7256 -8
      vertex -15.3836 -14.56 -14
      vertex -15.3836 -14.56 -8
    endloop
  endfacet
  facet normal 0.843389 0.537304 0
    outer loop
      vertex -15.3836 -14.56 -14
      vertex -15.2781 -14.7256 -8
      vertex -15.2781 -14.7256 -14
    endloop
  endfacet
  facet normal 0.462026 -0.886866 0
    outer loop
      vertex -14.56 -11.4865 -14
      vertex -14.3859 -11.3958 -8
      vertex -14.56 -11.4865 -8
    endloop
  endfacet
  facet normal 0.462026 -0.886866 0
    outer loop
      vertex -14.3859 -11.3958 -8
      vertex -14.56 -11.4865 -14
      vertex -14.3859 -11.3958 -14
    endloop
  endfacet
  facet normal 0.301058 0.953606 -0
    outer loop
      vertex -14.0174 -15.6084 -14
      vertex -14.2046 -15.5493 -8
      vertex -14.0174 -15.6084 -8
    endloop
  endfacet
  facet normal 0.301058 0.953606 0
    outer loop
      vertex -14.2046 -15.5493 -8
      vertex -14.0174 -15.6084 -14
      vertex -14.2046 -15.5493 -14
    endloop
  endfacet
  facet normal -0.886866 0.462026 0
    outer loop
      vertex -11.4865 -14.56 -14
      vertex -11.3958 -14.3859 -8
      vertex -11.3958 -14.3859 -14
    endloop
  endfacet
  facet normal -0.886866 0.462026 0
    outer loop
      vertex -11.3958 -14.3859 -8
      vertex -11.4865 -14.56 -14
      vertex -11.4865 -14.56 -8
    endloop
  endfacet
  facet normal -0.99904 0.0438131 0
    outer loop
      vertex -11.1936 -13.6311 -14
      vertex -11.185 -13.435 -8
      vertex -11.185 -13.435 -14
    endloop
  endfacet
  facet normal -0.99904 0.0438131 0
    outer loop
      vertex -11.185 -13.435 -8
      vertex -11.1936 -13.6311 -14
      vertex -11.1936 -13.6311 -8
    endloop
  endfacet
  facet normal 0.0438131 -0.99904 0
    outer loop
      vertex -13.6311 -11.1936 -14
      vertex -13.435 -11.185 -8
      vertex -13.6311 -11.1936 -8
    endloop
  endfacet
  facet normal 0.0438131 -0.99904 0
    outer loop
      vertex -13.435 -11.185 -8
      vertex -13.6311 -11.1936 -14
      vertex -13.435 -11.185 -14
    endloop
  endfacet
  facet normal -0.976295 0.216445 0
    outer loop
      vertex -11.2617 -14.0174 -14
      vertex -11.2192 -13.8257 -8
      vertex -11.2192 -13.8257 -14
    endloop
  endfacet
  facet normal -0.976295 0.216445 0
    outer loop
      vertex -11.2192 -13.8257 -8
      vertex -11.2617 -14.0174 -14
      vertex -11.2617 -14.0174 -8
    endloop
  endfacet
  facet normal -0.991458 -0.130428 0
    outer loop
      vertex -11.1936 -13.2389 -14
      vertex -11.2192 -13.0443 -8
      vertex -11.2192 -13.0443 -14
    endloop
  endfacet
  facet normal -0.991458 -0.130428 0
    outer loop
      vertex -11.2192 -13.0443 -8
      vertex -11.1936 -13.2389 -14
      vertex -11.1936 -13.2389 -8
    endloop
  endfacet
  facet normal -0.923874 0.382697 0
    outer loop
      vertex -11.3958 -14.3859 -14
      vertex -11.3207 -14.2046 -8
      vertex -11.3207 -14.2046 -14
    endloop
  endfacet
  facet normal -0.923874 0.382697 0
    outer loop
      vertex -11.3207 -14.2046 -8
      vertex -11.3958 -14.3859 -14
      vertex -11.3958 -14.3859 -8
    endloop
  endfacet
  facet normal -0.537172 -0.843473 0
    outer loop
      vertex -12.31 -11.4865 -14
      vertex -12.1445 -11.5919 -8
      vertex -12.31 -11.4865 -8
    endloop
  endfacet
  facet normal -0.537172 -0.843473 -0
    outer loop
      vertex -12.1445 -11.5919 -8
      vertex -12.31 -11.4865 -14
      vertex -12.1445 -11.5919 -14
    endloop
  endfacet
  facet normal -0.953752 0.300595 0
    outer loop
      vertex -11.3207 -14.2046 -14
      vertex -11.2617 -14.0174 -8
      vertex -11.2617 -14.0174 -14
    endloop
  endfacet
  facet normal -0.953752 0.300595 0
    outer loop
      vertex -11.2617 -14.0174 -8
      vertex -11.3207 -14.2046 -14
      vertex -11.3207 -14.2046 -8
    endloop
  endfacet
  facet normal 0.0433046 0.999062 -0
    outer loop
      vertex -13.435 -15.685 -14
      vertex -13.6311 -15.6765 -8
      vertex -13.435 -15.685 -8
    endloop
  endfacet
  facet normal 0.0433046 0.999062 0
    outer loop
      vertex -13.6311 -15.6765 -8
      vertex -13.435 -15.685 -14
      vertex -13.6311 -15.6765 -14
    endloop
  endfacet
  facet normal -0.130428 -0.991458 0
    outer loop
      vertex -13.2389 -11.1936 -14
      vertex -13.0443 -11.2192 -8
      vertex -13.2389 -11.1936 -8
    endloop
  endfacet
  facet normal -0.130428 -0.991458 -0
    outer loop
      vertex -13.0443 -11.2192 -8
      vertex -13.2389 -11.1936 -14
      vertex -13.0443 -11.2192 -14
    endloop
  endfacet
  facet normal 0.923874 0.382697 0
    outer loop
      vertex -15.4742 -14.3859 -8
      vertex -15.5493 -14.2046 -14
      vertex -15.5493 -14.2046 -8
    endloop
  endfacet
  facet normal 0.923874 0.382697 0
    outer loop
      vertex -15.5493 -14.2046 -14
      vertex -15.4742 -14.3859 -8
      vertex -15.4742 -14.3859 -14
    endloop
  endfacet
  facet normal -0.923949 -0.382517 0
    outer loop
      vertex -11.3207 -12.6655 -14
      vertex -11.3958 -12.4841 -8
      vertex -11.3958 -12.4841 -14
    endloop
  endfacet
  facet normal -0.923949 -0.382517 0
    outer loop
      vertex -11.3958 -12.4841 -8
      vertex -11.3207 -12.6655 -14
      vertex -11.3207 -12.6655 -8
    endloop
  endfacet
  facet normal -0.675356 -0.737492 0
    outer loop
      vertex -11.9888 -11.7114 -14
      vertex -11.844 -11.844 -8
      vertex -11.9888 -11.7114 -8
    endloop
  endfacet
  facet normal -0.675356 -0.737492 -0
    outer loop
      vertex -11.844 -11.844 -8
      vertex -11.9888 -11.7114 -14
      vertex -11.844 -11.844 -14
    endloop
  endfacet
  facet normal 0.976379 -0.216067 0
    outer loop
      vertex -15.6508 -13.0443 -8
      vertex -15.6084 -12.8527 -14
      vertex -15.6084 -12.8527 -8
    endloop
  endfacet
  facet normal 0.976379 -0.216067 0
    outer loop
      vertex -15.6084 -12.8527 -14
      vertex -15.6508 -13.0443 -8
      vertex -15.6508 -13.0443 -14
    endloop
  endfacet
  facet normal -0.843473 -0.537172 0
    outer loop
      vertex -11.4865 -12.31 -14
      vertex -11.5919 -12.1445 -8
      vertex -11.5919 -12.1445 -14
    endloop
  endfacet
  facet normal -0.843473 -0.537172 0
    outer loop
      vertex -11.5919 -12.1445 -8
      vertex -11.4865 -12.31 -14
      vertex -11.4865 -12.31 -8
    endloop
  endfacet
  facet normal -0.216553 -0.976271 0
    outer loop
      vertex -13.0443 -11.2192 -14
      vertex -12.8527 -11.2617 -8
      vertex -13.0443 -11.2192 -8
    endloop
  endfacet
  facet normal -0.216553 -0.976271 -0
    outer loop
      vertex -12.8527 -11.2617 -8
      vertex -13.0443 -11.2192 -14
      vertex -12.8527 -11.2617 -14
    endloop
  endfacet
  facet normal 0.953606 -0.301058 0
    outer loop
      vertex -15.6084 -12.8527 -8
      vertex -15.5493 -12.6655 -14
      vertex -15.5493 -12.6655 -8
    endloop
  endfacet
  facet normal 0.953606 -0.301058 0
    outer loop
      vertex -15.5493 -12.6655 -14
      vertex -15.6084 -12.8527 -8
      vertex -15.6084 -12.8527 -14
    endloop
  endfacet
  facet normal -0.99904 -0.0438131 0
    outer loop
      vertex -11.185 -13.435 -14
      vertex -11.1936 -13.2389 -8
      vertex -11.1936 -13.2389 -14
    endloop
  endfacet
  facet normal -0.99904 -0.0438131 0
    outer loop
      vertex -11.1936 -13.2389 -8
      vertex -11.185 -13.435 -14
      vertex -11.185 -13.435 -8
    endloop
  endfacet
  facet normal 0.608849 -0.793286 0
    outer loop
      vertex -14.8813 -11.7114 -14
      vertex -14.7256 -11.5919 -8
      vertex -14.8813 -11.7114 -8
    endloop
  endfacet
  facet normal 0.608849 -0.793286 0
    outer loop
      vertex -14.7256 -11.5919 -8
      vertex -14.8813 -11.7114 -14
      vertex -14.7256 -11.5919 -14
    endloop
  endfacet
  facet normal -0.608849 -0.793286 0
    outer loop
      vertex -12.1445 -11.5919 -14
      vertex -11.9888 -11.7114 -8
      vertex -12.1445 -11.5919 -8
    endloop
  endfacet
  facet normal -0.608849 -0.793286 -0
    outer loop
      vertex -11.9888 -11.7114 -8
      vertex -12.1445 -11.5919 -14
      vertex -11.9888 -11.7114 -14
    endloop
  endfacet
  facet normal 0.536941 -0.84362 0
    outer loop
      vertex -14.7256 -11.5919 -14
      vertex -14.56 -11.4865 -8
      vertex -14.7256 -11.5919 -8
    endloop
  endfacet
  facet normal 0.536941 -0.84362 0
    outer loop
      vertex -14.56 -11.4865 -8
      vertex -14.7256 -11.5919 -14
      vertex -14.56 -11.4865 -14
    endloop
  endfacet
  facet normal 0.382697 -0.923874 0
    outer loop
      vertex -14.3859 -11.3958 -14
      vertex -14.2046 -11.3207 -8
      vertex -14.3859 -11.3958 -8
    endloop
  endfacet
  facet normal 0.382697 -0.923874 0
    outer loop
      vertex -14.2046 -11.3207 -8
      vertex -14.3859 -11.3958 -14
      vertex -14.2046 -11.3207 -14
    endloop
  endfacet
  facet normal -0.537535 0.843242 0
    outer loop
      vertex -12.1445 -15.2781 -14
      vertex -12.31 -15.3836 -8
      vertex -12.1445 -15.2781 -8
    endloop
  endfacet
  facet normal -0.537535 0.843242 0
    outer loop
      vertex -12.31 -15.3836 -8
      vertex -12.1445 -15.2781 -14
      vertex -12.31 -15.3836 -14
    endloop
  endfacet
  facet normal 0.999062 -0.0433046 0
    outer loop
      vertex -15.685 -13.435 -8
      vertex -15.6765 -13.2389 -14
      vertex -15.6765 -13.2389 -8
    endloop
  endfacet
  facet normal 0.999062 -0.0433046 0
    outer loop
      vertex -15.6765 -13.2389 -14
      vertex -15.685 -13.435 -8
      vertex -15.685 -13.435 -14
    endloop
  endfacet
  facet normal 0.991392 -0.130929 0
    outer loop
      vertex -15.6765 -13.2389 -8
      vertex -15.6508 -13.0443 -14
      vertex -15.6508 -13.0443 -8
    endloop
  endfacet
  facet normal 0.991392 -0.130929 0
    outer loop
      vertex -15.6508 -13.0443 -14
      vertex -15.6765 -13.2389 -8
      vertex -15.6765 -13.2389 -14
    endloop
  endfacet
  facet normal 0.953606 0.301058 0
    outer loop
      vertex -15.5493 -14.2046 -8
      vertex -15.6084 -14.0174 -14
      vertex -15.6084 -14.0174 -8
    endloop
  endfacet
  facet normal 0.953606 0.301058 0
    outer loop
      vertex -15.6084 -14.0174 -14
      vertex -15.5493 -14.2046 -8
      vertex -15.5493 -14.2046 -14
    endloop
  endfacet
  facet normal -0.843389 0.537304 0
    outer loop
      vertex 15.2781 -14.7256 -14
      vertex 15.3836 -14.56 -8
      vertex 15.3836 -14.56 -14
    endloop
  endfacet
  facet normal -0.843389 0.537304 0
    outer loop
      vertex 15.3836 -14.56 -8
      vertex 15.2781 -14.7256 -14
      vertex 15.2781 -14.7256 -8
    endloop
  endfacet
  facet normal -0.608849 0.793286 0
    outer loop
      vertex 14.8813 -15.1586 -14
      vertex 14.7256 -15.2781 -8
      vertex 14.8813 -15.1586 -8
    endloop
  endfacet
  facet normal -0.608849 0.793286 0
    outer loop
      vertex 14.7256 -15.2781 -8
      vertex 14.8813 -15.1586 -14
      vertex 14.7256 -15.2781 -14
    endloop
  endfacet
  facet normal -0.73726 0.675609 0
    outer loop
      vertex 15.026 -15.026 -14
      vertex 15.1586 -14.8813 -8
      vertex 15.1586 -14.8813 -14
    endloop
  endfacet
  facet normal -0.73726 0.675609 0
    outer loop
      vertex 15.1586 -14.8813 -8
      vertex 15.026 -15.026 -14
      vertex 15.026 -15.026 -8
    endloop
  endfacet
  facet normal 0.462026 -0.886866 0
    outer loop
      vertex 12.31 -11.4865 -14
      vertex 12.4841 -11.3958 -8
      vertex 12.31 -11.4865 -8
    endloop
  endfacet
  facet normal 0.462026 -0.886866 0
    outer loop
      vertex 12.4841 -11.3958 -8
      vertex 12.31 -11.4865 -14
      vertex 12.4841 -11.3958 -14
    endloop
  endfacet
  facet normal -0.608849 -0.793286 0
    outer loop
      vertex 14.7256 -11.5919 -14
      vertex 14.8813 -11.7114 -8
      vertex 14.7256 -11.5919 -8
    endloop
  endfacet
  facet normal -0.608849 -0.793286 -0
    outer loop
      vertex 14.8813 -11.7114 -8
      vertex 14.7256 -11.5919 -14
      vertex 14.8813 -11.7114 -14
    endloop
  endfacet
  facet normal 0.675356 -0.737492 0
    outer loop
      vertex 11.844 -11.844 -14
      vertex 11.9888 -11.7114 -8
      vertex 11.844 -11.844 -8
    endloop
  endfacet
  facet normal 0.675356 -0.737492 0
    outer loop
      vertex 11.9888 -11.7114 -8
      vertex 11.844 -11.844 -14
      vertex 11.9888 -11.7114 -14
    endloop
  endfacet
  facet normal -0.737492 -0.675356 0
    outer loop
      vertex 15.1586 -11.9888 -14
      vertex 15.026 -11.844 -8
      vertex 15.026 -11.844 -14
    endloop
  endfacet
  facet normal -0.737492 -0.675356 0
    outer loop
      vertex 15.026 -11.844 -8
      vertex 15.1586 -11.9888 -14
      vertex 15.1586 -11.9888 -8
    endloop
  endfacet
  facet normal -0.923874 0.382697 0
    outer loop
      vertex 15.4742 -14.3859 -14
      vertex 15.5493 -14.2046 -8
      vertex 15.5493 -14.2046 -14
    endloop
  endfacet
  facet normal -0.923874 0.382697 0
    outer loop
      vertex 15.5493 -14.2046 -8
      vertex 15.4742 -14.3859 -14
      vertex 15.4742 -14.3859 -8
    endloop
  endfacet
  facet normal 0.608849 0.793286 -0
    outer loop
      vertex 12.1445 -15.2781 -14
      vertex 11.9888 -15.1586 -8
      vertex 12.1445 -15.2781 -8
    endloop
  endfacet
  facet normal 0.608849 0.793286 0
    outer loop
      vertex 11.9888 -15.1586 -8
      vertex 12.1445 -15.2781 -14
      vertex 11.9888 -15.1586 -14
    endloop
  endfacet
  facet normal -0.130428 -0.991458 0
    outer loop
      vertex 13.6311 -11.1936 -14
      vertex 13.8257 -11.2192 -8
      vertex 13.6311 -11.1936 -8
    endloop
  endfacet
  facet normal -0.130428 -0.991458 -0
    outer loop
      vertex 13.8257 -11.2192 -8
      vertex 13.6311 -11.1936 -14
      vertex 13.8257 -11.2192 -14
    endloop
  endfacet
  facet normal 0.300595 -0.953752 0
    outer loop
      vertex 12.6655 -11.3207 -14
      vertex 12.8527 -11.2617 -8
      vertex 12.6655 -11.3207 -8
    endloop
  endfacet
  facet normal 0.300595 -0.953752 0
    outer loop
      vertex 12.8527 -11.2617 -8
      vertex 12.6655 -11.3207 -14
      vertex 12.8527 -11.2617 -14
    endloop
  endfacet
  facet normal -0.0433046 0.999062 0
    outer loop
      vertex 13.6311 -15.6765 -14
      vertex 13.435 -15.685 -8
      vertex 13.6311 -15.6765 -8
    endloop
  endfacet
  facet normal -0.0433046 0.999062 0
    outer loop
      vertex 13.435 -15.685 -8
      vertex 13.6311 -15.6765 -14
      vertex 13.435 -15.685 -14
    endloop
  endfacet
  facet normal -0.536941 -0.84362 0
    outer loop
      vertex 14.56 -11.4865 -14
      vertex 14.7256 -11.5919 -8
      vertex 14.56 -11.4865 -8
    endloop
  endfacet
  facet normal -0.536941 -0.84362 -0
    outer loop
      vertex 14.7256 -11.5919 -8
      vertex 14.56 -11.4865 -14
      vertex 14.7256 -11.5919 -14
    endloop
  endfacet
  facet normal 0.73726 0.675609 0
    outer loop
      vertex 11.844 -15.026 -8
      vertex 11.7114 -14.8813 -14
      vertex 11.7114 -14.8813 -8
    endloop
  endfacet
  facet normal 0.73726 0.675609 0
    outer loop
      vertex 11.7114 -14.8813 -14
      vertex 11.844 -15.026 -8
      vertex 11.844 -15.026 -14
    endloop
  endfacet
  facet normal -0.976379 -0.216067 0
    outer loop
      vertex 15.6508 -13.0443 -14
      vertex 15.6084 -12.8527 -8
      vertex 15.6084 -12.8527 -14
    endloop
  endfacet
  facet normal -0.976379 -0.216067 0
    outer loop
      vertex 15.6084 -12.8527 -8
      vertex 15.6508 -13.0443 -14
      vertex 15.6508 -13.0443 -8
    endloop
  endfacet
  facet normal 0.953752 -0.300595 0
    outer loop
      vertex 11.2617 -12.8527 -8
      vertex 11.3207 -12.6655 -14
      vertex 11.3207 -12.6655 -8
    endloop
  endfacet
  facet normal 0.953752 -0.300595 0
    outer loop
      vertex 11.3207 -12.6655 -14
      vertex 11.2617 -12.8527 -8
      vertex 11.2617 -12.8527 -14
    endloop
  endfacet
  facet normal -0.923949 -0.382517 0
    outer loop
      vertex 15.5493 -12.6655 -14
      vertex 15.4742 -12.4841 -8
      vertex 15.4742 -12.4841 -14
    endloop
  endfacet
  facet normal -0.923949 -0.382517 0
    outer loop
      vertex 15.4742 -12.4841 -8
      vertex 15.5493 -12.6655 -14
      vertex 15.5493 -12.6655 -8
    endloop
  endfacet
  facet normal 0.793286 0.608849 0
    outer loop
      vertex 11.7114 -14.8813 -8
      vertex 11.5919 -14.7256 -14
      vertex 11.5919 -14.7256 -8
    endloop
  endfacet
  facet normal 0.793286 0.608849 0
    outer loop
      vertex 11.5919 -14.7256 -14
      vertex 11.7114 -14.8813 -8
      vertex 11.7114 -14.8813 -14
    endloop
  endfacet
  facet normal 0.886866 -0.462026 0
    outer loop
      vertex 11.3958 -12.4841 -8
      vertex 11.4865 -12.31 -14
      vertex 11.4865 -12.31 -8
    endloop
  endfacet
  facet normal 0.886866 -0.462026 0
    outer loop
      vertex 11.4865 -12.31 -14
      vertex 11.3958 -12.4841 -8
      vertex 11.3958 -12.4841 -14
    endloop
  endfacet
  facet normal -0.461625 0.887075 0
    outer loop
      vertex 14.56 -15.3836 -14
      vertex 14.3859 -15.4742 -8
      vertex 14.56 -15.3836 -8
    endloop
  endfacet
  facet normal -0.461625 0.887075 0
    outer loop
      vertex 14.3859 -15.4742 -8
      vertex 14.56 -15.3836 -14
      vertex 14.3859 -15.4742 -14
    endloop
  endfacet
  facet normal -0.976402 0.21596 0
    outer loop
      vertex 15.6084 -14.0174 -14
      vertex 15.6508 -13.8257 -8
      vertex 15.6508 -13.8257 -14
    endloop
  endfacet
  facet normal -0.976402 0.21596 0
    outer loop
      vertex 15.6508 -13.8257 -8
      vertex 15.6084 -14.0174 -14
      vertex 15.6084 -14.0174 -8
    endloop
  endfacet
  facet normal -0.382697 -0.923874 0
    outer loop
      vertex 14.2046 -11.3207 -14
      vertex 14.3859 -11.3958 -8
      vertex 14.2046 -11.3207 -8
    endloop
  endfacet
  facet normal -0.382697 -0.923874 -0
    outer loop
      vertex 14.3859 -11.3958 -8
      vertex 14.2046 -11.3207 -14
      vertex 14.3859 -11.3958 -14
    endloop
  endfacet
  facet normal 0.537535 0.843242 -0
    outer loop
      vertex 12.31 -15.3836 -14
      vertex 12.1445 -15.2781 -8
      vertex 12.31 -15.3836 -8
    endloop
  endfacet
  facet normal 0.537535 0.843242 0
    outer loop
      vertex 12.1445 -15.2781 -8
      vertex 12.31 -15.3836 -14
      vertex 12.1445 -15.2781 -14
    endloop
  endfacet
  facet normal 0.923949 -0.382517 0
    outer loop
      vertex 11.3207 -12.6655 -8
      vertex 11.3958 -12.4841 -14
      vertex 11.3958 -12.4841 -8
    endloop
  endfacet
  facet normal 0.923949 -0.382517 0
    outer loop
      vertex 11.3958 -12.4841 -14
      vertex 11.3207 -12.6655 -8
      vertex 11.3207 -12.6655 -14
    endloop
  endfacet
  facet normal 0.953752 0.300595 0
    outer loop
      vertex 11.3207 -14.2046 -8
      vertex 11.2617 -14.0174 -14
      vertex 11.2617 -14.0174 -8
    endloop
  endfacet
  facet normal 0.953752 0.300595 0
    outer loop
      vertex 11.2617 -14.0174 -14
      vertex 11.3207 -14.2046 -8
      vertex 11.3207 -14.2046 -14
    endloop
  endfacet
  facet normal -0.793286 0.608849 0
    outer loop
      vertex 15.1586 -14.8813 -14
      vertex 15.2781 -14.7256 -8
      vertex 15.2781 -14.7256 -14
    endloop
  endfacet
  facet normal -0.793286 0.608849 0
    outer loop
      vertex 15.2781 -14.7256 -8
      vertex 15.1586 -14.8813 -14
      vertex 15.1586 -14.8813 -8
    endloop
  endfacet
  facet normal 0.130929 0.991392 -0
    outer loop
      vertex 13.2389 -15.6765 -14
      vertex 13.0443 -15.6508 -8
      vertex 13.2389 -15.6765 -8
    endloop
  endfacet
  facet normal 0.130929 0.991392 0
    outer loop
      vertex 13.0443 -15.6508 -8
      vertex 13.2389 -15.6765 -14
      vertex 13.0443 -15.6508 -14
    endloop
  endfacet
  facet normal 0.84362 0.536941 0
    outer loop
      vertex 11.5919 -14.7256 -8
      vertex 11.4865 -14.56 -14
      vertex 11.4865 -14.56 -8
    endloop
  endfacet
  facet normal 0.84362 0.536941 0
    outer loop
      vertex 11.4865 -14.56 -14
      vertex 11.5919 -14.7256 -8
      vertex 11.5919 -14.7256 -14
    endloop
  endfacet
  facet normal -0.675609 0.73726 0
    outer loop
      vertex 15.026 -15.026 -14
      vertex 14.8813 -15.1586 -8
      vertex 15.026 -15.026 -8
    endloop
  endfacet
  facet normal -0.675609 0.73726 0
    outer loop
      vertex 14.8813 -15.1586 -8
      vertex 15.026 -15.026 -14
      vertex 14.8813 -15.1586 -14
    endloop
  endfacet
  facet normal -0.21596 0.976402 0
    outer loop
      vertex 14.0174 -15.6084 -14
      vertex 13.8257 -15.6508 -8
      vertex 14.0174 -15.6084 -8
    endloop
  endfacet
  facet normal -0.21596 0.976402 0
    outer loop
      vertex 13.8257 -15.6508 -8
      vertex 14.0174 -15.6084 -14
      vertex 13.8257 -15.6508 -14
    endloop
  endfacet
  facet normal 0.382517 0.923949 -0
    outer loop
      vertex 12.6655 -15.5493 -14
      vertex 12.4841 -15.4742 -8
      vertex 12.6655 -15.5493 -8
    endloop
  endfacet
  facet normal 0.382517 0.923949 0
    outer loop
      vertex 12.4841 -15.4742 -8
      vertex 12.6655 -15.5493 -14
      vertex 12.4841 -15.4742 -14
    endloop
  endfacet
  facet normal 0.99904 -0.0438131 0
    outer loop
      vertex 11.185 -13.435 -8
      vertex 11.1936 -13.2389 -14
      vertex 11.1936 -13.2389 -8
    endloop
  endfacet
  facet normal 0.99904 -0.0438131 0
    outer loop
      vertex 11.1936 -13.2389 -14
      vertex 11.185 -13.435 -8
      vertex 11.185 -13.435 -14
    endloop
  endfacet
  facet normal -0.953606 -0.301058 0
    outer loop
      vertex 15.6084 -12.8527 -14
      vertex 15.5493 -12.6655 -8
      vertex 15.5493 -12.6655 -14
    endloop
  endfacet
  facet normal -0.953606 -0.301058 0
    outer loop
      vertex 15.5493 -12.6655 -8
      vertex 15.6084 -12.8527 -14
      vertex 15.6084 -12.8527 -8
    endloop
  endfacet
  facet normal 0.216553 -0.976271 0
    outer loop
      vertex 12.8527 -11.2617 -14
      vertex 13.0443 -11.2192 -8
      vertex 12.8527 -11.2617 -8
    endloop
  endfacet
  facet normal 0.216553 -0.976271 0
    outer loop
      vertex 13.0443 -11.2192 -8
      vertex 12.8527 -11.2617 -14
      vertex 13.0443 -11.2192 -14
    endloop
  endfacet
  facet normal -0.999062 -0.0433046 0
    outer loop
      vertex 15.685 -13.435 -14
      vertex 15.6765 -13.2389 -8
      vertex 15.6765 -13.2389 -14
    endloop
  endfacet
  facet normal -0.999062 -0.0433046 0
    outer loop
      vertex 15.6765 -13.2389 -8
      vertex 15.685 -13.435 -14
      vertex 15.685 -13.435 -8
    endloop
  endfacet
  facet normal -0.991392 -0.130929 0
    outer loop
      vertex 15.6765 -13.2389 -14
      vertex 15.6508 -13.0443 -8
      vertex 15.6508 -13.0443 -14
    endloop
  endfacet
  facet normal -0.991392 -0.130929 0
    outer loop
      vertex 15.6508 -13.0443 -8
      vertex 15.6765 -13.2389 -14
      vertex 15.6765 -13.2389 -8
    endloop
  endfacet
  facet normal 0.675356 0.737492 -0
    outer loop
      vertex 11.9888 -15.1586 -14
      vertex 11.844 -15.026 -8
      vertex 11.9888 -15.1586 -8
    endloop
  endfacet
  facet normal 0.675356 0.737492 0
    outer loop
      vertex 11.844 -15.026 -8
      vertex 11.9888 -15.1586 -14
      vertex 11.844 -15.026 -14
    endloop
  endfacet
  facet normal -0.887075 0.461625 0
    outer loop
      vertex 15.3836 -14.56 -14
      vertex 15.4742 -14.3859 -8
      vertex 15.4742 -14.3859 -14
    endloop
  endfacet
  facet normal -0.887075 0.461625 0
    outer loop
      vertex 15.4742 -14.3859 -8
      vertex 15.3836 -14.56 -14
      vertex 15.3836 -14.56 -8
    endloop
  endfacet
  facet normal -0.130929 0.991392 0
    outer loop
      vertex 13.8257 -15.6508 -14
      vertex 13.6311 -15.6765 -8
      vertex 13.8257 -15.6508 -8
    endloop
  endfacet
  facet normal -0.130929 0.991392 0
    outer loop
      vertex 13.6311 -15.6765 -8
      vertex 13.8257 -15.6508 -14
      vertex 13.6311 -15.6765 -14
    endloop
  endfacet
  facet normal -0.887075 -0.461625 0
    outer loop
      vertex 15.4742 -12.4841 -14
      vertex 15.3836 -12.31 -8
      vertex 15.3836 -12.31 -14
    endloop
  endfacet
  facet normal -0.887075 -0.461625 0
    outer loop
      vertex 15.3836 -12.31 -8
      vertex 15.4742 -12.4841 -14
      vertex 15.4742 -12.4841 -8
    endloop
  endfacet
  facet normal -0.991392 0.130929 0
    outer loop
      vertex 15.6508 -13.8257 -14
      vertex 15.6765 -13.6311 -8
      vertex 15.6765 -13.6311 -14
    endloop
  endfacet
  facet normal -0.991392 0.130929 0
    outer loop
      vertex 15.6765 -13.6311 -8
      vertex 15.6508 -13.8257 -14
      vertex 15.6508 -13.8257 -8
    endloop
  endfacet
  facet normal 0.991458 0.130428 0
    outer loop
      vertex 11.2192 -13.8257 -8
      vertex 11.1936 -13.6311 -14
      vertex 11.1936 -13.6311 -8
    endloop
  endfacet
  facet normal 0.991458 0.130428 0
    outer loop
      vertex 11.1936 -13.6311 -14
      vertex 11.2192 -13.8257 -8
      vertex 11.2192 -13.8257 -14
    endloop
  endfacet
  facet normal -0.793286 -0.608849 0
    outer loop
      vertex 15.2781 -12.1445 -14
      vertex 15.1586 -11.9888 -8
      vertex 15.1586 -11.9888 -14
    endloop
  endfacet
  facet normal -0.793286 -0.608849 0
    outer loop
      vertex 15.1586 -11.9888 -8
      vertex 15.2781 -12.1445 -14
      vertex 15.2781 -12.1445 -8
    endloop
  endfacet
  facet normal 0.608849 -0.793286 0
    outer loop
      vertex 11.9888 -11.7114 -14
      vertex 12.1445 -11.5919 -8
      vertex 11.9888 -11.7114 -8
    endloop
  endfacet
  facet normal 0.608849 -0.793286 0
    outer loop
      vertex 12.1445 -11.5919 -8
      vertex 11.9888 -11.7114 -14
      vertex 12.1445 -11.5919 -14
    endloop
  endfacet
  facet normal -0.537304 0.843389 0
    outer loop
      vertex 14.7256 -15.2781 -14
      vertex 14.56 -15.3836 -8
      vertex 14.7256 -15.2781 -8
    endloop
  endfacet
  facet normal -0.537304 0.843389 0
    outer loop
      vertex 14.56 -15.3836 -8
      vertex 14.7256 -15.2781 -14
      vertex 14.56 -15.3836 -14
    endloop
  endfacet
  facet normal 0.886866 0.462026 0
    outer loop
      vertex 11.4865 -14.56 -8
      vertex 11.3958 -14.3859 -14
      vertex 11.3958 -14.3859 -8
    endloop
  endfacet
  facet normal 0.886866 0.462026 0
    outer loop
      vertex 11.3958 -14.3859 -14
      vertex 11.4865 -14.56 -8
      vertex 11.4865 -14.56 -14
    endloop
  endfacet
  facet normal -0.953606 0.301058 0
    outer loop
      vertex 15.5493 -14.2046 -14
      vertex 15.6084 -14.0174 -8
      vertex 15.6084 -14.0174 -14
    endloop
  endfacet
  facet normal -0.953606 0.301058 0
    outer loop
      vertex 15.6084 -14.0174 -8
      vertex 15.5493 -14.2046 -14
      vertex 15.5493 -14.2046 -8
    endloop
  endfacet
  facet normal -0.462026 -0.886866 0
    outer loop
      vertex 14.3859 -11.3958 -14
      vertex 14.56 -11.4865 -8
      vertex 14.3859 -11.3958 -8
    endloop
  endfacet
  facet normal -0.462026 -0.886866 -0
    outer loop
      vertex 14.56 -11.4865 -8
      vertex 14.3859 -11.3958 -14
      vertex 14.56 -11.4865 -14
    endloop
  endfacet
  facet normal -0.0438131 -0.99904 0
    outer loop
      vertex 13.435 -11.185 -14
      vertex 13.6311 -11.1936 -8
      vertex 13.435 -11.185 -8
    endloop
  endfacet
  facet normal -0.0438131 -0.99904 -0
    outer loop
      vertex 13.6311 -11.1936 -8
      vertex 13.435 -11.185 -14
      vertex 13.6311 -11.1936 -14
    endloop
  endfacet
  facet normal 0.99904 0.0438131 0
    outer loop
      vertex 11.1936 -13.6311 -8
      vertex 11.185 -13.435 -14
      vertex 11.185 -13.435 -8
    endloop
  endfacet
  facet normal 0.99904 0.0438131 0
    outer loop
      vertex 11.185 -13.435 -14
      vertex 11.1936 -13.6311 -8
      vertex 11.1936 -13.6311 -14
    endloop
  endfacet
  facet normal -0.216445 -0.976295 0
    outer loop
      vertex 13.8257 -11.2192 -14
      vertex 14.0174 -11.2617 -8
      vertex 13.8257 -11.2192 -8
    endloop
  endfacet
  facet normal -0.216445 -0.976295 -0
    outer loop
      vertex 14.0174 -11.2617 -8
      vertex 13.8257 -11.2192 -14
      vertex 14.0174 -11.2617 -14
    endloop
  endfacet
  facet normal 0.130428 -0.991458 0
    outer loop
      vertex 13.0443 -11.2192 -14
      vertex 13.2389 -11.1936 -8
      vertex 13.0443 -11.2192 -8
    endloop
  endfacet
  facet normal 0.130428 -0.991458 0
    outer loop
      vertex 13.2389 -11.1936 -8
      vertex 13.0443 -11.2192 -14
      vertex 13.2389 -11.1936 -14
    endloop
  endfacet
  facet normal -0.675609 -0.73726 0
    outer loop
      vertex 14.8813 -11.7114 -14
      vertex 15.026 -11.844 -8
      vertex 14.8813 -11.7114 -8
    endloop
  endfacet
  facet normal -0.675609 -0.73726 -0
    outer loop
      vertex 15.026 -11.844 -8
      vertex 14.8813 -11.7114 -14
      vertex 15.026 -11.844 -14
    endloop
  endfacet
  facet normal 0.843473 -0.537172 0
    outer loop
      vertex 11.4865 -12.31 -8
      vertex 11.5919 -12.1445 -14
      vertex 11.5919 -12.1445 -8
    endloop
  endfacet
  facet normal 0.843473 -0.537172 0
    outer loop
      vertex 11.5919 -12.1445 -14
      vertex 11.4865 -12.31 -8
      vertex 11.4865 -12.31 -14
    endloop
  endfacet
  facet normal -0.300595 -0.953752 0
    outer loop
      vertex 14.0174 -11.2617 -14
      vertex 14.2046 -11.3207 -8
      vertex 14.0174 -11.2617 -8
    endloop
  endfacet
  facet normal -0.300595 -0.953752 -0
    outer loop
      vertex 14.2046 -11.3207 -8
      vertex 14.0174 -11.2617 -14
      vertex 14.2046 -11.3207 -14
    endloop
  endfacet
  facet normal -0.999062 0.0433046 0
    outer loop
      vertex 15.6765 -13.6311 -14
      vertex 15.685 -13.435 -8
      vertex 15.685 -13.435 -14
    endloop
  endfacet
  facet normal -0.999062 0.0433046 0
    outer loop
      vertex 15.685 -13.435 -8
      vertex 15.6765 -13.6311 -14
      vertex 15.6765 -13.6311 -8
    endloop
  endfacet
  facet normal 0.991458 -0.130428 0
    outer loop
      vertex 11.1936 -13.2389 -8
      vertex 11.2192 -13.0443 -14
      vertex 11.2192 -13.0443 -8
    endloop
  endfacet
  facet normal 0.991458 -0.130428 0
    outer loop
      vertex 11.2192 -13.0443 -14
      vertex 11.1936 -13.2389 -8
      vertex 11.1936 -13.2389 -14
    endloop
  endfacet
  facet normal 0.461625 0.887075 -0
    outer loop
      vertex 12.4841 -15.4742 -14
      vertex 12.31 -15.3836 -8
      vertex 12.4841 -15.4742 -8
    endloop
  endfacet
  facet normal 0.461625 0.887075 0
    outer loop
      vertex 12.31 -15.3836 -8
      vertex 12.4841 -15.4742 -14
      vertex 12.31 -15.3836 -14
    endloop
  endfacet
  facet normal -0.382697 0.923874 0
    outer loop
      vertex 14.3859 -15.4742 -14
      vertex 14.2046 -15.5493 -8
      vertex 14.3859 -15.4742 -8
    endloop
  endfacet
  facet normal -0.382697 0.923874 0
    outer loop
      vertex 14.2046 -15.5493 -8
      vertex 14.3859 -15.4742 -14
      vertex 14.2046 -15.5493 -14
    endloop
  endfacet
  facet normal 0.382517 -0.923949 0
    outer loop
      vertex 12.4841 -11.3958 -14
      vertex 12.6655 -11.3207 -8
      vertex 12.4841 -11.3958 -8
    endloop
  endfacet
  facet normal 0.382517 -0.923949 0
    outer loop
      vertex 12.6655 -11.3207 -8
      vertex 12.4841 -11.3958 -14
      vertex 12.6655 -11.3207 -14
    endloop
  endfacet
  facet normal 0.301058 0.953606 -0
    outer loop
      vertex 12.8527 -15.6084 -14
      vertex 12.6655 -15.5493 -8
      vertex 12.8527 -15.6084 -8
    endloop
  endfacet
  facet normal 0.301058 0.953606 0
    outer loop
      vertex 12.6655 -15.5493 -8
      vertex 12.8527 -15.6084 -14
      vertex 12.6655 -15.5493 -14
    endloop
  endfacet
  facet normal 0.737492 -0.675356 0
    outer loop
      vertex 11.7114 -11.9888 -8
      vertex 11.844 -11.844 -14
      vertex 11.844 -11.844 -8
    endloop
  endfacet
  facet normal 0.737492 -0.675356 0
    outer loop
      vertex 11.844 -11.844 -14
      vertex 11.7114 -11.9888 -8
      vertex 11.7114 -11.9888 -14
    endloop
  endfacet
  facet normal 0.216067 0.976379 -0
    outer loop
      vertex 13.0443 -15.6508 -14
      vertex 12.8527 -15.6084 -8
      vertex 13.0443 -15.6508 -8
    endloop
  endfacet
  facet normal 0.216067 0.976379 0
    outer loop
      vertex 12.8527 -15.6084 -8
      vertex 13.0443 -15.6508 -14
      vertex 12.8527 -15.6084 -14
    endloop
  endfacet
  facet normal 0.537172 -0.843473 0
    outer loop
      vertex 12.1445 -11.5919 -14
      vertex 12.31 -11.4865 -8
      vertex 12.1445 -11.5919 -8
    endloop
  endfacet
  facet normal 0.537172 -0.843473 0
    outer loop
      vertex 12.31 -11.4865 -8
      vertex 12.1445 -11.5919 -14
      vertex 12.31 -11.4865 -14
    endloop
  endfacet
  facet normal 0.0438131 -0.99904 0
    outer loop
      vertex 13.2389 -11.1936 -14
      vertex 13.435 -11.185 -8
      vertex 13.2389 -11.1936 -8
    endloop
  endfacet
  facet normal 0.0438131 -0.99904 0
    outer loop
      vertex 13.435 -11.185 -8
      vertex 13.2389 -11.1936 -14
      vertex 13.435 -11.185 -14
    endloop
  endfacet
  facet normal 0.976271 -0.216553 0
    outer loop
      vertex 11.2192 -13.0443 -8
      vertex 11.2617 -12.8527 -14
      vertex 11.2617 -12.8527 -8
    endloop
  endfacet
  facet normal 0.976271 -0.216553 0
    outer loop
      vertex 11.2617 -12.8527 -14
      vertex 11.2192 -13.0443 -8
      vertex 11.2192 -13.0443 -14
    endloop
  endfacet
  facet normal 0.923874 0.382697 0
    outer loop
      vertex 11.3958 -14.3859 -8
      vertex 11.3207 -14.2046 -14
      vertex 11.3207 -14.2046 -8
    endloop
  endfacet
  facet normal 0.923874 0.382697 0
    outer loop
      vertex 11.3207 -14.2046 -14
      vertex 11.3958 -14.3859 -8
      vertex 11.3958 -14.3859 -14
    endloop
  endfacet
  facet normal 0.793286 -0.608849 0
    outer loop
      vertex 11.5919 -12.1445 -8
      vertex 11.7114 -11.9888 -14
      vertex 11.7114 -11.9888 -8
    endloop
  endfacet
  facet normal 0.793286 -0.608849 0
    outer loop
      vertex 11.7114 -11.9888 -14
      vertex 11.5919 -12.1445 -8
      vertex 11.5919 -12.1445 -14
    endloop
  endfacet
  facet normal -0.843242 -0.537535 0
    outer loop
      vertex 15.3836 -12.31 -14
      vertex 15.2781 -12.1445 -8
      vertex 15.2781 -12.1445 -14
    endloop
  endfacet
  facet normal -0.843242 -0.537535 0
    outer loop
      vertex 15.2781 -12.1445 -8
      vertex 15.3836 -12.31 -14
      vertex 15.3836 -12.31 -8
    endloop
  endfacet
  facet normal 0.0433046 0.999062 -0
    outer loop
      vertex 13.435 -15.685 -14
      vertex 13.2389 -15.6765 -8
      vertex 13.435 -15.685 -8
    endloop
  endfacet
  facet normal 0.0433046 0.999062 0
    outer loop
      vertex 13.2389 -15.6765 -8
      vertex 13.435 -15.685 -14
      vertex 13.2389 -15.6765 -14
    endloop
  endfacet
  facet normal 0.976295 0.216445 0
    outer loop
      vertex 11.2617 -14.0174 -8
      vertex 11.2192 -13.8257 -14
      vertex 11.2192 -13.8257 -8
    endloop
  endfacet
  facet normal 0.976295 0.216445 0
    outer loop
      vertex 11.2192 -13.8257 -14
      vertex 11.2617 -14.0174 -8
      vertex 11.2617 -14.0174 -14
    endloop
  endfacet
  facet normal -0.301058 0.953606 0
    outer loop
      vertex 14.2046 -15.5493 -14
      vertex 14.0174 -15.6084 -8
      vertex 14.2046 -15.5493 -8
    endloop
  endfacet
  facet normal -0.301058 0.953606 0
    outer loop
      vertex 14.0174 -15.6084 -8
      vertex 14.2046 -15.5493 -14
      vertex 14.0174 -15.6084 -14
    endloop
  endfacet
  facet normal 0.130042 0 0.991508
    outer loop
      vertex -41.4526 -60.0532 -36.2651
      vertex -41.2536 -63.0532 -36.2912
      vertex -41.2536 -60.0532 -36.2912
    endloop
  endfacet
  facet normal 0.130042 0 0.991508
    outer loop
      vertex -41.2536 -63.0532 -36.2912
      vertex -41.4526 -60.0532 -36.2651
      vertex -41.4526 -63.0532 -36.2651
    endloop
  endfacet
  facet normal -0.991436 0 0.130596
    outer loop
      vertex -38.7881 -63.0532 -34.3994
      vertex -38.7619 -60.0532 -34.2005
      vertex -38.7881 -60.0532 -34.3994
    endloop
  endfacet
  facet normal -0.991436 0 0.130596
    outer loop
      vertex -38.7619 -60.0532 -34.2005
      vertex -38.7881 -63.0532 -34.3994
      vertex -38.7619 -63.0532 -34.2005
    endloop
  endfacet
  facet normal -0.99906 0 0.0433507
    outer loop
      vertex -38.7619 -63.0532 -34.2005
      vertex -38.7532 -60.0532 -34
      vertex -38.7619 -60.0532 -34.2005
    endloop
  endfacet
  facet normal -0.99906 0 0.0433507
    outer loop
      vertex -38.7532 -60.0532 -34
      vertex -38.7619 -63.0532 -34.2005
      vertex -38.7532 -63.0532 -34
    endloop
  endfacet
  facet normal -0.976328 0 0.216297
    outer loop
      vertex -38.8315 -63.0532 -34.5953
      vertex -38.7881 -60.0532 -34.3994
      vertex -38.8315 -60.0532 -34.5953
    endloop
  endfacet
  facet normal -0.976328 0 0.216297
    outer loop
      vertex -38.7881 -60.0532 -34.3994
      vertex -38.8315 -63.0532 -34.5953
      vertex -38.7881 -63.0532 -34.3994
    endloop
  endfacet
  facet normal -0.99906 0 -0.0433507
    outer loop
      vertex -38.7532 -63.0532 -34
      vertex -38.7619 -60.0532 -33.7995
      vertex -38.7532 -60.0532 -34
    endloop
  endfacet
  facet normal -0.99906 -0 -0.0433507
    outer loop
      vertex -38.7619 -60.0532 -33.7995
      vertex -38.7532 -63.0532 -34
      vertex -38.7619 -63.0532 -33.7995
    endloop
  endfacet
  facet normal 0.608578 0 -0.793494
    outer loop
      vertex -42.5316 -63.0532 -32.2381
      vertex -42.3724 -60.0532 -32.116
      vertex -42.3724 -63.0532 -32.116
    endloop
  endfacet
  facet normal 0.608578 0 -0.793494
    outer loop
      vertex -42.3724 -60.0532 -32.116
      vertex -42.5316 -63.0532 -32.2381
      vertex -42.5316 -60.0532 -32.2381
    endloop
  endfacet
  facet normal 0.953741 -0 0.30063
    outer loop
      vertex -43.2748 -63.0532 -34.5953
      vertex -43.2145 -60.0532 -34.7866
      vertex -43.2748 -60.0532 -34.5953
    endloop
  endfacet
  facet normal 0.953741 0 0.30063
    outer loop
      vertex -43.2145 -60.0532 -34.7866
      vertex -43.2748 -63.0532 -34.5953
      vertex -43.2145 -63.0532 -34.7866
    endloop
  endfacet
  facet normal -0.675544 0 0.73732
    outer loop
      vertex -39.5748 -60.0532 -35.7619
      vertex -39.4268 -63.0532 -35.6263
      vertex -39.4268 -60.0532 -35.6263
    endloop
  endfacet
  facet normal -0.675544 0 0.73732
    outer loop
      vertex -39.4268 -63.0532 -35.6263
      vertex -39.5748 -60.0532 -35.7619
      vertex -39.5748 -63.0532 -35.7619
    endloop
  endfacet
  facet normal 0.953741 0 -0.30063
    outer loop
      vertex -43.2145 -63.0532 -33.2134
      vertex -43.2748 -60.0532 -33.4047
      vertex -43.2145 -60.0532 -33.2134
    endloop
  endfacet
  facet normal 0.953741 0 -0.30063
    outer loop
      vertex -43.2748 -60.0532 -33.4047
      vertex -43.2145 -63.0532 -33.2134
      vertex -43.2748 -63.0532 -33.4047
    endloop
  endfacet
  facet normal 0.793494 0 -0.608578
    outer loop
      vertex -42.8151 -63.0532 -32.5216
      vertex -42.9372 -60.0532 -32.6808
      vertex -42.8151 -60.0532 -32.5216
    endloop
  endfacet
  facet normal 0.793494 0 -0.608578
    outer loop
      vertex -42.9372 -60.0532 -32.6808
      vertex -42.8151 -63.0532 -32.5216
      vertex -42.9372 -63.0532 -32.6808
    endloop
  endfacet
  facet normal -0.38288 0 0.923798
    outer loop
      vertex -40.2665 -60.0532 -36.1613
      vertex -40.0812 -63.0532 -36.0845
      vertex -40.0812 -60.0532 -36.0845
    endloop
  endfacet
  facet normal -0.38288 0 0.923798
    outer loop
      vertex -40.0812 -63.0532 -36.0845
      vertex -40.2665 -60.0532 -36.1613
      vertex -40.2665 -63.0532 -36.1613
    endloop
  endfacet
  facet normal -0.843374 0 -0.537327
    outer loop
      vertex -39.0613 -63.0532 -32.85
      vertex -39.1691 -60.0532 -32.6808
      vertex -39.0613 -60.0532 -32.85
    endloop
  endfacet
  facet normal -0.843374 -0 -0.537327
    outer loop
      vertex -39.1691 -60.0532 -32.6808
      vertex -39.0613 -63.0532 -32.85
      vertex -39.1691 -63.0532 -32.6808
    endloop
  endfacet
  facet normal -0.73734 0 0.675521
    outer loop
      vertex -39.4268 -63.0532 -35.6263
      vertex -39.2913 -60.0532 -35.4784
      vertex -39.4268 -60.0532 -35.6263
    endloop
  endfacet
  facet normal -0.73734 0 0.675521
    outer loop
      vertex -39.2913 -60.0532 -35.4784
      vertex -39.4268 -63.0532 -35.6263
      vertex -39.2913 -63.0532 -35.4784
    endloop
  endfacet
  facet normal -0.793253 0 0.608892
    outer loop
      vertex -39.2913 -63.0532 -35.4784
      vertex -39.1691 -60.0532 -35.3192
      vertex -39.2913 -60.0532 -35.4784
    endloop
  endfacet
  facet normal -0.793253 0 0.608892
    outer loop
      vertex -39.1691 -60.0532 -35.3192
      vertex -39.2913 -63.0532 -35.4784
      vertex -39.1691 -63.0532 -35.3192
    endloop
  endfacet
  facet normal -0.537456 0 0.843292
    outer loop
      vertex -39.9032 -60.0532 -35.9919
      vertex -39.7339 -63.0532 -35.884
      vertex -39.7339 -60.0532 -35.884
    endloop
  endfacet
  facet normal -0.537456 0 0.843292
    outer loop
      vertex -39.7339 -63.0532 -35.884
      vertex -39.9032 -60.0532 -35.9919
      vertex -39.9032 -63.0532 -35.9919
    endloop
  endfacet
  facet normal -0.216772 0 0.976222
    outer loop
      vertex -40.6538 -60.0532 -36.2651
      vertex -40.4579 -63.0532 -36.2216
      vertex -40.4579 -60.0532 -36.2216
    endloop
  endfacet
  facet normal -0.216772 0 0.976222
    outer loop
      vertex -40.4579 -63.0532 -36.2216
      vertex -40.6538 -60.0532 -36.2651
      vertex -40.6538 -63.0532 -36.2651
    endloop
  endfacet
  facet normal 0.0438699 0 -0.999037
    outer loop
      vertex -41.2536 -63.0532 -31.7088
      vertex -41.0532 -60.0532 -31.7
      vertex -41.0532 -63.0532 -31.7
    endloop
  endfacet
  facet normal 0.0438699 0 -0.999037
    outer loop
      vertex -41.0532 -60.0532 -31.7
      vertex -41.2536 -63.0532 -31.7088
      vertex -41.2536 -60.0532 -31.7088
    endloop
  endfacet
  facet normal 0.216772 0 0.976222
    outer loop
      vertex -41.6485 -60.0532 -36.2216
      vertex -41.4526 -63.0532 -36.2651
      vertex -41.4526 -60.0532 -36.2651
    endloop
  endfacet
  facet normal 0.216772 0 0.976222
    outer loop
      vertex -41.4526 -63.0532 -36.2651
      vertex -41.6485 -60.0532 -36.2216
      vertex -41.6485 -63.0532 -36.2216
    endloop
  endfacet
  facet normal 0.793494 -0 0.608578
    outer loop
      vertex -42.9372 -63.0532 -35.3192
      vertex -42.8151 -60.0532 -35.4784
      vertex -42.9372 -60.0532 -35.3192
    endloop
  endfacet
  facet normal 0.793494 0 0.608578
    outer loop
      vertex -42.8151 -60.0532 -35.4784
      vertex -42.9372 -63.0532 -35.3192
      vertex -42.8151 -63.0532 -35.4784
    endloop
  endfacet
  facet normal 0.991436 0 -0.130596
    outer loop
      vertex -43.3182 -63.0532 -33.6006
      vertex -43.3444 -60.0532 -33.7995
      vertex -43.3182 -60.0532 -33.6006
    endloop
  endfacet
  facet normal 0.991436 0 -0.130596
    outer loop
      vertex -43.3444 -60.0532 -33.7995
      vertex -43.3182 -63.0532 -33.6006
      vertex -43.3444 -63.0532 -33.7995
    endloop
  endfacet
  facet normal 0.46151 0 0.887135
    outer loop
      vertex -42.2032 -60.0532 -35.9919
      vertex -42.0252 -63.0532 -36.0845
      vertex -42.0252 -60.0532 -36.0845
    endloop
  endfacet
  facet normal 0.46151 0 0.887135
    outer loop
      vertex -42.0252 -63.0532 -36.0845
      vertex -42.2032 -60.0532 -35.9919
      vertex -42.2032 -63.0532 -35.9919
    endloop
  endfacet
  facet normal -0.46151 0 -0.887135
    outer loop
      vertex -40.0812 -63.0532 -31.9155
      vertex -39.9032 -60.0532 -32.0081
      vertex -39.9032 -63.0532 -32.0081
    endloop
  endfacet
  facet normal -0.46151 0 -0.887135
    outer loop
      vertex -39.9032 -60.0532 -32.0081
      vertex -40.0812 -63.0532 -31.9155
      vertex -40.0812 -60.0532 -31.9155
    endloop
  endfacet
  facet normal -0.608819 0 0.793309
    outer loop
      vertex -39.7339 -60.0532 -35.884
      vertex -39.5748 -63.0532 -35.7619
      vertex -39.5748 -60.0532 -35.7619
    endloop
  endfacet
  facet normal -0.608819 0 0.793309
    outer loop
      vertex -39.5748 -63.0532 -35.7619
      vertex -39.7339 -60.0532 -35.884
      vertex -39.7339 -63.0532 -35.884
    endloop
  endfacet
  facet normal -0.991436 0 -0.130596
    outer loop
      vertex -38.7619 -63.0532 -33.7995
      vertex -38.7881 -60.0532 -33.6006
      vertex -38.7619 -60.0532 -33.7995
    endloop
  endfacet
  facet normal -0.991436 -0 -0.130596
    outer loop
      vertex -38.7881 -60.0532 -33.6006
      vertex -38.7619 -63.0532 -33.7995
      vertex -38.7881 -63.0532 -33.6006
    endloop
  endfacet
  facet normal -0.923871 0 -0.382704
    outer loop
      vertex -38.8919 -63.0532 -33.2134
      vertex -38.9687 -60.0532 -33.028
      vertex -38.8919 -60.0532 -33.2134
    endloop
  endfacet
  facet normal -0.923871 -0 -0.382704
    outer loop
      vertex -38.9687 -60.0532 -33.028
      vertex -38.8919 -63.0532 -33.2134
      vertex -38.9687 -63.0532 -33.028
    endloop
  endfacet
  facet normal -0.300487 0 0.953786
    outer loop
      vertex -40.4579 -60.0532 -36.2216
      vertex -40.2665 -63.0532 -36.1613
      vertex -40.2665 -60.0532 -36.1613
    endloop
  endfacet
  facet normal -0.300487 0 0.953786
    outer loop
      vertex -40.2665 -63.0532 -36.1613
      vertex -40.4579 -60.0532 -36.2216
      vertex -40.4579 -63.0532 -36.2216
    endloop
  endfacet
  facet normal 0.0438699 0 0.999037
    outer loop
      vertex -41.2536 -60.0532 -36.2912
      vertex -41.0532 -63.0532 -36.3
      vertex -41.0532 -60.0532 -36.3
    endloop
  endfacet
  facet normal 0.0438699 0 0.999037
    outer loop
      vertex -41.0532 -63.0532 -36.3
      vertex -41.2536 -60.0532 -36.2912
      vertex -41.2536 -63.0532 -36.2912
    endloop
  endfacet
  facet normal 0.737092 0 -0.675792
    outer loop
      vertex -42.6795 -63.0532 -32.3737
      vertex -42.8151 -60.0532 -32.5216
      vertex -42.6795 -60.0532 -32.3737
    endloop
  endfacet
  facet normal 0.737092 0 -0.675792
    outer loop
      vertex -42.8151 -60.0532 -32.5216
      vertex -42.6795 -63.0532 -32.3737
      vertex -42.8151 -63.0532 -32.5216
    endloop
  endfacet
  facet normal 0.886931 -0 0.461902
    outer loop
      vertex -43.1377 -63.0532 -34.972
      vertex -43.045 -60.0532 -35.15
      vertex -43.1377 -60.0532 -34.972
    endloop
  endfacet
  facet normal 0.886931 0 0.461902
    outer loop
      vertex -43.045 -60.0532 -35.15
      vertex -43.1377 -63.0532 -34.972
      vertex -43.045 -63.0532 -35.15
    endloop
  endfacet
  facet normal -0.216772 0 -0.976222
    outer loop
      vertex -40.6538 -63.0532 -31.7349
      vertex -40.4579 -60.0532 -31.7784
      vertex -40.4579 -63.0532 -31.7784
    endloop
  endfacet
  facet normal -0.216772 0 -0.976222
    outer loop
      vertex -40.4579 -60.0532 -31.7784
      vertex -40.6538 -63.0532 -31.7349
      vertex -40.6538 -60.0532 -31.7349
    endloop
  endfacet
  facet normal -0.130106 0 -0.9915
    outer loop
      vertex -40.8527 -63.0532 -31.7088
      vertex -40.6538 -60.0532 -31.7349
      vertex -40.6538 -63.0532 -31.7349
    endloop
  endfacet
  facet normal -0.130106 0 -0.9915
    outer loop
      vertex -40.6538 -60.0532 -31.7349
      vertex -40.8527 -63.0532 -31.7088
      vertex -40.8527 -60.0532 -31.7088
    endloop
  endfacet
  facet normal -0.46151 0 0.887135
    outer loop
      vertex -40.0812 -60.0532 -36.0845
      vertex -39.9032 -63.0532 -35.9919
      vertex -39.9032 -60.0532 -35.9919
    endloop
  endfacet
  facet normal -0.46151 0 0.887135
    outer loop
      vertex -39.9032 -63.0532 -35.9919
      vertex -40.0812 -60.0532 -36.0845
      vertex -40.0812 -63.0532 -36.0845
    endloop
  endfacet
  facet normal -0.0438481 0 0.999038
    outer loop
      vertex -41.0532 -60.0532 -36.3
      vertex -40.8527 -63.0532 -36.2912
      vertex -40.8527 -60.0532 -36.2912
    endloop
  endfacet
  facet normal -0.0438481 0 0.999038
    outer loop
      vertex -40.8527 -63.0532 -36.2912
      vertex -41.0532 -60.0532 -36.3
      vertex -41.0532 -63.0532 -36.3
    endloop
  endfacet
  facet normal 0.30063 0 -0.953741
    outer loop
      vertex -41.8398 -63.0532 -31.8387
      vertex -41.6485 -60.0532 -31.7784
      vertex -41.6485 -63.0532 -31.7784
    endloop
  endfacet
  facet normal 0.30063 0 -0.953741
    outer loop
      vertex -41.6485 -60.0532 -31.7784
      vertex -41.8398 -63.0532 -31.8387
      vertex -41.8398 -60.0532 -31.8387
    endloop
  endfacet
  facet normal -0.608819 0 -0.793309
    outer loop
      vertex -39.7339 -63.0532 -32.116
      vertex -39.5748 -60.0532 -32.2381
      vertex -39.5748 -63.0532 -32.2381
    endloop
  endfacet
  facet normal -0.608819 0 -0.793309
    outer loop
      vertex -39.5748 -60.0532 -32.2381
      vertex -39.7339 -63.0532 -32.116
      vertex -39.7339 -60.0532 -32.116
    endloop
  endfacet
  facet normal 0.537681 0 -0.843148
    outer loop
      vertex -42.3724 -63.0532 -32.116
      vertex -42.2032 -60.0532 -32.0081
      vertex -42.2032 -63.0532 -32.0081
    endloop
  endfacet
  facet normal 0.537681 0 -0.843148
    outer loop
      vertex -42.2032 -60.0532 -32.0081
      vertex -42.3724 -63.0532 -32.116
      vertex -42.3724 -60.0532 -32.116
    endloop
  endfacet
  facet normal -0.793253 0 -0.608892
    outer loop
      vertex -39.1691 -63.0532 -32.6808
      vertex -39.2913 -60.0532 -32.5216
      vertex -39.1691 -60.0532 -32.6808
    endloop
  endfacet
  facet normal -0.793253 -0 -0.608892
    outer loop
      vertex -39.2913 -60.0532 -32.5216
      vertex -39.1691 -63.0532 -32.6808
      vertex -39.2913 -63.0532 -32.5216
    endloop
  endfacet
  facet normal -0.976328 0 -0.216297
    outer loop
      vertex -38.7881 -63.0532 -33.6006
      vertex -38.8315 -60.0532 -33.4047
      vertex -38.7881 -60.0532 -33.6006
    endloop
  endfacet
  facet normal -0.976328 -0 -0.216297
    outer loop
      vertex -38.8315 -60.0532 -33.4047
      vertex -38.7881 -63.0532 -33.6006
      vertex -38.8315 -63.0532 -33.4047
    endloop
  endfacet
  facet normal 0.675792 0 0.737092
    outer loop
      vertex -42.6795 -60.0532 -35.6263
      vertex -42.5316 -63.0532 -35.7619
      vertex -42.5316 -60.0532 -35.7619
    endloop
  endfacet
  facet normal 0.675792 0 0.737092
    outer loop
      vertex -42.5316 -63.0532 -35.7619
      vertex -42.6795 -60.0532 -35.6263
      vertex -42.6795 -63.0532 -35.6263
    endloop
  endfacet
  facet normal 0.608578 0 0.793494
    outer loop
      vertex -42.5316 -60.0532 -35.7619
      vertex -42.3724 -63.0532 -35.884
      vertex -42.3724 -60.0532 -35.884
    endloop
  endfacet
  facet normal 0.608578 0 0.793494
    outer loop
      vertex -42.3724 -63.0532 -35.884
      vertex -42.5316 -60.0532 -35.7619
      vertex -42.5316 -63.0532 -35.7619
    endloop
  endfacet
  facet normal -0.887135 0 0.46151
    outer loop
      vertex -39.0613 -63.0532 -35.15
      vertex -38.9687 -60.0532 -34.972
      vertex -39.0613 -60.0532 -35.15
    endloop
  endfacet
  facet normal -0.887135 0 0.46151
    outer loop
      vertex -38.9687 -60.0532 -34.972
      vertex -39.0613 -63.0532 -35.15
      vertex -38.9687 -63.0532 -34.972
    endloop
  endfacet
  facet normal -0.843374 0 0.537327
    outer loop
      vertex -39.1691 -63.0532 -35.3192
      vertex -39.0613 -60.0532 -35.15
      vertex -39.1691 -60.0532 -35.3192
    endloop
  endfacet
  facet normal -0.843374 0 0.537327
    outer loop
      vertex -39.0613 -60.0532 -35.15
      vertex -39.1691 -63.0532 -35.3192
      vertex -39.0613 -63.0532 -35.15
    endloop
  endfacet
  facet normal -0.953598 0 -0.301084
    outer loop
      vertex -38.8315 -63.0532 -33.4047
      vertex -38.8919 -60.0532 -33.2134
      vertex -38.8315 -60.0532 -33.4047
    endloop
  endfacet
  facet normal -0.953598 -0 -0.301084
    outer loop
      vertex -38.8919 -60.0532 -33.2134
      vertex -38.8315 -63.0532 -33.4047
      vertex -38.8919 -63.0532 -33.2134
    endloop
  endfacet
  facet normal 0.537681 0 0.843148
    outer loop
      vertex -42.3724 -60.0532 -35.884
      vertex -42.2032 -63.0532 -35.9919
      vertex -42.2032 -60.0532 -35.9919
    endloop
  endfacet
  facet normal 0.537681 0 0.843148
    outer loop
      vertex -42.2032 -63.0532 -35.9919
      vertex -42.3724 -60.0532 -35.884
      vertex -42.3724 -63.0532 -35.884
    endloop
  endfacet
  facet normal 0.130042 0 -0.991508
    outer loop
      vertex -41.4526 -63.0532 -31.7349
      vertex -41.2536 -60.0532 -31.7088
      vertex -41.2536 -63.0532 -31.7088
    endloop
  endfacet
  facet normal 0.130042 0 -0.991508
    outer loop
      vertex -41.2536 -60.0532 -31.7088
      vertex -41.4526 -63.0532 -31.7349
      vertex -41.4526 -60.0532 -31.7349
    endloop
  endfacet
  facet normal 0.30063 0 0.953741
    outer loop
      vertex -41.8398 -60.0532 -36.1613
      vertex -41.6485 -63.0532 -36.2216
      vertex -41.6485 -60.0532 -36.2216
    endloop
  endfacet
  facet normal 0.30063 0 0.953741
    outer loop
      vertex -41.6485 -63.0532 -36.2216
      vertex -41.8398 -60.0532 -36.1613
      vertex -41.8398 -63.0532 -36.1613
    endloop
  endfacet
  facet normal -0.38288 0 -0.923798
    outer loop
      vertex -40.2665 -63.0532 -31.8387
      vertex -40.0812 -60.0532 -31.9155
      vertex -40.0812 -63.0532 -31.9155
    endloop
  endfacet
  facet normal -0.38288 0 -0.923798
    outer loop
      vertex -40.0812 -60.0532 -31.9155
      vertex -40.2665 -63.0532 -31.8387
      vertex -40.2665 -60.0532 -31.8387
    endloop
  endfacet
  facet normal -0.923871 0 0.382704
    outer loop
      vertex -38.9687 -63.0532 -34.972
      vertex -38.8919 -60.0532 -34.7866
      vertex -38.9687 -60.0532 -34.972
    endloop
  endfacet
  facet normal -0.923871 0 0.382704
    outer loop
      vertex -38.8919 -60.0532 -34.7866
      vertex -38.9687 -63.0532 -34.972
      vertex -38.8919 -63.0532 -34.7866
    endloop
  endfacet
  facet normal -0.0438481 0 -0.999038
    outer loop
      vertex -41.0532 -63.0532 -31.7
      vertex -40.8527 -60.0532 -31.7088
      vertex -40.8527 -63.0532 -31.7088
    endloop
  endfacet
  facet normal -0.0438481 0 -0.999038
    outer loop
      vertex -40.8527 -60.0532 -31.7088
      vertex -41.0532 -63.0532 -31.7
      vertex -41.0532 -60.0532 -31.7
    endloop
  endfacet
  facet normal 0.999038 0 -0.0438481
    outer loop
      vertex -43.3444 -63.0532 -33.7995
      vertex -43.3532 -60.0532 -34
      vertex -43.3444 -60.0532 -33.7995
    endloop
  endfacet
  facet normal 0.999038 0 -0.0438481
    outer loop
      vertex -43.3532 -60.0532 -34
      vertex -43.3444 -63.0532 -33.7995
      vertex -43.3532 -63.0532 -34
    endloop
  endfacet
  facet normal 0.999038 -0 0.0438481
    outer loop
      vertex -43.3532 -63.0532 -34
      vertex -43.3444 -60.0532 -34.2005
      vertex -43.3532 -60.0532 -34
    endloop
  endfacet
  facet normal 0.999038 0 0.0438481
    outer loop
      vertex -43.3444 -60.0532 -34.2005
      vertex -43.3532 -63.0532 -34
      vertex -43.3444 -63.0532 -34.2005
    endloop
  endfacet
  facet normal -0.887135 0 -0.46151
    outer loop
      vertex -38.9687 -63.0532 -33.028
      vertex -39.0613 -60.0532 -32.85
      vertex -38.9687 -60.0532 -33.028
    endloop
  endfacet
  facet normal -0.887135 -0 -0.46151
    outer loop
      vertex -39.0613 -60.0532 -32.85
      vertex -38.9687 -63.0532 -33.028
      vertex -39.0613 -63.0532 -32.85
    endloop
  endfacet
  facet normal 0.737092 -0 0.675792
    outer loop
      vertex -42.8151 -63.0532 -35.4784
      vertex -42.6795 -60.0532 -35.6263
      vertex -42.8151 -60.0532 -35.4784
    endloop
  endfacet
  facet normal 0.737092 0 0.675792
    outer loop
      vertex -42.6795 -60.0532 -35.6263
      vertex -42.8151 -63.0532 -35.4784
      vertex -42.6795 -63.0532 -35.6263
    endloop
  endfacet
  facet normal 0.382704 0 0.923871
    outer loop
      vertex -42.0252 -60.0532 -36.0845
      vertex -41.8398 -63.0532 -36.1613
      vertex -41.8398 -60.0532 -36.1613
    endloop
  endfacet
  facet normal 0.382704 0 0.923871
    outer loop
      vertex -41.8398 -63.0532 -36.1613
      vertex -42.0252 -60.0532 -36.0845
      vertex -42.0252 -63.0532 -36.0845
    endloop
  endfacet
  facet normal -0.537456 0 -0.843292
    outer loop
      vertex -39.9032 -63.0532 -32.0081
      vertex -39.7339 -60.0532 -32.116
      vertex -39.7339 -63.0532 -32.116
    endloop
  endfacet
  facet normal -0.537456 0 -0.843292
    outer loop
      vertex -39.7339 -60.0532 -32.116
      vertex -39.9032 -63.0532 -32.0081
      vertex -39.9032 -60.0532 -32.0081
    endloop
  endfacet
  facet normal 0.976328 -0 0.216297
    outer loop
      vertex -43.3182 -63.0532 -34.3994
      vertex -43.2748 -60.0532 -34.5953
      vertex -43.3182 -60.0532 -34.3994
    endloop
  endfacet
  facet normal 0.976328 0 0.216297
    outer loop
      vertex -43.2748 -60.0532 -34.5953
      vertex -43.3182 -63.0532 -34.3994
      vertex -43.2748 -63.0532 -34.5953
    endloop
  endfacet
  facet normal 0.976328 0 -0.216297
    outer loop
      vertex -43.2748 -63.0532 -33.4047
      vertex -43.3182 -60.0532 -33.6006
      vertex -43.2748 -60.0532 -33.4047
    endloop
  endfacet
  facet normal 0.976328 0 -0.216297
    outer loop
      vertex -43.3182 -60.0532 -33.6006
      vertex -43.2748 -63.0532 -33.4047
      vertex -43.3182 -63.0532 -33.6006
    endloop
  endfacet
  facet normal -0.130106 0 0.9915
    outer loop
      vertex -40.8527 -60.0532 -36.2912
      vertex -40.6538 -63.0532 -36.2651
      vertex -40.6538 -60.0532 -36.2651
    endloop
  endfacet
  facet normal -0.130106 0 0.9915
    outer loop
      vertex -40.6538 -63.0532 -36.2651
      vertex -40.8527 -60.0532 -36.2912
      vertex -40.8527 -63.0532 -36.2912
    endloop
  endfacet
  facet normal 0.843374 -0 0.537327
    outer loop
      vertex -43.045 -63.0532 -35.15
      vertex -42.9372 -60.0532 -35.3192
      vertex -43.045 -60.0532 -35.15
    endloop
  endfacet
  facet normal 0.843374 0 0.537327
    outer loop
      vertex -42.9372 -60.0532 -35.3192
      vertex -43.045 -63.0532 -35.15
      vertex -42.9372 -63.0532 -35.3192
    endloop
  endfacet
  facet normal -0.953598 0 0.301084
    outer loop
      vertex -38.8919 -63.0532 -34.7866
      vertex -38.8315 -60.0532 -34.5953
      vertex -38.8919 -60.0532 -34.7866
    endloop
  endfacet
  facet normal -0.953598 0 0.301084
    outer loop
      vertex -38.8315 -60.0532 -34.5953
      vertex -38.8919 -63.0532 -34.7866
      vertex -38.8315 -63.0532 -34.5953
    endloop
  endfacet
  facet normal 0.675792 0 -0.737092
    outer loop
      vertex -42.6795 -63.0532 -32.3737
      vertex -42.5316 -60.0532 -32.2381
      vertex -42.5316 -63.0532 -32.2381
    endloop
  endfacet
  facet normal 0.675792 0 -0.737092
    outer loop
      vertex -42.5316 -60.0532 -32.2381
      vertex -42.6795 -63.0532 -32.3737
      vertex -42.6795 -60.0532 -32.3737
    endloop
  endfacet
  facet normal -0.675544 0 -0.73732
    outer loop
      vertex -39.5748 -63.0532 -32.2381
      vertex -39.4268 -60.0532 -32.3737
      vertex -39.4268 -63.0532 -32.3737
    endloop
  endfacet
  facet normal -0.675544 0 -0.73732
    outer loop
      vertex -39.4268 -60.0532 -32.3737
      vertex -39.5748 -63.0532 -32.2381
      vertex -39.5748 -60.0532 -32.2381
    endloop
  endfacet
  facet normal 0.216772 0 -0.976222
    outer loop
      vertex -41.6485 -63.0532 -31.7784
      vertex -41.4526 -60.0532 -31.7349
      vertex -41.4526 -63.0532 -31.7349
    endloop
  endfacet
  facet normal 0.216772 0 -0.976222
    outer loop
      vertex -41.4526 -60.0532 -31.7349
      vertex -41.6485 -63.0532 -31.7784
      vertex -41.6485 -60.0532 -31.7784
    endloop
  endfacet
  facet normal 0.991436 -0 0.130596
    outer loop
      vertex -43.3444 -63.0532 -34.2005
      vertex -43.3182 -60.0532 -34.3994
      vertex -43.3444 -60.0532 -34.2005
    endloop
  endfacet
  facet normal 0.991436 0 0.130596
    outer loop
      vertex -43.3182 -60.0532 -34.3994
      vertex -43.3444 -63.0532 -34.2005
      vertex -43.3182 -63.0532 -34.3994
    endloop
  endfacet
  facet normal -0.73734 0 -0.675521
    outer loop
      vertex -39.2913 -63.0532 -32.5216
      vertex -39.4268 -60.0532 -32.3737
      vertex -39.2913 -60.0532 -32.5216
    endloop
  endfacet
  facet normal -0.73734 -0 -0.675521
    outer loop
      vertex -39.4268 -60.0532 -32.3737
      vertex -39.2913 -63.0532 -32.5216
      vertex -39.4268 -63.0532 -32.3737
    endloop
  endfacet
  facet normal 0.46151 0 -0.887135
    outer loop
      vertex -42.2032 -63.0532 -32.0081
      vertex -42.0252 -60.0532 -31.9155
      vertex -42.0252 -63.0532 -31.9155
    endloop
  endfacet
  facet normal 0.46151 0 -0.887135
    outer loop
      vertex -42.0252 -60.0532 -31.9155
      vertex -42.2032 -63.0532 -32.0081
      vertex -42.2032 -60.0532 -32.0081
    endloop
  endfacet
  facet normal 0.923871 -0 0.382704
    outer loop
      vertex -43.2145 -63.0532 -34.7866
      vertex -43.1377 -60.0532 -34.972
      vertex -43.2145 -60.0532 -34.7866
    endloop
  endfacet
  facet normal 0.923871 0 0.382704
    outer loop
      vertex -43.1377 -60.0532 -34.972
      vertex -43.2145 -63.0532 -34.7866
      vertex -43.1377 -63.0532 -34.972
    endloop
  endfacet
  facet normal 0.843374 0 -0.537327
    outer loop
      vertex -42.9372 -63.0532 -32.6808
      vertex -43.045 -60.0532 -32.85
      vertex -42.9372 -60.0532 -32.6808
    endloop
  endfacet
  facet normal 0.843374 0 -0.537327
    outer loop
      vertex -43.045 -60.0532 -32.85
      vertex -42.9372 -63.0532 -32.6808
      vertex -43.045 -63.0532 -32.85
    endloop
  endfacet
  facet normal 0.382704 0 -0.923871
    outer loop
      vertex -42.0252 -63.0532 -31.9155
      vertex -41.8398 -60.0532 -31.8387
      vertex -41.8398 -63.0532 -31.8387
    endloop
  endfacet
  facet normal 0.382704 0 -0.923871
    outer loop
      vertex -41.8398 -60.0532 -31.8387
      vertex -42.0252 -63.0532 -31.9155
      vertex -42.0252 -60.0532 -31.9155
    endloop
  endfacet
  facet normal -0.300487 0 -0.953786
    outer loop
      vertex -40.4579 -63.0532 -31.7784
      vertex -40.2665 -60.0532 -31.8387
      vertex -40.2665 -63.0532 -31.8387
    endloop
  endfacet
  facet normal -0.300487 0 -0.953786
    outer loop
      vertex -40.2665 -60.0532 -31.8387
      vertex -40.4579 -63.0532 -31.7784
      vertex -40.4579 -60.0532 -31.7784
    endloop
  endfacet
  facet normal 0.923871 0 -0.382704
    outer loop
      vertex -43.1377 -63.0532 -33.028
      vertex -43.2145 -60.0532 -33.2134
      vertex -43.1377 -60.0532 -33.028
    endloop
  endfacet
  facet normal 0.923871 0 -0.382704
    outer loop
      vertex -43.2145 -60.0532 -33.2134
      vertex -43.1377 -63.0532 -33.028
      vertex -43.2145 -63.0532 -33.2134
    endloop
  endfacet
  facet normal 0.886931 0 -0.461902
    outer loop
      vertex -43.045 -63.0532 -32.85
      vertex -43.1377 -60.0532 -33.028
      vertex -43.045 -60.0532 -32.85
    endloop
  endfacet
  facet normal 0.886931 0 -0.461902
    outer loop
      vertex -43.1377 -60.0532 -33.028
      vertex -43.045 -63.0532 -32.85
      vertex -43.1377 -63.0532 -33.028
    endloop
  endfacet
  facet normal -0.775114 0.630925 0.0336334
    outer loop
      vertex -38.7532 -60.0532 -34
      vertex -36.3113 -57.0532 -34.0007
      vertex -38.7619 -60.0532 -34.2005
    endloop
  endfacet
  facet normal -0.775557 0.631278 0
    outer loop
      vertex -36.3113 -57.0532 -34.0007
      vertex -38.7532 -60.0532 -34
      vertex -36.3113 -57.0532 -34
    endloop
  endfacet
  facet normal -0.358197 0.630912 0.688219
    outer loop
      vertex -38.6822 -57.0532 -38.1066
      vertex -39.0486 -57.0532 -38.2973
      vertex -39.9032 -60.0532 -35.9919
    endloop
  endfacet
  facet normal -0.101273 0.6309 -0.769226
    outer loop
      vertex -40.6392 -57.0532 -29.2763
      vertex -40.2298 -57.0532 -29.3302
      vertex -40.6538 -60.0532 -31.7349
    endloop
  endfacet
  facet normal -0.233309 0.630916 -0.73994
    outer loop
      vertex -39.8259 -57.0532 -29.4197
      vertex -39.432 -57.0532 -29.5439
      vertex -40.4579 -60.0532 -31.7784
    endloop
  endfacet
  facet normal -0.71679 0.630912 -0.296923
    outer loop
      vertex -38.9687 -60.0532 -33.028
      vertex -36.5973 -57.0532 -32.3782
      vertex -38.8919 -60.0532 -33.2134
    endloop
  endfacet
  facet normal -0.734163 0.633338 -0.244721
    outer loop
      vertex -36.5973 -57.0532 -32.3782
      vertex -38.9687 -60.0532 -33.028
      vertex -36.5975 -57.0532 -32.3776
    endloop
  endfacet
  facet normal 0.769209 0.630913 0.101324
    outer loop
      vertex -43.3182 -60.0532 -34.3994
      vertex -45.777 -57.0532 -34.4133
      vertex -43.3444 -60.0532 -34.2005
    endloop
  endfacet
  facet normal 0.766787 0.629051 0.127798
    outer loop
      vertex -45.777 -57.0532 -34.4133
      vertex -43.3182 -60.0532 -34.3994
      vertex -45.7769 -57.0532 -34.4139
    endloop
  endfacet
  facet normal -0.766027 0.633424 0.109432
    outer loop
      vertex -38.8315 -60.0532 -34.5953
      vertex -36.3834 -57.0532 -34.8234
      vertex -36.3835 -57.0532 -34.8241
    endloop
  endfacet
  facet normal -0.757496 0.630902 0.167817
    outer loop
      vertex -36.3834 -57.0532 -34.8234
      vertex -38.8315 -60.0532 -34.5953
      vertex -38.7881 -60.0532 -34.3994
    endloop
  endfacet
  facet normal 0.296804 0.630912 0.716838
    outer loop
      vertex -42.0252 -60.0532 -36.0845
      vertex -42.6756 -57.0532 -38.4556
      vertex -43.0572 -57.0532 -38.2976
    endloop
  endfacet
  facet normal 0.167908 0.630916 0.757464
    outer loop
      vertex -41.6485 -60.0532 -36.2216
      vertex -41.8772 -57.0532 -38.6697
      vertex -42.2805 -57.0532 -38.5803
    endloop
  endfacet
  facet normal 0.775116 0.630914 -0.033815
    outer loop
      vertex -45.777 -57.0532 -33.5867
      vertex -43.3444 -60.0532 -33.7995
      vertex -45.795 -57.0532 -33.9993
    endloop
  endfacet
  facet normal 0.416876 0.630917 0.654339
    outer loop
      vertex -42.3724 -60.0532 -35.884
      vertex -43.4247 -57.0532 -38.1062
      vertex -43.773 -57.0532 -37.8843
    endloop
  endfacet
  facet normal -0.739847 0.63092 -0.233595
    outer loop
      vertex -38.8919 -60.0532 -33.2134
      vertex -36.5971 -57.0532 -32.3788
      vertex -38.8315 -60.0532 -33.4047
    endloop
  endfacet
  facet normal -0.735871 0.631132 -0.24529
    outer loop
      vertex -36.5971 -57.0532 -32.3788
      vertex -38.8919 -60.0532 -33.2134
      vertex -36.5973 -57.0532 -32.3782
    endloop
  endfacet
  facet normal 0.775116 0.630914 0.033815
    outer loop
      vertex -43.3444 -60.0532 -34.2005
      vertex -45.777 -57.0532 -34.4133
      vertex -45.795 -57.0532 -34.0007
    endloop
  endfacet
  facet normal 0.757455 0.630917 -0.167948
    outer loop
      vertex -45.6335 -57.0532 -32.7727
      vertex -43.2748 -60.0532 -33.4047
      vertex -45.7229 -57.0532 -33.1759
    endloop
  endfacet
  facet normal -0.57204 0.630914 0.524135
    outer loop
      vertex -37.4207 -57.0532 -37.048
      vertex -37.6997 -57.0532 -37.3525
      vertex -39.2913 -60.0532 -35.4784
    endloop
  endfacet
  facet normal -0.739952 0.630901 0.233313
    outer loop
      vertex -36.4729 -57.0532 -35.2273
      vertex -36.5971 -57.0532 -35.6212
      vertex -38.8315 -60.0532 -34.5953
    endloop
  endfacet
  facet normal 0.739964 0.630912 0.233245
    outer loop
      vertex -43.2145 -60.0532 -34.7866
      vertex -45.5093 -57.0532 -35.6212
      vertex -43.2748 -60.0532 -34.5953
    endloop
  endfacet
  facet normal 0.735871 0.631132 0.24529
    outer loop
      vertex -45.5093 -57.0532 -35.6212
      vertex -43.2145 -60.0532 -34.7866
      vertex -45.5091 -57.0532 -35.6218
    endloop
  endfacet
  facet normal -0.572069 0.630911 0.524107
    outer loop
      vertex -37.6997 -57.0532 -37.3525
      vertex -39.4268 -60.0532 -35.6263
      vertex -39.2913 -60.0532 -35.4784
    endloop
  endfacet
  facet normal -0.548406 0.63127 0.548406
    outer loop
      vertex -39.4268 -60.0532 -35.6263
      vertex -37.6997 -57.0532 -37.3525
      vertex -37.7002 -57.0532 -37.353
    endloop
  endfacet
  facet normal -0.735871 0.631132 0.24529
    outer loop
      vertex -38.8919 -60.0532 -34.7866
      vertex -36.5971 -57.0532 -35.6212
      vertex -36.5973 -57.0532 -35.6218
    endloop
  endfacet
  facet normal -0.739847 0.63092 0.233595
    outer loop
      vertex -36.5971 -57.0532 -35.6212
      vertex -38.8919 -60.0532 -34.7866
      vertex -38.8315 -60.0532 -34.5953
    endloop
  endfacet
  facet normal -0.484541 0.631171 0.605676
    outer loop
      vertex -38.0057 -57.0532 -37.6329
      vertex -39.5748 -60.0532 -35.7619
      vertex -38.0052 -57.0532 -37.6325
    endloop
  endfacet
  facet normal -0.472353 0.630916 0.61549
    outer loop
      vertex -39.5748 -60.0532 -35.7619
      vertex -38.0057 -57.0532 -37.6329
      vertex -39.7339 -60.0532 -35.884
    endloop
  endfacet
  facet normal -0.346709 0.631635 -0.693419
    outer loop
      vertex -39.9032 -60.0532 -32.0081
      vertex -39.0492 -57.0532 -29.7024
      vertex -39.0486 -57.0532 -29.7027
    endloop
  endfacet
  facet normal -0.358062 0.630919 -0.688283
    outer loop
      vertex -39.0492 -57.0532 -29.7024
      vertex -39.9032 -60.0532 -32.0081
      vertex -40.0812 -60.0532 -31.9155
    endloop
  endfacet
  facet normal -0.101273 0.6309 0.769226
    outer loop
      vertex -40.2298 -57.0532 -38.6698
      vertex -40.6392 -57.0532 -38.7237
      vertex -40.6538 -60.0532 -36.2651
    endloop
  endfacet
  facet normal 0.128193 0.626069 -0.769158
    outer loop
      vertex -41.0532 -60.0532 -31.7
      vertex -41.0538 -57.0532 -29.2582
      vertex -41.0532 -57.0532 -29.2581
    endloop
  endfacet
  facet normal 0.0340371 0.6309 -0.775117
    outer loop
      vertex -41.0538 -57.0532 -29.2582
      vertex -41.0532 -60.0532 -31.7
      vertex -41.2536 -60.0532 -31.7088
    endloop
  endfacet
  facet normal -0.416879 0.630908 -0.654344
    outer loop
      vertex -38.6817 -57.0532 -29.8938
      vertex -38.3334 -57.0532 -30.1157
      vertex -39.7339 -60.0532 -32.116
    endloop
  endfacet
  facet normal -0.769221 0.630898 -0.101325
    outer loop
      vertex -38.7881 -60.0532 -33.6006
      vertex -36.3294 -57.0532 -33.5867
      vertex -38.7619 -60.0532 -33.7995
    endloop
  endfacet
  facet normal -0.773432 0.633879 0
    outer loop
      vertex -36.3294 -57.0532 -33.5867
      vertex -38.7881 -60.0532 -33.6006
      vertex -36.3294 -57.0532 -33.5861
    endloop
  endfacet
  facet normal -0.548406 0.63127 0.548406
    outer loop
      vertex -37.7007 -57.0532 -37.3535
      vertex -39.4268 -60.0532 -35.6263
      vertex -37.7002 -57.0532 -37.353
    endloop
  endfacet
  facet normal -0.524123 0.630913 0.572052
    outer loop
      vertex -39.4268 -60.0532 -35.6263
      vertex -37.7007 -57.0532 -37.3535
      vertex -39.5748 -60.0532 -35.7619
    endloop
  endfacet
  facet normal 0.168187 0.630894 -0.757421
    outer loop
      vertex -41.6485 -60.0532 -31.7784
      vertex -41.8766 -57.0532 -29.3302
      vertex -41.4526 -60.0532 -31.7349
    endloop
  endfacet
  facet normal 0.127283 0.632904 -0.763696
    outer loop
      vertex -41.8766 -57.0532 -29.3302
      vertex -41.6485 -60.0532 -31.7784
      vertex -41.8772 -57.0532 -29.3303
    endloop
  endfacet
  facet normal -0.654348 0.630903 0.416881
    outer loop
      vertex -36.947 -57.0532 -36.3715
      vertex -37.1689 -57.0532 -36.7198
      vertex -39.1691 -60.0532 -35.3192
    endloop
  endfacet
  facet normal 0.296923 0.630912 -0.71679
    outer loop
      vertex -42.0252 -60.0532 -31.9155
      vertex -42.675 -57.0532 -29.5441
      vertex -41.8398 -60.0532 -31.8387
    endloop
  endfacet
  facet normal 0.348554 0.626538 -0.697108
    outer loop
      vertex -42.675 -57.0532 -29.5441
      vertex -42.0252 -60.0532 -31.9155
      vertex -42.6756 -57.0532 -29.5444
    endloop
  endfacet
  facet normal -0.109431 0.63344 0.766015
    outer loop
      vertex -40.2298 -57.0532 -38.6698
      vertex -40.4579 -60.0532 -36.2216
      vertex -40.2291 -57.0532 -38.6697
    endloop
  endfacet
  facet normal -0.168187 0.630894 0.757421
    outer loop
      vertex -40.4579 -60.0532 -36.2216
      vertex -40.2298 -57.0532 -38.6698
      vertex -40.6538 -60.0532 -36.2651
    endloop
  endfacet
  facet normal -0.739952 0.630901 -0.233313
    outer loop
      vertex -36.5971 -57.0532 -32.3788
      vertex -36.4729 -57.0532 -32.7727
      vertex -38.8315 -60.0532 -33.4047
    endloop
  endfacet
  facet normal -0.548406 0.63127 -0.548406
    outer loop
      vertex -39.4268 -60.0532 -32.3737
      vertex -37.7007 -57.0532 -30.6465
      vertex -37.7002 -57.0532 -30.647
    endloop
  endfacet
  facet normal -0.524123 0.630913 -0.572052
    outer loop
      vertex -37.7007 -57.0532 -30.6465
      vertex -39.4268 -60.0532 -32.3737
      vertex -39.5748 -60.0532 -32.2381
    endloop
  endfacet
  facet normal 0.0338068 0.630914 -0.775115
    outer loop
      vertex -41.0538 -57.0532 -29.2582
      vertex -41.2536 -60.0532 -31.7088
      vertex -41.4665 -57.0532 -29.2762
    endloop
  endfacet
  facet normal -0.57204 0.630914 -0.524135
    outer loop
      vertex -37.6997 -57.0532 -30.6475
      vertex -37.4207 -57.0532 -30.952
      vertex -39.2913 -60.0532 -32.5216
    endloop
  endfacet
  facet normal -0.688283 0.630919 -0.358062
    outer loop
      vertex -39.0613 -60.0532 -32.85
      vertex -36.7556 -57.0532 -31.996
      vertex -38.9687 -60.0532 -33.028
    endloop
  endfacet
  facet normal -0.693419 0.631635 -0.346709
    outer loop
      vertex -36.7556 -57.0532 -31.996
      vertex -39.0613 -60.0532 -32.85
      vertex -36.7559 -57.0532 -31.9954
    endloop
  endfacet
  facet normal -0.524135 0.630914 -0.57204
    outer loop
      vertex -38.0052 -57.0532 -30.3675
      vertex -37.7007 -57.0532 -30.6465
      vertex -39.5748 -60.0532 -32.2381
    endloop
  endfacet
  facet normal -0.472249 0.630908 0.615577
    outer loop
      vertex -38.0057 -57.0532 -37.6329
      vertex -38.3334 -57.0532 -37.8843
      vertex -39.7339 -60.0532 -35.884
    endloop
  endfacet
  facet normal -0.688183 0.630906 -0.358276
    outer loop
      vertex -36.9466 -57.0532 -31.6291
      vertex -36.7559 -57.0532 -31.9954
      vertex -39.0613 -60.0532 -32.85
    endloop
  endfacet
  facet normal -0.488396 0.623511 -0.610495
    outer loop
      vertex -39.7339 -60.0532 -32.116
      vertex -38.6822 -57.0532 -29.8934
      vertex -38.6817 -57.0532 -29.8938
    endloop
  endfacet
  facet normal -0.416988 0.630911 -0.654273
    outer loop
      vertex -38.6822 -57.0532 -29.8934
      vertex -39.7339 -60.0532 -32.116
      vertex -39.9032 -60.0532 -32.0081
    endloop
  endfacet
  facet normal -0.346709 0.631635 0.693419
    outer loop
      vertex -39.0492 -57.0532 -38.2976
      vertex -39.9032 -60.0532 -35.9919
      vertex -39.0486 -57.0532 -38.2973
    endloop
  endfacet
  facet normal -0.358062 0.630919 0.688283
    outer loop
      vertex -39.9032 -60.0532 -35.9919
      vertex -39.0492 -57.0532 -38.2976
      vertex -40.0812 -60.0532 -36.0845
    endloop
  endfacet
  facet normal 0.524307 0.630929 -0.571866
    outer loop
      vertex -42.6795 -60.0532 -32.3737
      vertex -44.4057 -57.0532 -30.6465
      vertex -42.5316 -60.0532 -32.2381
    endloop
  endfacet
  facet normal 0.5484 0.631281 -0.5484
    outer loop
      vertex -44.4057 -57.0532 -30.6465
      vertex -42.6795 -60.0532 -32.3737
      vertex -44.4062 -57.0532 -30.647
    endloop
  endfacet
  facet normal 0.358276 0.630906 -0.688183
    outer loop
      vertex -43.0578 -57.0532 -29.7027
      vertex -42.2032 -60.0532 -32.0081
      vertex -43.4241 -57.0532 -29.8934
    endloop
  endfacet
  facet normal 0.358062 0.630919 -0.688283
    outer loop
      vertex -42.2032 -60.0532 -32.0081
      vertex -43.0572 -57.0532 -29.7024
      vertex -42.0252 -60.0532 -31.9155
    endloop
  endfacet
  facet normal 0.346709 0.631635 -0.693419
    outer loop
      vertex -43.0572 -57.0532 -29.7024
      vertex -42.2032 -60.0532 -32.0081
      vertex -43.0578 -57.0532 -29.7027
    endloop
  endfacet
  facet normal 0.769218 0.630915 -0.101247
    outer loop
      vertex -45.723 -57.0532 -33.1766
      vertex -43.3182 -60.0532 -33.6006
      vertex -45.7769 -57.0532 -33.5861
    endloop
  endfacet
  facet normal -0.109787 0.630352 0.768507
    outer loop
      vertex -40.6399 -57.0532 -38.7238
      vertex -40.6538 -60.0532 -36.2651
      vertex -40.6392 -57.0532 -38.7237
    endloop
  endfacet
  facet normal -0.100943 0.630921 0.769252
    outer loop
      vertex -40.6538 -60.0532 -36.2651
      vertex -40.6399 -57.0532 -38.7238
      vertex -40.8527 -60.0532 -36.2912
    endloop
  endfacet
  facet normal 0.757484 0.630917 0.167814
    outer loop
      vertex -43.2748 -60.0532 -34.5953
      vertex -45.723 -57.0532 -34.8234
      vertex -43.3182 -60.0532 -34.3994
    endloop
  endfacet
  facet normal 0.766015 0.63344 0.109431
    outer loop
      vertex -45.723 -57.0532 -34.8234
      vertex -43.2748 -60.0532 -34.5953
      vertex -45.7229 -57.0532 -34.8241
    endloop
  endfacet
  facet normal -0.769203 0.630903 -0.101433
    outer loop
      vertex -36.3834 -57.0532 -33.1766
      vertex -36.3294 -57.0532 -33.5861
      vertex -38.7881 -60.0532 -33.6006
    endloop
  endfacet
  facet normal 0.472245 0.630918 0.615571
    outer loop
      vertex -42.3724 -60.0532 -35.884
      vertex -43.773 -57.0532 -37.8843
      vertex -44.1007 -57.0532 -37.6329
    endloop
  endfacet
  facet normal -0.646281 0.62983 0.430854
    outer loop
      vertex -39.1691 -60.0532 -35.3192
      vertex -36.9466 -57.0532 -36.3709
      vertex -36.947 -57.0532 -36.3715
    endloop
  endfacet
  facet normal -0.65434 0.630905 0.416891
    outer loop
      vertex -36.9466 -57.0532 -36.3709
      vertex -39.1691 -60.0532 -35.3192
      vertex -39.0613 -60.0532 -35.15
    endloop
  endfacet
  facet normal -0.775117 0.630902 0.0340029
    outer loop
      vertex -36.3113 -57.0532 -34.0007
      vertex -36.3294 -57.0532 -34.4133
      vertex -38.7619 -60.0532 -34.2005
    endloop
  endfacet
  facet normal 0.233309 0.630916 -0.73994
    outer loop
      vertex -42.2805 -57.0532 -29.4197
      vertex -41.6485 -60.0532 -31.7784
      vertex -42.6744 -57.0532 -29.5439
    endloop
  endfacet
  facet normal -0.775117 0.630902 -0.0340029
    outer loop
      vertex -36.3294 -57.0532 -33.5867
      vertex -36.3113 -57.0532 -33.9993
      vertex -38.7619 -60.0532 -33.7995
    endloop
  endfacet
  facet normal 0.77557 0.631262 0
    outer loop
      vertex -43.3532 -60.0532 -34
      vertex -45.795 -57.0532 -34.0007
      vertex -45.795 -57.0532 -34
    endloop
  endfacet
  facet normal 0.775117 0.630901 0.0340201
    outer loop
      vertex -45.795 -57.0532 -34.0007
      vertex -43.3532 -60.0532 -34
      vertex -43.3444 -60.0532 -34.2005
    endloop
  endfacet
  facet normal 0.296923 0.630912 0.71679
    outer loop
      vertex -42.675 -57.0532 -38.4559
      vertex -42.0252 -60.0532 -36.0845
      vertex -41.8398 -60.0532 -36.1613
    endloop
  endfacet
  facet normal 0.348554 0.626538 0.697108
    outer loop
      vertex -42.0252 -60.0532 -36.0845
      vertex -42.675 -57.0532 -38.4559
      vertex -42.6756 -57.0532 -38.4556
    endloop
  endfacet
  facet normal 0.71679 0.630912 0.296923
    outer loop
      vertex -43.1377 -60.0532 -34.972
      vertex -45.5091 -57.0532 -35.6218
      vertex -43.2145 -60.0532 -34.7866
    endloop
  endfacet
  facet normal 0.697108 0.626538 0.348554
    outer loop
      vertex -45.5091 -57.0532 -35.6218
      vertex -43.1377 -60.0532 -34.972
      vertex -45.5088 -57.0532 -35.6224
    endloop
  endfacet
  facet normal -0.65434 0.630905 -0.416891
    outer loop
      vertex -39.1691 -60.0532 -32.6808
      vertex -36.9466 -57.0532 -31.6291
      vertex -39.0613 -60.0532 -32.85
    endloop
  endfacet
  facet normal -0.646281 0.62983 -0.430854
    outer loop
      vertex -36.9466 -57.0532 -31.6291
      vertex -39.1691 -60.0532 -32.6808
      vertex -36.947 -57.0532 -31.6285
    endloop
  endfacet
  facet normal 0.167908 0.630916 -0.757464
    outer loop
      vertex -41.8772 -57.0532 -29.3303
      vertex -41.6485 -60.0532 -31.7784
      vertex -42.2805 -57.0532 -29.4197
    endloop
  endfacet
  facet normal 0.775117 0.630901 -0.0340201
    outer loop
      vertex -43.3532 -60.0532 -34
      vertex -45.795 -57.0532 -33.9993
      vertex -43.3444 -60.0532 -33.7995
    endloop
  endfacet
  facet normal 0.77557 0.631262 0
    outer loop
      vertex -45.795 -57.0532 -33.9993
      vertex -43.3532 -60.0532 -34
      vertex -45.795 -57.0532 -34
    endloop
  endfacet
  facet normal -0.29687 0.630914 -0.71681
    outer loop
      vertex -39.4307 -57.0532 -29.5444
      vertex -39.0492 -57.0532 -29.7024
      vertex -40.0812 -60.0532 -31.9155
    endloop
  endfacet
  facet normal 0.615571 0.630918 -0.472245
    outer loop
      vertex -44.6861 -57.0532 -30.9525
      vertex -42.9372 -60.0532 -32.6808
      vertex -44.9375 -57.0532 -31.2802
    endloop
  endfacet
  facet normal 0.73994 0.630916 -0.233309
    outer loop
      vertex -45.5093 -57.0532 -32.3788
      vertex -43.2748 -60.0532 -33.4047
      vertex -45.6335 -57.0532 -32.7727
    endloop
  endfacet
  facet normal 0.233309 0.630916 0.73994
    outer loop
      vertex -41.6485 -60.0532 -36.2216
      vertex -42.2805 -57.0532 -38.5803
      vertex -42.6744 -57.0532 -38.4561
    endloop
  endfacet
  facet normal -0.615579 0.630905 0.472251
    outer loop
      vertex -37.1689 -57.0532 -36.7198
      vertex -37.4203 -57.0532 -37.0475
      vertex -39.1691 -60.0532 -35.3192
    endloop
  endfacet
  facet normal 0.769218 0.630915 0.101247
    outer loop
      vertex -43.3182 -60.0532 -34.3994
      vertex -45.723 -57.0532 -34.8234
      vertex -45.7769 -57.0532 -34.4139
    endloop
  endfacet
  facet normal -0.757467 0.630902 0.16795
    outer loop
      vertex -36.3835 -57.0532 -34.8241
      vertex -36.4729 -57.0532 -35.2273
      vertex -38.8315 -60.0532 -34.5953
    endloop
  endfacet
  facet normal 0.101249 0.630899 0.76923
    outer loop
      vertex -41.4526 -60.0532 -36.2651
      vertex -41.4671 -57.0532 -38.7237
      vertex -41.8766 -57.0532 -38.6698
    endloop
  endfacet
  facet normal 0.716838 0.630912 -0.296804
    outer loop
      vertex -45.3508 -57.0532 -31.996
      vertex -43.1377 -60.0532 -33.028
      vertex -45.5088 -57.0532 -32.3776
    endloop
  endfacet
  facet normal -0.033815 0.630914 -0.775116
    outer loop
      vertex -40.6399 -57.0532 -29.2762
      vertex -40.8527 -60.0532 -31.7088
      vertex -41.0525 -57.0532 -29.2582
    endloop
  endfacet
  facet normal -0.0340201 0.630901 -0.775117
    outer loop
      vertex -41.0532 -60.0532 -31.7
      vertex -41.0525 -57.0532 -29.2582
      vertex -40.8527 -60.0532 -31.7088
    endloop
  endfacet
  facet normal -0.11012 0.627438 -0.77084
    outer loop
      vertex -41.0525 -57.0532 -29.2582
      vertex -41.0532 -60.0532 -31.7
      vertex -41.0532 -57.0532 -29.2581
    endloop
  endfacet
  facet normal 0.524135 0.630914 -0.57204
    outer loop
      vertex -44.1012 -57.0532 -30.3675
      vertex -42.5316 -60.0532 -32.2381
      vertex -44.4057 -57.0532 -30.6465
    endloop
  endfacet
  facet normal -0.167948 0.630917 0.757455
    outer loop
      vertex -39.8259 -57.0532 -38.5803
      vertex -40.2291 -57.0532 -38.6697
      vertex -40.4579 -60.0532 -36.2216
    endloop
  endfacet
  facet normal -0.167948 0.630917 -0.757455
    outer loop
      vertex -40.2291 -57.0532 -29.3303
      vertex -39.8259 -57.0532 -29.4197
      vertex -40.4579 -60.0532 -31.7784
    endloop
  endfacet
  facet normal -0.233309 0.630916 0.73994
    outer loop
      vertex -39.432 -57.0532 -38.4561
      vertex -39.8259 -57.0532 -38.5803
      vertex -40.4579 -60.0532 -36.2216
    endloop
  endfacet
  facet normal -0.245291 0.631127 0.735874
    outer loop
      vertex -39.432 -57.0532 -38.4561
      vertex -40.2665 -60.0532 -36.1613
      vertex -39.4314 -57.0532 -38.4559
    endloop
  endfacet
  facet normal -0.233136 0.630905 0.740004
    outer loop
      vertex -40.2665 -60.0532 -36.1613
      vertex -39.432 -57.0532 -38.4561
      vertex -40.4579 -60.0532 -36.2216
    endloop
  endfacet
  facet normal -0.775557 0.631278 0
    outer loop
      vertex -38.7532 -60.0532 -34
      vertex -36.3113 -57.0532 -33.9993
      vertex -36.3113 -57.0532 -34
    endloop
  endfacet
  facet normal -0.775114 0.630925 -0.0336334
    outer loop
      vertex -36.3113 -57.0532 -33.9993
      vertex -38.7532 -60.0532 -34
      vertex -38.7619 -60.0532 -33.7995
    endloop
  endfacet
  facet normal -0.769203 0.630903 0.101433
    outer loop
      vertex -36.3294 -57.0532 -34.4139
      vertex -36.3834 -57.0532 -34.8234
      vertex -38.7881 -60.0532 -34.3994
    endloop
  endfacet
  facet normal -0.773432 0.633879 0
    outer loop
      vertex -38.7881 -60.0532 -34.3994
      vertex -36.3294 -57.0532 -34.4133
      vertex -36.3294 -57.0532 -34.4139
    endloop
  endfacet
  facet normal -0.769221 0.630898 0.101325
    outer loop
      vertex -36.3294 -57.0532 -34.4133
      vertex -38.7881 -60.0532 -34.3994
      vertex -38.7619 -60.0532 -34.2005
    endloop
  endfacet
  facet normal -0.11012 0.627438 0.77084
    outer loop
      vertex -41.0532 -60.0532 -36.3
      vertex -41.0525 -57.0532 -38.7418
      vertex -41.0532 -57.0532 -38.7419
    endloop
  endfacet
  facet normal -0.0340201 0.630901 0.775117
    outer loop
      vertex -41.0525 -57.0532 -38.7418
      vertex -41.0532 -60.0532 -36.3
      vertex -40.8527 -60.0532 -36.2912
    endloop
  endfacet
  facet normal 0.101249 0.630899 -0.76923
    outer loop
      vertex -41.4671 -57.0532 -29.2763
      vertex -41.4526 -60.0532 -31.7349
      vertex -41.8766 -57.0532 -29.3302
    endloop
  endfacet
  facet normal -0.245291 0.631127 -0.735874
    outer loop
      vertex -40.2665 -60.0532 -31.8387
      vertex -39.432 -57.0532 -29.5439
      vertex -39.4314 -57.0532 -29.5441
    endloop
  endfacet
  facet normal -0.233136 0.630905 -0.740004
    outer loop
      vertex -39.432 -57.0532 -29.5439
      vertex -40.2665 -60.0532 -31.8387
      vertex -40.4579 -60.0532 -31.7784
    endloop
  endfacet
  facet normal -0.30582 0.630301 -0.713579
    outer loop
      vertex -40.0812 -60.0532 -31.9155
      vertex -39.4314 -57.0532 -29.5441
      vertex -39.4307 -57.0532 -29.5444
    endloop
  endfacet
  facet normal -0.297062 0.630903 -0.71674
    outer loop
      vertex -39.4314 -57.0532 -29.5441
      vertex -40.0812 -60.0532 -31.9155
      vertex -40.2665 -60.0532 -31.8387
    endloop
  endfacet
  facet normal -0.524135 0.630914 0.57204
    outer loop
      vertex -37.7007 -57.0532 -37.3535
      vertex -38.0052 -57.0532 -37.6325
      vertex -39.5748 -60.0532 -35.7619
    endloop
  endfacet
  facet normal 0.691835 0.633802 -0.345918
    outer loop
      vertex -42.9372 -60.0532 -32.6808
      vertex -45.1597 -57.0532 -31.6291
      vertex -45.1594 -57.0532 -31.6285
    endloop
  endfacet
  facet normal 0.65434 0.630905 -0.416891
    outer loop
      vertex -45.1597 -57.0532 -31.6291
      vertex -42.9372 -60.0532 -32.6808
      vertex -43.045 -60.0532 -32.85
    endloop
  endfacet
  facet normal -0.033815 0.630914 0.775116
    outer loop
      vertex -40.8527 -60.0532 -36.2912
      vertex -40.6399 -57.0532 -38.7238
      vertex -41.0525 -57.0532 -38.7418
    endloop
  endfacet
  facet normal -0.358197 0.630912 -0.688219
    outer loop
      vertex -39.0486 -57.0532 -29.7027
      vertex -38.6822 -57.0532 -29.8934
      vertex -39.9032 -60.0532 -32.0081
    endloop
  endfacet
  facet normal -0.605676 0.631171 -0.484541
    outer loop
      vertex -37.4203 -57.0532 -30.9525
      vertex -39.2913 -60.0532 -32.5216
      vertex -37.4207 -57.0532 -30.952
    endloop
  endfacet
  facet normal -0.615445 0.630918 -0.472408
    outer loop
      vertex -39.2913 -60.0532 -32.5216
      vertex -37.4203 -57.0532 -30.9525
      vertex -39.1691 -60.0532 -32.6808
    endloop
  endfacet
  facet normal 0.65434 0.630905 0.416891
    outer loop
      vertex -42.9372 -60.0532 -35.3192
      vertex -45.1597 -57.0532 -36.3709
      vertex -43.045 -60.0532 -35.15
    endloop
  endfacet
  facet normal 0.691835 0.633802 0.345918
    outer loop
      vertex -45.1597 -57.0532 -36.3709
      vertex -42.9372 -60.0532 -35.3192
      vertex -45.1594 -57.0532 -36.3715
    endloop
  endfacet
  facet normal -0.472249 0.630908 -0.615577
    outer loop
      vertex -38.3334 -57.0532 -30.1157
      vertex -38.0057 -57.0532 -30.3671
      vertex -39.7339 -60.0532 -32.116
    endloop
  endfacet
  facet normal 0.654339 0.630917 -0.416876
    outer loop
      vertex -44.9375 -57.0532 -31.2802
      vertex -42.9372 -60.0532 -32.6808
      vertex -45.1594 -57.0532 -31.6285
    endloop
  endfacet
  facet normal 0.766787 0.629051 -0.127798
    outer loop
      vertex -43.3182 -60.0532 -33.6006
      vertex -45.777 -57.0532 -33.5867
      vertex -45.7769 -57.0532 -33.5861
    endloop
  endfacet
  facet normal 0.769209 0.630913 -0.101324
    outer loop
      vertex -45.777 -57.0532 -33.5867
      vertex -43.3182 -60.0532 -33.6006
      vertex -43.3444 -60.0532 -33.7995
    endloop
  endfacet
  facet normal -0.688183 0.630906 0.358276
    outer loop
      vertex -36.7559 -57.0532 -36.0046
      vertex -36.9466 -57.0532 -36.3709
      vertex -39.0613 -60.0532 -35.15
    endloop
  endfacet
  facet normal 0.693409 0.631649 -0.346704
    outer loop
      vertex -43.045 -60.0532 -32.85
      vertex -45.3508 -57.0532 -31.996
      vertex -45.3505 -57.0532 -31.9954
    endloop
  endfacet
  facet normal 0.688129 0.630912 -0.358369
    outer loop
      vertex -45.3508 -57.0532 -31.996
      vertex -43.045 -60.0532 -32.85
      vertex -43.1377 -60.0532 -33.028
    endloop
  endfacet
  facet normal -0.109787 0.630352 -0.768507
    outer loop
      vertex -40.6538 -60.0532 -31.7349
      vertex -40.6399 -57.0532 -29.2762
      vertex -40.6392 -57.0532 -29.2763
    endloop
  endfacet
  facet normal -0.100943 0.630921 -0.769252
    outer loop
      vertex -40.6399 -57.0532 -29.2762
      vertex -40.6538 -60.0532 -31.7349
      vertex -40.8527 -60.0532 -31.7088
    endloop
  endfacet
  facet normal 0.0338068 0.630914 0.775115
    outer loop
      vertex -41.2536 -60.0532 -36.2912
      vertex -41.0538 -57.0532 -38.7418
      vertex -41.4665 -57.0532 -38.7238
    endloop
  endfacet
  facet normal 0.128193 0.626069 0.769158
    outer loop
      vertex -41.0538 -57.0532 -38.7418
      vertex -41.0532 -60.0532 -36.3
      vertex -41.0532 -57.0532 -38.7419
    endloop
  endfacet
  facet normal 0.0340371 0.6309 0.775117
    outer loop
      vertex -41.0532 -60.0532 -36.3
      vertex -41.0538 -57.0532 -38.7418
      vertex -41.2536 -60.0532 -36.2912
    endloop
  endfacet
  facet normal -0.716769 0.630916 0.296963
    outer loop
      vertex -36.5975 -57.0532 -35.6224
      vertex -36.7556 -57.0532 -36.004
      vertex -38.9687 -60.0532 -34.972
    endloop
  endfacet
  facet normal 0.358062 0.630919 0.688283
    outer loop
      vertex -43.0572 -57.0532 -38.2976
      vertex -42.2032 -60.0532 -35.9919
      vertex -42.0252 -60.0532 -36.0845
    endloop
  endfacet
  facet normal 0.346709 0.631635 0.693419
    outer loop
      vertex -42.2032 -60.0532 -35.9919
      vertex -43.0572 -57.0532 -38.2976
      vertex -43.0578 -57.0532 -38.2973
    endloop
  endfacet
  facet normal 0.233245 0.630912 0.739964
    outer loop
      vertex -42.6744 -57.0532 -38.4561
      vertex -41.8398 -60.0532 -36.1613
      vertex -41.6485 -60.0532 -36.2216
    endloop
  endfacet
  facet normal 0.24529 0.631132 0.735871
    outer loop
      vertex -41.8398 -60.0532 -36.1613
      vertex -42.6744 -57.0532 -38.4561
      vertex -42.675 -57.0532 -38.4559
    endloop
  endfacet
  facet normal 0.571873 0.630917 0.524314
    outer loop
      vertex -42.6795 -60.0532 -35.6263
      vertex -44.4066 -57.0532 -37.3525
      vertex -42.8151 -60.0532 -35.4784
    endloop
  endfacet
  facet normal 0.607083 0.62895 0.485666
    outer loop
      vertex -44.4066 -57.0532 -37.3525
      vertex -42.6795 -60.0532 -35.6263
      vertex -44.4062 -57.0532 -37.353
    endloop
  endfacet
  facet normal 0.572047 0.630902 0.524142
    outer loop
      vertex -42.8151 -60.0532 -35.4784
      vertex -44.4066 -57.0532 -37.3525
      vertex -44.6856 -57.0532 -37.048
    endloop
  endfacet
  facet normal 0.688129 0.630912 0.358369
    outer loop
      vertex -43.045 -60.0532 -35.15
      vertex -45.3508 -57.0532 -36.004
      vertex -43.1377 -60.0532 -34.972
    endloop
  endfacet
  facet normal 0.693409 0.631649 0.346704
    outer loop
      vertex -45.3508 -57.0532 -36.004
      vertex -43.045 -60.0532 -35.15
      vertex -45.3505 -57.0532 -36.0046
    endloop
  endfacet
  facet normal -0.734163 0.633338 0.244721
    outer loop
      vertex -38.9687 -60.0532 -34.972
      vertex -36.5973 -57.0532 -35.6218
      vertex -36.5975 -57.0532 -35.6224
    endloop
  endfacet
  facet normal -0.71679 0.630912 0.296923
    outer loop
      vertex -36.5973 -57.0532 -35.6218
      vertex -38.9687 -60.0532 -34.972
      vertex -38.8919 -60.0532 -34.7866
    endloop
  endfacet
  facet normal -0.109431 0.63344 -0.766015
    outer loop
      vertex -40.4579 -60.0532 -31.7784
      vertex -40.2298 -57.0532 -29.3302
      vertex -40.2291 -57.0532 -29.3303
    endloop
  endfacet
  facet normal -0.168187 0.630894 -0.757421
    outer loop
      vertex -40.2298 -57.0532 -29.3302
      vertex -40.4579 -60.0532 -31.7784
      vertex -40.6538 -60.0532 -31.7349
    endloop
  endfacet
  facet normal 0.572047 0.630902 -0.524142
    outer loop
      vertex -44.4066 -57.0532 -30.6475
      vertex -42.8151 -60.0532 -32.5216
      vertex -44.6856 -57.0532 -30.952
    endloop
  endfacet
  facet normal -0.757496 0.630902 -0.167817
    outer loop
      vertex -38.8315 -60.0532 -33.4047
      vertex -36.3834 -57.0532 -33.1766
      vertex -38.7881 -60.0532 -33.6006
    endloop
  endfacet
  facet normal -0.766027 0.633424 -0.109432
    outer loop
      vertex -36.3834 -57.0532 -33.1766
      vertex -38.8315 -60.0532 -33.4047
      vertex -36.3835 -57.0532 -33.1759
    endloop
  endfacet
  facet normal -0.757467 0.630902 -0.16795
    outer loop
      vertex -36.4729 -57.0532 -32.7727
      vertex -36.3835 -57.0532 -33.1759
      vertex -38.8315 -60.0532 -33.4047
    endloop
  endfacet
  facet normal -0.548406 0.63127 -0.548406
    outer loop
      vertex -37.6997 -57.0532 -30.6475
      vertex -39.4268 -60.0532 -32.3737
      vertex -37.7002 -57.0532 -30.647
    endloop
  endfacet
  facet normal -0.572069 0.630911 -0.524107
    outer loop
      vertex -39.4268 -60.0532 -32.3737
      vertex -37.6997 -57.0532 -30.6475
      vertex -39.2913 -60.0532 -32.5216
    endloop
  endfacet
  facet normal -0.716769 0.630916 -0.296963
    outer loop
      vertex -36.7556 -57.0532 -31.996
      vertex -36.5975 -57.0532 -32.3776
      vertex -38.9687 -60.0532 -33.028
    endloop
  endfacet
  facet normal 0.358276 0.630906 0.688183
    outer loop
      vertex -42.2032 -60.0532 -35.9919
      vertex -43.0578 -57.0532 -38.2973
      vertex -43.4241 -57.0532 -38.1066
    endloop
  endfacet
  facet normal 0.417169 0.630898 0.65417
    outer loop
      vertex -43.4241 -57.0532 -38.1066
      vertex -42.3724 -60.0532 -35.884
      vertex -42.2032 -60.0532 -35.9919
    endloop
  endfacet
  facet normal 0.430848 0.629843 0.646272
    outer loop
      vertex -42.3724 -60.0532 -35.884
      vertex -43.4241 -57.0532 -38.1066
      vertex -43.4247 -57.0532 -38.1062
    endloop
  endfacet
  facet normal 0.716838 0.630912 0.296804
    outer loop
      vertex -43.1377 -60.0532 -34.972
      vertex -45.3508 -57.0532 -36.004
      vertex -45.5088 -57.0532 -35.6224
    endloop
  endfacet
  facet normal 0.416876 0.630917 -0.654339
    outer loop
      vertex -43.4247 -57.0532 -29.8938
      vertex -42.3724 -60.0532 -32.116
      vertex -43.773 -57.0532 -30.1157
    endloop
  endfacet
  facet normal 0.688103 0.63091 -0.358422
    outer loop
      vertex -45.1597 -57.0532 -31.6291
      vertex -43.045 -60.0532 -32.85
      vertex -45.3505 -57.0532 -31.9954
    endloop
  endfacet
  facet normal 0.168187 0.630894 0.757421
    outer loop
      vertex -41.8766 -57.0532 -38.6698
      vertex -41.6485 -60.0532 -36.2216
      vertex -41.4526 -60.0532 -36.2651
    endloop
  endfacet
  facet normal 0.127283 0.632904 0.763696
    outer loop
      vertex -41.6485 -60.0532 -36.2216
      vertex -41.8766 -57.0532 -38.6698
      vertex -41.8772 -57.0532 -38.6697
    endloop
  endfacet
  facet normal -0.615445 0.630918 0.472408
    outer loop
      vertex -37.4203 -57.0532 -37.0475
      vertex -39.2913 -60.0532 -35.4784
      vertex -39.1691 -60.0532 -35.3192
    endloop
  endfacet
  facet normal -0.605676 0.631171 0.484541
    outer loop
      vertex -39.2913 -60.0532 -35.4784
      vertex -37.4203 -57.0532 -37.0475
      vertex -37.4207 -57.0532 -37.048
    endloop
  endfacet
  facet normal 0.688103 0.63091 0.358422
    outer loop
      vertex -43.045 -60.0532 -35.15
      vertex -45.1597 -57.0532 -36.3709
      vertex -45.3505 -57.0532 -36.0046
    endloop
  endfacet
  facet normal -0.29687 0.630914 0.71681
    outer loop
      vertex -39.0492 -57.0532 -38.2976
      vertex -39.4307 -57.0532 -38.4556
      vertex -40.0812 -60.0532 -36.0845
    endloop
  endfacet
  facet normal -0.693419 0.631635 0.346709
    outer loop
      vertex -39.0613 -60.0532 -35.15
      vertex -36.7556 -57.0532 -36.004
      vertex -36.7559 -57.0532 -36.0046
    endloop
  endfacet
  facet normal -0.688283 0.630919 0.358062
    outer loop
      vertex -36.7556 -57.0532 -36.004
      vertex -39.0613 -60.0532 -35.15
      vertex -38.9687 -60.0532 -34.972
    endloop
  endfacet
  facet normal 0.472168 0.630911 0.615636
    outer loop
      vertex -44.1007 -57.0532 -37.6329
      vertex -42.5316 -60.0532 -35.7619
      vertex -42.3724 -60.0532 -35.884
    endloop
  endfacet
  facet normal 0.484541 0.631171 0.605676
    outer loop
      vertex -42.5316 -60.0532 -35.7619
      vertex -44.1007 -57.0532 -37.6329
      vertex -44.1012 -57.0532 -37.6325
    endloop
  endfacet
  facet normal 0.735871 0.631132 -0.24529
    outer loop
      vertex -43.2145 -60.0532 -33.2134
      vertex -45.5093 -57.0532 -32.3788
      vertex -45.5091 -57.0532 -32.3782
    endloop
  endfacet
  facet normal 0.739964 0.630912 -0.233245
    outer loop
      vertex -45.5093 -57.0532 -32.3788
      vertex -43.2145 -60.0532 -33.2134
      vertex -43.2748 -60.0532 -33.4047
    endloop
  endfacet
  facet normal 0.757455 0.630917 0.167948
    outer loop
      vertex -43.2748 -60.0532 -34.5953
      vertex -45.6335 -57.0532 -35.2273
      vertex -45.7229 -57.0532 -34.8241
    endloop
  endfacet
  facet normal 0.73994 0.630916 0.233309
    outer loop
      vertex -43.2748 -60.0532 -34.5953
      vertex -45.5093 -57.0532 -35.6212
      vertex -45.6335 -57.0532 -35.2273
    endloop
  endfacet
  facet normal 0.100892 0.630924 0.769256
    outer loop
      vertex -41.4665 -57.0532 -38.7238
      vertex -41.4526 -60.0532 -36.2651
      vertex -41.2536 -60.0532 -36.2912
    endloop
  endfacet
  facet normal 0.1278 0.629035 0.7668
    outer loop
      vertex -41.4526 -60.0532 -36.2651
      vertex -41.4665 -57.0532 -38.7238
      vertex -41.4671 -57.0532 -38.7237
    endloop
  endfacet
  facet normal -0.30582 0.630301 0.713579
    outer loop
      vertex -39.4314 -57.0532 -38.4559
      vertex -40.0812 -60.0532 -36.0845
      vertex -39.4307 -57.0532 -38.4556
    endloop
  endfacet
  facet normal -0.297062 0.630903 0.71674
    outer loop
      vertex -40.0812 -60.0532 -36.0845
      vertex -39.4314 -57.0532 -38.4559
      vertex -40.2665 -60.0532 -36.1613
    endloop
  endfacet
  facet normal -0.615579 0.630905 -0.472251
    outer loop
      vertex -37.4203 -57.0532 -30.9525
      vertex -37.1689 -57.0532 -31.2802
      vertex -39.1691 -60.0532 -32.6808
    endloop
  endfacet
  facet normal 0.654339 0.630917 0.416876
    outer loop
      vertex -42.9372 -60.0532 -35.3192
      vertex -44.9375 -57.0532 -36.7198
      vertex -45.1594 -57.0532 -36.3715
    endloop
  endfacet
  facet normal 0.615571 0.630918 0.472245
    outer loop
      vertex -42.9372 -60.0532 -35.3192
      vertex -44.6861 -57.0532 -37.0475
      vertex -44.9375 -57.0532 -36.7198
    endloop
  endfacet
  facet normal -0.484541 0.631171 -0.605676
    outer loop
      vertex -39.5748 -60.0532 -32.2381
      vertex -38.0057 -57.0532 -30.3671
      vertex -38.0052 -57.0532 -30.3675
    endloop
  endfacet
  facet normal -0.472353 0.630916 -0.61549
    outer loop
      vertex -38.0057 -57.0532 -30.3671
      vertex -39.5748 -60.0532 -32.2381
      vertex -39.7339 -60.0532 -32.116
    endloop
  endfacet
  facet normal 0.524307 0.630929 0.571866
    outer loop
      vertex -44.4057 -57.0532 -37.3535
      vertex -42.6795 -60.0532 -35.6263
      vertex -42.5316 -60.0532 -35.7619
    endloop
  endfacet
  facet normal 0.5484 0.631281 0.5484
    outer loop
      vertex -42.6795 -60.0532 -35.6263
      vertex -44.4057 -57.0532 -37.3535
      vertex -44.4062 -57.0532 -37.353
    endloop
  endfacet
  facet normal -0.654348 0.630903 -0.416881
    outer loop
      vertex -37.1689 -57.0532 -31.2802
      vertex -36.947 -57.0532 -31.6285
      vertex -39.1691 -60.0532 -32.6808
    endloop
  endfacet
  facet normal 0.296804 0.630912 -0.716838
    outer loop
      vertex -42.6756 -57.0532 -29.5444
      vertex -42.0252 -60.0532 -31.9155
      vertex -43.0572 -57.0532 -29.7024
    endloop
  endfacet
  facet normal 0.766015 0.63344 -0.109431
    outer loop
      vertex -43.2748 -60.0532 -33.4047
      vertex -45.723 -57.0532 -33.1766
      vertex -45.7229 -57.0532 -33.1759
    endloop
  endfacet
  facet normal 0.757484 0.630917 -0.167814
    outer loop
      vertex -45.723 -57.0532 -33.1766
      vertex -43.2748 -60.0532 -33.4047
      vertex -43.3182 -60.0532 -33.6006
    endloop
  endfacet
  facet normal 0.524135 0.630914 0.57204
    outer loop
      vertex -42.5316 -60.0532 -35.7619
      vertex -44.1012 -57.0532 -37.6325
      vertex -44.4057 -57.0532 -37.3535
    endloop
  endfacet
  facet normal 0.417169 0.630898 -0.65417
    outer loop
      vertex -42.3724 -60.0532 -32.116
      vertex -43.4241 -57.0532 -29.8934
      vertex -42.2032 -60.0532 -32.0081
    endloop
  endfacet
  facet normal 0.430848 0.629843 -0.646272
    outer loop
      vertex -43.4241 -57.0532 -29.8934
      vertex -42.3724 -60.0532 -32.116
      vertex -43.4247 -57.0532 -29.8938
    endloop
  endfacet
  facet normal -0.488396 0.623511 0.610495
    outer loop
      vertex -38.6822 -57.0532 -38.1066
      vertex -39.7339 -60.0532 -35.884
      vertex -38.6817 -57.0532 -38.1062
    endloop
  endfacet
  facet normal -0.416988 0.630911 0.654273
    outer loop
      vertex -39.7339 -60.0532 -35.884
      vertex -38.6822 -57.0532 -38.1066
      vertex -39.9032 -60.0532 -35.9919
    endloop
  endfacet
  facet normal 0.233245 0.630912 -0.739964
    outer loop
      vertex -41.8398 -60.0532 -31.8387
      vertex -42.6744 -57.0532 -29.5439
      vertex -41.6485 -60.0532 -31.7784
    endloop
  endfacet
  facet normal 0.24529 0.631132 -0.735871
    outer loop
      vertex -42.6744 -57.0532 -29.5439
      vertex -41.8398 -60.0532 -31.8387
      vertex -42.675 -57.0532 -29.5441
    endloop
  endfacet
  facet normal 0.472245 0.630918 -0.615571
    outer loop
      vertex -43.773 -57.0532 -30.1157
      vertex -42.3724 -60.0532 -32.116
      vertex -44.1007 -57.0532 -30.3671
    endloop
  endfacet
  facet normal 0.472168 0.630911 -0.615636
    outer loop
      vertex -42.5316 -60.0532 -32.2381
      vertex -44.1007 -57.0532 -30.3671
      vertex -42.3724 -60.0532 -32.116
    endloop
  endfacet
  facet normal 0.484541 0.631171 -0.605676
    outer loop
      vertex -44.1007 -57.0532 -30.3671
      vertex -42.5316 -60.0532 -32.2381
      vertex -44.1012 -57.0532 -30.3675
    endloop
  endfacet
  facet normal 0.607083 0.62895 -0.485666
    outer loop
      vertex -42.6795 -60.0532 -32.3737
      vertex -44.4066 -57.0532 -30.6475
      vertex -44.4062 -57.0532 -30.647
    endloop
  endfacet
  facet normal 0.571873 0.630917 -0.524314
    outer loop
      vertex -44.4066 -57.0532 -30.6475
      vertex -42.6795 -60.0532 -32.3737
      vertex -42.8151 -60.0532 -32.5216
    endloop
  endfacet
  facet normal -0.416879 0.630908 0.654344
    outer loop
      vertex -38.3334 -57.0532 -37.8843
      vertex -38.6817 -57.0532 -38.1062
      vertex -39.7339 -60.0532 -35.884
    endloop
  endfacet
  facet normal 0.697108 0.626538 -0.348554
    outer loop
      vertex -43.1377 -60.0532 -33.028
      vertex -45.5091 -57.0532 -32.3782
      vertex -45.5088 -57.0532 -32.3776
    endloop
  endfacet
  facet normal 0.71679 0.630912 -0.296923
    outer loop
      vertex -45.5091 -57.0532 -32.3782
      vertex -43.1377 -60.0532 -33.028
      vertex -43.2145 -60.0532 -33.2134
    endloop
  endfacet
  facet normal 0.615636 0.630911 0.472168
    outer loop
      vertex -42.8151 -60.0532 -35.4784
      vertex -44.6861 -57.0532 -37.0475
      vertex -42.9372 -60.0532 -35.3192
    endloop
  endfacet
  facet normal 0.549242 0.629815 0.549242
    outer loop
      vertex -44.6861 -57.0532 -37.0475
      vertex -42.8151 -60.0532 -35.4784
      vertex -44.6856 -57.0532 -37.048
    endloop
  endfacet
  facet normal 0.549242 0.629815 -0.549242
    outer loop
      vertex -42.8151 -60.0532 -32.5216
      vertex -44.6861 -57.0532 -30.9525
      vertex -44.6856 -57.0532 -30.952
    endloop
  endfacet
  facet normal 0.615636 0.630911 -0.472168
    outer loop
      vertex -44.6861 -57.0532 -30.9525
      vertex -42.8151 -60.0532 -32.5216
      vertex -42.9372 -60.0532 -32.6808
    endloop
  endfacet
  facet normal 0.100892 0.630924 -0.769256
    outer loop
      vertex -41.4526 -60.0532 -31.7349
      vertex -41.4665 -57.0532 -29.2762
      vertex -41.2536 -60.0532 -31.7088
    endloop
  endfacet
  facet normal 0.1278 0.629035 -0.7668
    outer loop
      vertex -41.4665 -57.0532 -29.2762
      vertex -41.4526 -60.0532 -31.7349
      vertex -41.4671 -57.0532 -29.2763
    endloop
  endfacet
  facet normal 0.130042 0 0.991508
    outer loop
      vertex -41.4526 -60.0532 -74.2651
      vertex -41.2536 -63.0532 -74.2912
      vertex -41.2536 -60.0532 -74.2912
    endloop
  endfacet
  facet normal 0.130042 0 0.991508
    outer loop
      vertex -41.2536 -63.0532 -74.2912
      vertex -41.4526 -60.0532 -74.2651
      vertex -41.4526 -63.0532 -74.2651
    endloop
  endfacet
  facet normal -0.991436 0 0.130596
    outer loop
      vertex -38.7881 -63.0532 -72.3994
      vertex -38.7619 -60.0532 -72.2005
      vertex -38.7881 -60.0532 -72.3994
    endloop
  endfacet
  facet normal -0.991436 0 0.130596
    outer loop
      vertex -38.7619 -60.0532 -72.2005
      vertex -38.7881 -63.0532 -72.3994
      vertex -38.7619 -63.0532 -72.2005
    endloop
  endfacet
  facet normal -0.99906 0 0.0433507
    outer loop
      vertex -38.7619 -63.0532 -72.2005
      vertex -38.7532 -60.0532 -72
      vertex -38.7619 -60.0532 -72.2005
    endloop
  endfacet
  facet normal -0.99906 0 0.0433507
    outer loop
      vertex -38.7532 -60.0532 -72
      vertex -38.7619 -63.0532 -72.2005
      vertex -38.7532 -63.0532 -72
    endloop
  endfacet
  facet normal -0.976328 0 0.216297
    outer loop
      vertex -38.8315 -63.0532 -72.5953
      vertex -38.7881 -60.0532 -72.3994
      vertex -38.8315 -60.0532 -72.5953
    endloop
  endfacet
  facet normal -0.976328 0 0.216297
    outer loop
      vertex -38.7881 -60.0532 -72.3994
      vertex -38.8315 -63.0532 -72.5953
      vertex -38.7881 -63.0532 -72.3994
    endloop
  endfacet
  facet normal -0.99906 0 -0.0433507
    outer loop
      vertex -38.7532 -63.0532 -72
      vertex -38.7619 -60.0532 -71.7995
      vertex -38.7532 -60.0532 -72
    endloop
  endfacet
  facet normal -0.99906 -0 -0.0433507
    outer loop
      vertex -38.7619 -60.0532 -71.7995
      vertex -38.7532 -63.0532 -72
      vertex -38.7619 -63.0532 -71.7995
    endloop
  endfacet
  facet normal 0.608578 0 -0.793494
    outer loop
      vertex -42.5316 -63.0532 -70.2381
      vertex -42.3724 -60.0532 -70.116
      vertex -42.3724 -63.0532 -70.116
    endloop
  endfacet
  facet normal 0.608578 0 -0.793494
    outer loop
      vertex -42.3724 -60.0532 -70.116
      vertex -42.5316 -63.0532 -70.2381
      vertex -42.5316 -60.0532 -70.2381
    endloop
  endfacet
  facet normal 0.953741 -0 0.30063
    outer loop
      vertex -43.2748 -63.0532 -72.5953
      vertex -43.2145 -60.0532 -72.7866
      vertex -43.2748 -60.0532 -72.5953
    endloop
  endfacet
  facet normal 0.953741 0 0.30063
    outer loop
      vertex -43.2145 -60.0532 -72.7866
      vertex -43.2748 -63.0532 -72.5953
      vertex -43.2145 -63.0532 -72.7866
    endloop
  endfacet
  facet normal -0.675544 0 0.73732
    outer loop
      vertex -39.5748 -60.0532 -73.7619
      vertex -39.4268 -63.0532 -73.6263
      vertex -39.4268 -60.0532 -73.6263
    endloop
  endfacet
  facet normal -0.675544 0 0.73732
    outer loop
      vertex -39.4268 -63.0532 -73.6263
      vertex -39.5748 -60.0532 -73.7619
      vertex -39.5748 -63.0532 -73.7619
    endloop
  endfacet
  facet normal 0.953741 0 -0.30063
    outer loop
      vertex -43.2145 -63.0532 -71.2134
      vertex -43.2748 -60.0532 -71.4047
      vertex -43.2145 -60.0532 -71.2134
    endloop
  endfacet
  facet normal 0.953741 0 -0.30063
    outer loop
      vertex -43.2748 -60.0532 -71.4047
      vertex -43.2145 -63.0532 -71.2134
      vertex -43.2748 -63.0532 -71.4047
    endloop
  endfacet
  facet normal 0.793494 0 -0.608578
    outer loop
      vertex -42.8151 -63.0532 -70.5216
      vertex -42.9372 -60.0532 -70.6808
      vertex -42.8151 -60.0532 -70.5216
    endloop
  endfacet
  facet normal 0.793494 0 -0.608578
    outer loop
      vertex -42.9372 -60.0532 -70.6808
      vertex -42.8151 -63.0532 -70.5216
      vertex -42.9372 -63.0532 -70.6808
    endloop
  endfacet
  facet normal -0.38288 0 0.923798
    outer loop
      vertex -40.2665 -60.0532 -74.1613
      vertex -40.0812 -63.0532 -74.0845
      vertex -40.0812 -60.0532 -74.0845
    endloop
  endfacet
  facet normal -0.38288 0 0.923798
    outer loop
      vertex -40.0812 -63.0532 -74.0845
      vertex -40.2665 -60.0532 -74.1613
      vertex -40.2665 -63.0532 -74.1613
    endloop
  endfacet
  facet normal -0.843374 0 -0.537327
    outer loop
      vertex -39.0613 -63.0532 -70.85
      vertex -39.1691 -60.0532 -70.6808
      vertex -39.0613 -60.0532 -70.85
    endloop
  endfacet
  facet normal -0.843374 -0 -0.537327
    outer loop
      vertex -39.1691 -60.0532 -70.6808
      vertex -39.0613 -63.0532 -70.85
      vertex -39.1691 -63.0532 -70.6808
    endloop
  endfacet
  facet normal -0.73734 0 0.675521
    outer loop
      vertex -39.4268 -63.0532 -73.6263
      vertex -39.2913 -60.0532 -73.4784
      vertex -39.4268 -60.0532 -73.6263
    endloop
  endfacet
  facet normal -0.73734 0 0.675521
    outer loop
      vertex -39.2913 -60.0532 -73.4784
      vertex -39.4268 -63.0532 -73.6263
      vertex -39.2913 -63.0532 -73.4784
    endloop
  endfacet
  facet normal -0.793253 0 0.608892
    outer loop
      vertex -39.2913 -63.0532 -73.4784
      vertex -39.1691 -60.0532 -73.3192
      vertex -39.2913 -60.0532 -73.4784
    endloop
  endfacet
  facet normal -0.793253 0 0.608892
    outer loop
      vertex -39.1691 -60.0532 -73.3192
      vertex -39.2913 -63.0532 -73.4784
      vertex -39.1691 -63.0532 -73.3192
    endloop
  endfacet
  facet normal -0.537456 0 0.843292
    outer loop
      vertex -39.9032 -60.0532 -73.9919
      vertex -39.7339 -63.0532 -73.884
      vertex -39.7339 -60.0532 -73.884
    endloop
  endfacet
  facet normal -0.537456 0 0.843292
    outer loop
      vertex -39.7339 -63.0532 -73.884
      vertex -39.9032 -60.0532 -73.9919
      vertex -39.9032 -63.0532 -73.9919
    endloop
  endfacet
  facet normal -0.216772 0 0.976222
    outer loop
      vertex -40.6538 -60.0532 -74.2651
      vertex -40.4579 -63.0532 -74.2216
      vertex -40.4579 -60.0532 -74.2216
    endloop
  endfacet
  facet normal -0.216772 0 0.976222
    outer loop
      vertex -40.4579 -63.0532 -74.2216
      vertex -40.6538 -60.0532 -74.2651
      vertex -40.6538 -63.0532 -74.2651
    endloop
  endfacet
  facet normal 0.0438699 0 -0.999037
    outer loop
      vertex -41.2536 -63.0532 -69.7088
      vertex -41.0532 -60.0532 -69.7
      vertex -41.0532 -63.0532 -69.7
    endloop
  endfacet
  facet normal 0.0438699 0 -0.999037
    outer loop
      vertex -41.0532 -60.0532 -69.7
      vertex -41.2536 -63.0532 -69.7088
      vertex -41.2536 -60.0532 -69.7088
    endloop
  endfacet
  facet normal 0.216772 0 0.976222
    outer loop
      vertex -41.6485 -60.0532 -74.2216
      vertex -41.4526 -63.0532 -74.2651
      vertex -41.4526 -60.0532 -74.2651
    endloop
  endfacet
  facet normal 0.216772 0 0.976222
    outer loop
      vertex -41.4526 -63.0532 -74.2651
      vertex -41.6485 -60.0532 -74.2216
      vertex -41.6485 -63.0532 -74.2216
    endloop
  endfacet
  facet normal 0.793494 -0 0.608578
    outer loop
      vertex -42.9372 -63.0532 -73.3192
      vertex -42.8151 -60.0532 -73.4784
      vertex -42.9372 -60.0532 -73.3192
    endloop
  endfacet
  facet normal 0.793494 0 0.608578
    outer loop
      vertex -42.8151 -60.0532 -73.4784
      vertex -42.9372 -63.0532 -73.3192
      vertex -42.8151 -63.0532 -73.4784
    endloop
  endfacet
  facet normal 0.991436 0 -0.130596
    outer loop
      vertex -43.3182 -63.0532 -71.6006
      vertex -43.3444 -60.0532 -71.7995
      vertex -43.3182 -60.0532 -71.6006
    endloop
  endfacet
  facet normal 0.991436 0 -0.130596
    outer loop
      vertex -43.3444 -60.0532 -71.7995
      vertex -43.3182 -63.0532 -71.6006
      vertex -43.3444 -63.0532 -71.7995
    endloop
  endfacet
  facet normal 0.46151 0 0.887135
    outer loop
      vertex -42.2032 -60.0532 -73.9919
      vertex -42.0252 -63.0532 -74.0845
      vertex -42.0252 -60.0532 -74.0845
    endloop
  endfacet
  facet normal 0.46151 0 0.887135
    outer loop
      vertex -42.0252 -63.0532 -74.0845
      vertex -42.2032 -60.0532 -73.9919
      vertex -42.2032 -63.0532 -73.9919
    endloop
  endfacet
  facet normal -0.46151 0 -0.887135
    outer loop
      vertex -40.0812 -63.0532 -69.9155
      vertex -39.9032 -60.0532 -70.0081
      vertex -39.9032 -63.0532 -70.0081
    endloop
  endfacet
  facet normal -0.46151 0 -0.887135
    outer loop
      vertex -39.9032 -60.0532 -70.0081
      vertex -40.0812 -63.0532 -69.9155
      vertex -40.0812 -60.0532 -69.9155
    endloop
  endfacet
  facet normal -0.608819 0 0.793309
    outer loop
      vertex -39.7339 -60.0532 -73.884
      vertex -39.5748 -63.0532 -73.7619
      vertex -39.5748 -60.0532 -73.7619
    endloop
  endfacet
  facet normal -0.608819 0 0.793309
    outer loop
      vertex -39.5748 -63.0532 -73.7619
      vertex -39.7339 -60.0532 -73.884
      vertex -39.7339 -63.0532 -73.884
    endloop
  endfacet
  facet normal -0.991436 0 -0.130596
    outer loop
      vertex -38.7619 -63.0532 -71.7995
      vertex -38.7881 -60.0532 -71.6006
      vertex -38.7619 -60.0532 -71.7995
    endloop
  endfacet
  facet normal -0.991436 -0 -0.130596
    outer loop
      vertex -38.7881 -60.0532 -71.6006
      vertex -38.7619 -63.0532 -71.7995
      vertex -38.7881 -63.0532 -71.6006
    endloop
  endfacet
  facet normal -0.923871 0 -0.382704
    outer loop
      vertex -38.8919 -63.0532 -71.2134
      vertex -38.9687 -60.0532 -71.028
      vertex -38.8919 -60.0532 -71.2134
    endloop
  endfacet
  facet normal -0.923871 -0 -0.382704
    outer loop
      vertex -38.9687 -60.0532 -71.028
      vertex -38.8919 -63.0532 -71.2134
      vertex -38.9687 -63.0532 -71.028
    endloop
  endfacet
  facet normal -0.300487 0 0.953786
    outer loop
      vertex -40.4579 -60.0532 -74.2216
      vertex -40.2665 -63.0532 -74.1613
      vertex -40.2665 -60.0532 -74.1613
    endloop
  endfacet
  facet normal -0.300487 0 0.953786
    outer loop
      vertex -40.2665 -63.0532 -74.1613
      vertex -40.4579 -60.0532 -74.2216
      vertex -40.4579 -63.0532 -74.2216
    endloop
  endfacet
  facet normal 0.0438699 0 0.999037
    outer loop
      vertex -41.2536 -60.0532 -74.2912
      vertex -41.0532 -63.0532 -74.3
      vertex -41.0532 -60.0532 -74.3
    endloop
  endfacet
  facet normal 0.0438699 0 0.999037
    outer loop
      vertex -41.0532 -63.0532 -74.3
      vertex -41.2536 -60.0532 -74.2912
      vertex -41.2536 -63.0532 -74.2912
    endloop
  endfacet
  facet normal 0.737092 0 -0.675792
    outer loop
      vertex -42.6795 -63.0532 -70.3737
      vertex -42.8151 -60.0532 -70.5216
      vertex -42.6795 -60.0532 -70.3737
    endloop
  endfacet
  facet normal 0.737092 0 -0.675792
    outer loop
      vertex -42.8151 -60.0532 -70.5216
      vertex -42.6795 -63.0532 -70.3737
      vertex -42.8151 -63.0532 -70.5216
    endloop
  endfacet
  facet normal 0.886931 -0 0.461902
    outer loop
      vertex -43.1377 -63.0532 -72.972
      vertex -43.045 -60.0532 -73.15
      vertex -43.1377 -60.0532 -72.972
    endloop
  endfacet
  facet normal 0.886931 0 0.461902
    outer loop
      vertex -43.045 -60.0532 -73.15
      vertex -43.1377 -63.0532 -72.972
      vertex -43.045 -63.0532 -73.15
    endloop
  endfacet
  facet normal -0.216772 0 -0.976222
    outer loop
      vertex -40.6538 -63.0532 -69.7349
      vertex -40.4579 -60.0532 -69.7784
      vertex -40.4579 -63.0532 -69.7784
    endloop
  endfacet
  facet normal -0.216772 0 -0.976222
    outer loop
      vertex -40.4579 -60.0532 -69.7784
      vertex -40.6538 -63.0532 -69.7349
      vertex -40.6538 -60.0532 -69.7349
    endloop
  endfacet
  facet normal -0.130106 0 -0.9915
    outer loop
      vertex -40.8527 -63.0532 -69.7088
      vertex -40.6538 -60.0532 -69.7349
      vertex -40.6538 -63.0532 -69.7349
    endloop
  endfacet
  facet normal -0.130106 0 -0.9915
    outer loop
      vertex -40.6538 -60.0532 -69.7349
      vertex -40.8527 -63.0532 -69.7088
      vertex -40.8527 -60.0532 -69.7088
    endloop
  endfacet
  facet normal -0.46151 0 0.887135
    outer loop
      vertex -40.0812 -60.0532 -74.0845
      vertex -39.9032 -63.0532 -73.9919
      vertex -39.9032 -60.0532 -73.9919
    endloop
  endfacet
  facet normal -0.46151 0 0.887135
    outer loop
      vertex -39.9032 -63.0532 -73.9919
      vertex -40.0812 -60.0532 -74.0845
      vertex -40.0812 -63.0532 -74.0845
    endloop
  endfacet
  facet normal -0.0438481 0 0.999038
    outer loop
      vertex -41.0532 -60.0532 -74.3
      vertex -40.8527 -63.0532 -74.2912
      vertex -40.8527 -60.0532 -74.2912
    endloop
  endfacet
  facet normal -0.0438481 0 0.999038
    outer loop
      vertex -40.8527 -63.0532 -74.2912
      vertex -41.0532 -60.0532 -74.3
      vertex -41.0532 -63.0532 -74.3
    endloop
  endfacet
  facet normal 0.30063 0 -0.953741
    outer loop
      vertex -41.8398 -63.0532 -69.8387
      vertex -41.6485 -60.0532 -69.7784
      vertex -41.6485 -63.0532 -69.7784
    endloop
  endfacet
  facet normal 0.30063 0 -0.953741
    outer loop
      vertex -41.6485 -60.0532 -69.7784
      vertex -41.8398 -63.0532 -69.8387
      vertex -41.8398 -60.0532 -69.8387
    endloop
  endfacet
  facet normal -0.608819 0 -0.793309
    outer loop
      vertex -39.7339 -63.0532 -70.116
      vertex -39.5748 -60.0532 -70.2381
      vertex -39.5748 -63.0532 -70.2381
    endloop
  endfacet
  facet normal -0.608819 0 -0.793309
    outer loop
      vertex -39.5748 -60.0532 -70.2381
      vertex -39.7339 -63.0532 -70.116
      vertex -39.7339 -60.0532 -70.116
    endloop
  endfacet
  facet normal 0.537681 0 -0.843148
    outer loop
      vertex -42.3724 -63.0532 -70.116
      vertex -42.2032 -60.0532 -70.0081
      vertex -42.2032 -63.0532 -70.0081
    endloop
  endfacet
  facet normal 0.537681 0 -0.843148
    outer loop
      vertex -42.2032 -60.0532 -70.0081
      vertex -42.3724 -63.0532 -70.116
      vertex -42.3724 -60.0532 -70.116
    endloop
  endfacet
  facet normal -0.793253 0 -0.608892
    outer loop
      vertex -39.1691 -63.0532 -70.6808
      vertex -39.2913 -60.0532 -70.5216
      vertex -39.1691 -60.0532 -70.6808
    endloop
  endfacet
  facet normal -0.793253 -0 -0.608892
    outer loop
      vertex -39.2913 -60.0532 -70.5216
      vertex -39.1691 -63.0532 -70.6808
      vertex -39.2913 -63.0532 -70.5216
    endloop
  endfacet
  facet normal -0.976328 0 -0.216297
    outer loop
      vertex -38.7881 -63.0532 -71.6006
      vertex -38.8315 -60.0532 -71.4047
      vertex -38.7881 -60.0532 -71.6006
    endloop
  endfacet
  facet normal -0.976328 -0 -0.216297
    outer loop
      vertex -38.8315 -60.0532 -71.4047
      vertex -38.7881 -63.0532 -71.6006
      vertex -38.8315 -63.0532 -71.4047
    endloop
  endfacet
  facet normal 0.675792 0 0.737092
    outer loop
      vertex -42.6795 -60.0532 -73.6263
      vertex -42.5316 -63.0532 -73.7619
      vertex -42.5316 -60.0532 -73.7619
    endloop
  endfacet
  facet normal 0.675792 0 0.737092
    outer loop
      vertex -42.5316 -63.0532 -73.7619
      vertex -42.6795 -60.0532 -73.6263
      vertex -42.6795 -63.0532 -73.6263
    endloop
  endfacet
  facet normal 0.608578 0 0.793494
    outer loop
      vertex -42.5316 -60.0532 -73.7619
      vertex -42.3724 -63.0532 -73.884
      vertex -42.3724 -60.0532 -73.884
    endloop
  endfacet
  facet normal 0.608578 0 0.793494
    outer loop
      vertex -42.3724 -63.0532 -73.884
      vertex -42.5316 -60.0532 -73.7619
      vertex -42.5316 -63.0532 -73.7619
    endloop
  endfacet
  facet normal -0.887135 0 0.46151
    outer loop
      vertex -39.0613 -63.0532 -73.15
      vertex -38.9687 -60.0532 -72.972
      vertex -39.0613 -60.0532 -73.15
    endloop
  endfacet
  facet normal -0.887135 0 0.46151
    outer loop
      vertex -38.9687 -60.0532 -72.972
      vertex -39.0613 -63.0532 -73.15
      vertex -38.9687 -63.0532 -72.972
    endloop
  endfacet
  facet normal -0.843374 0 0.537327
    outer loop
      vertex -39.1691 -63.0532 -73.3192
      vertex -39.0613 -60.0532 -73.15
      vertex -39.1691 -60.0532 -73.3192
    endloop
  endfacet
  facet normal -0.843374 0 0.537327
    outer loop
      vertex -39.0613 -60.0532 -73.15
      vertex -39.1691 -63.0532 -73.3192
      vertex -39.0613 -63.0532 -73.15
    endloop
  endfacet
  facet normal -0.953598 0 -0.301084
    outer loop
      vertex -38.8315 -63.0532 -71.4047
      vertex -38.8919 -60.0532 -71.2134
      vertex -38.8315 -60.0532 -71.4047
    endloop
  endfacet
  facet normal -0.953598 -0 -0.301084
    outer loop
      vertex -38.8919 -60.0532 -71.2134
      vertex -38.8315 -63.0532 -71.4047
      vertex -38.8919 -63.0532 -71.2134
    endloop
  endfacet
  facet normal 0.537681 0 0.843148
    outer loop
      vertex -42.3724 -60.0532 -73.884
      vertex -42.2032 -63.0532 -73.9919
      vertex -42.2032 -60.0532 -73.9919
    endloop
  endfacet
  facet normal 0.537681 0 0.843148
    outer loop
      vertex -42.2032 -63.0532 -73.9919
      vertex -42.3724 -60.0532 -73.884
      vertex -42.3724 -63.0532 -73.884
    endloop
  endfacet
  facet normal 0.130042 0 -0.991508
    outer loop
      vertex -41.4526 -63.0532 -69.7349
      vertex -41.2536 -60.0532 -69.7088
      vertex -41.2536 -63.0532 -69.7088
    endloop
  endfacet
  facet normal 0.130042 0 -0.991508
    outer loop
      vertex -41.2536 -60.0532 -69.7088
      vertex -41.4526 -63.0532 -69.7349
      vertex -41.4526 -60.0532 -69.7349
    endloop
  endfacet
  facet normal 0.30063 0 0.953741
    outer loop
      vertex -41.8398 -60.0532 -74.1613
      vertex -41.6485 -63.0532 -74.2216
      vertex -41.6485 -60.0532 -74.2216
    endloop
  endfacet
  facet normal 0.30063 0 0.953741
    outer loop
      vertex -41.6485 -63.0532 -74.2216
      vertex -41.8398 -60.0532 -74.1613
      vertex -41.8398 -63.0532 -74.1613
    endloop
  endfacet
  facet normal -0.38288 0 -0.923798
    outer loop
      vertex -40.2665 -63.0532 -69.8387
      vertex -40.0812 -60.0532 -69.9155
      vertex -40.0812 -63.0532 -69.9155
    endloop
  endfacet
  facet normal -0.38288 0 -0.923798
    outer loop
      vertex -40.0812 -60.0532 -69.9155
      vertex -40.2665 -63.0532 -69.8387
      vertex -40.2665 -60.0532 -69.8387
    endloop
  endfacet
  facet normal -0.923871 0 0.382704
    outer loop
      vertex -38.9687 -63.0532 -72.972
      vertex -38.8919 -60.0532 -72.7866
      vertex -38.9687 -60.0532 -72.972
    endloop
  endfacet
  facet normal -0.923871 0 0.382704
    outer loop
      vertex -38.8919 -60.0532 -72.7866
      vertex -38.9687 -63.0532 -72.972
      vertex -38.8919 -63.0532 -72.7866
    endloop
  endfacet
  facet normal -0.0438481 0 -0.999038
    outer loop
      vertex -41.0532 -63.0532 -69.7
      vertex -40.8527 -60.0532 -69.7088
      vertex -40.8527 -63.0532 -69.7088
    endloop
  endfacet
  facet normal -0.0438481 0 -0.999038
    outer loop
      vertex -40.8527 -60.0532 -69.7088
      vertex -41.0532 -63.0532 -69.7
      vertex -41.0532 -60.0532 -69.7
    endloop
  endfacet
  facet normal 0.999038 0 -0.0438481
    outer loop
      vertex -43.3444 -63.0532 -71.7995
      vertex -43.3532 -60.0532 -72
      vertex -43.3444 -60.0532 -71.7995
    endloop
  endfacet
  facet normal 0.999038 0 -0.0438481
    outer loop
      vertex -43.3532 -60.0532 -72
      vertex -43.3444 -63.0532 -71.7995
      vertex -43.3532 -63.0532 -72
    endloop
  endfacet
  facet normal 0.999038 -0 0.0438481
    outer loop
      vertex -43.3532 -63.0532 -72
      vertex -43.3444 -60.0532 -72.2005
      vertex -43.3532 -60.0532 -72
    endloop
  endfacet
  facet normal 0.999038 0 0.0438481
    outer loop
      vertex -43.3444 -60.0532 -72.2005
      vertex -43.3532 -63.0532 -72
      vertex -43.3444 -63.0532 -72.2005
    endloop
  endfacet
  facet normal -0.887135 0 -0.46151
    outer loop
      vertex -38.9687 -63.0532 -71.028
      vertex -39.0613 -60.0532 -70.85
      vertex -38.9687 -60.0532 -71.028
    endloop
  endfacet
  facet normal -0.887135 -0 -0.46151
    outer loop
      vertex -39.0613 -60.0532 -70.85
      vertex -38.9687 -63.0532 -71.028
      vertex -39.0613 -63.0532 -70.85
    endloop
  endfacet
  facet normal 0.737092 -0 0.675792
    outer loop
      vertex -42.8151 -63.0532 -73.4784
      vertex -42.6795 -60.0532 -73.6263
      vertex -42.8151 -60.0532 -73.4784
    endloop
  endfacet
  facet normal 0.737092 0 0.675792
    outer loop
      vertex -42.6795 -60.0532 -73.6263
      vertex -42.8151 -63.0532 -73.4784
      vertex -42.6795 -63.0532 -73.6263
    endloop
  endfacet
  facet normal 0.382704 0 0.923871
    outer loop
      vertex -42.0252 -60.0532 -74.0845
      vertex -41.8398 -63.0532 -74.1613
      vertex -41.8398 -60.0532 -74.1613
    endloop
  endfacet
  facet normal 0.382704 0 0.923871
    outer loop
      vertex -41.8398 -63.0532 -74.1613
      vertex -42.0252 -60.0532 -74.0845
      vertex -42.0252 -63.0532 -74.0845
    endloop
  endfacet
  facet normal -0.537456 0 -0.843292
    outer loop
      vertex -39.9032 -63.0532 -70.0081
      vertex -39.7339 -60.0532 -70.116
      vertex -39.7339 -63.0532 -70.116
    endloop
  endfacet
  facet normal -0.537456 0 -0.843292
    outer loop
      vertex -39.7339 -60.0532 -70.116
      vertex -39.9032 -63.0532 -70.0081
      vertex -39.9032 -60.0532 -70.0081
    endloop
  endfacet
  facet normal 0.976328 -0 0.216297
    outer loop
      vertex -43.3182 -63.0532 -72.3994
      vertex -43.2748 -60.0532 -72.5953
      vertex -43.3182 -60.0532 -72.3994
    endloop
  endfacet
  facet normal 0.976328 0 0.216297
    outer loop
      vertex -43.2748 -60.0532 -72.5953
      vertex -43.3182 -63.0532 -72.3994
      vertex -43.2748 -63.0532 -72.5953
    endloop
  endfacet
  facet normal 0.976328 0 -0.216297
    outer loop
      vertex -43.2748 -63.0532 -71.4047
      vertex -43.3182 -60.0532 -71.6006
      vertex -43.2748 -60.0532 -71.4047
    endloop
  endfacet
  facet normal 0.976328 0 -0.216297
    outer loop
      vertex -43.3182 -60.0532 -71.6006
      vertex -43.2748 -63.0532 -71.4047
      vertex -43.3182 -63.0532 -71.6006
    endloop
  endfacet
  facet normal -0.130106 0 0.9915
    outer loop
      vertex -40.8527 -60.0532 -74.2912
      vertex -40.6538 -63.0532 -74.2651
      vertex -40.6538 -60.0532 -74.2651
    endloop
  endfacet
  facet normal -0.130106 0 0.9915
    outer loop
      vertex -40.6538 -63.0532 -74.2651
      vertex -40.8527 -60.0532 -74.2912
      vertex -40.8527 -63.0532 -74.2912
    endloop
  endfacet
  facet normal 0.843374 -0 0.537327
    outer loop
      vertex -43.045 -63.0532 -73.15
      vertex -42.9372 -60.0532 -73.3192
      vertex -43.045 -60.0532 -73.15
    endloop
  endfacet
  facet normal 0.843374 0 0.537327
    outer loop
      vertex -42.9372 -60.0532 -73.3192
      vertex -43.045 -63.0532 -73.15
      vertex -42.9372 -63.0532 -73.3192
    endloop
  endfacet
  facet normal -0.953598 0 0.301084
    outer loop
      vertex -38.8919 -63.0532 -72.7866
      vertex -38.8315 -60.0532 -72.5953
      vertex -38.8919 -60.0532 -72.7866
    endloop
  endfacet
  facet normal -0.953598 0 0.301084
    outer loop
      vertex -38.8315 -60.0532 -72.5953
      vertex -38.8919 -63.0532 -72.7866
      vertex -38.8315 -63.0532 -72.5953
    endloop
  endfacet
  facet normal 0.675792 0 -0.737092
    outer loop
      vertex -42.6795 -63.0532 -70.3737
      vertex -42.5316 -60.0532 -70.2381
      vertex -42.5316 -63.0532 -70.2381
    endloop
  endfacet
  facet normal 0.675792 0 -0.737092
    outer loop
      vertex -42.5316 -60.0532 -70.2381
      vertex -42.6795 -63.0532 -70.3737
      vertex -42.6795 -60.0532 -70.3737
    endloop
  endfacet
  facet normal -0.675544 0 -0.73732
    outer loop
      vertex -39.5748 -63.0532 -70.2381
      vertex -39.4268 -60.0532 -70.3737
      vertex -39.4268 -63.0532 -70.3737
    endloop
  endfacet
  facet normal -0.675544 0 -0.73732
    outer loop
      vertex -39.4268 -60.0532 -70.3737
      vertex -39.5748 -63.0532 -70.2381
      vertex -39.5748 -60.0532 -70.2381
    endloop
  endfacet
  facet normal 0.216772 0 -0.976222
    outer loop
      vertex -41.6485 -63.0532 -69.7784
      vertex -41.4526 -60.0532 -69.7349
      vertex -41.4526 -63.0532 -69.7349
    endloop
  endfacet
  facet normal 0.216772 0 -0.976222
    outer loop
      vertex -41.4526 -60.0532 -69.7349
      vertex -41.6485 -63.0532 -69.7784
      vertex -41.6485 -60.0532 -69.7784
    endloop
  endfacet
  facet normal 0.991436 -0 0.130596
    outer loop
      vertex -43.3444 -63.0532 -72.2005
      vertex -43.3182 -60.0532 -72.3994
      vertex -43.3444 -60.0532 -72.2005
    endloop
  endfacet
  facet normal 0.991436 0 0.130596
    outer loop
      vertex -43.3182 -60.0532 -72.3994
      vertex -43.3444 -63.0532 -72.2005
      vertex -43.3182 -63.0532 -72.3994
    endloop
  endfacet
  facet normal -0.73734 0 -0.675521
    outer loop
      vertex -39.2913 -63.0532 -70.5216
      vertex -39.4268 -60.0532 -70.3737
      vertex -39.2913 -60.0532 -70.5216
    endloop
  endfacet
  facet normal -0.73734 -0 -0.675521
    outer loop
      vertex -39.4268 -60.0532 -70.3737
      vertex -39.2913 -63.0532 -70.5216
      vertex -39.4268 -63.0532 -70.3737
    endloop
  endfacet
  facet normal 0.46151 0 -0.887135
    outer loop
      vertex -42.2032 -63.0532 -70.0081
      vertex -42.0252 -60.0532 -69.9155
      vertex -42.0252 -63.0532 -69.9155
    endloop
  endfacet
  facet normal 0.46151 0 -0.887135
    outer loop
      vertex -42.0252 -60.0532 -69.9155
      vertex -42.2032 -63.0532 -70.0081
      vertex -42.2032 -60.0532 -70.0081
    endloop
  endfacet
  facet normal 0.923871 -0 0.382704
    outer loop
      vertex -43.2145 -63.0532 -72.7866
      vertex -43.1377 -60.0532 -72.972
      vertex -43.2145 -60.0532 -72.7866
    endloop
  endfacet
  facet normal 0.923871 0 0.382704
    outer loop
      vertex -43.1377 -60.0532 -72.972
      vertex -43.2145 -63.0532 -72.7866
      vertex -43.1377 -63.0532 -72.972
    endloop
  endfacet
  facet normal 0.843374 0 -0.537327
    outer loop
      vertex -42.9372 -63.0532 -70.6808
      vertex -43.045 -60.0532 -70.85
      vertex -42.9372 -60.0532 -70.6808
    endloop
  endfacet
  facet normal 0.843374 0 -0.537327
    outer loop
      vertex -43.045 -60.0532 -70.85
      vertex -42.9372 -63.0532 -70.6808
      vertex -43.045 -63.0532 -70.85
    endloop
  endfacet
  facet normal 0.382704 0 -0.923871
    outer loop
      vertex -42.0252 -63.0532 -69.9155
      vertex -41.8398 -60.0532 -69.8387
      vertex -41.8398 -63.0532 -69.8387
    endloop
  endfacet
  facet normal 0.382704 0 -0.923871
    outer loop
      vertex -41.8398 -60.0532 -69.8387
      vertex -42.0252 -63.0532 -69.9155
      vertex -42.0252 -60.0532 -69.9155
    endloop
  endfacet
  facet normal -0.300487 0 -0.953786
    outer loop
      vertex -40.4579 -63.0532 -69.7784
      vertex -40.2665 -60.0532 -69.8387
      vertex -40.2665 -63.0532 -69.8387
    endloop
  endfacet
  facet normal -0.300487 0 -0.953786
    outer loop
      vertex -40.2665 -60.0532 -69.8387
      vertex -40.4579 -63.0532 -69.7784
      vertex -40.4579 -60.0532 -69.7784
    endloop
  endfacet
  facet normal 0.923871 0 -0.382704
    outer loop
      vertex -43.1377 -63.0532 -71.028
      vertex -43.2145 -60.0532 -71.2134
      vertex -43.1377 -60.0532 -71.028
    endloop
  endfacet
  facet normal 0.923871 0 -0.382704
    outer loop
      vertex -43.2145 -60.0532 -71.2134
      vertex -43.1377 -63.0532 -71.028
      vertex -43.2145 -63.0532 -71.2134
    endloop
  endfacet
  facet normal 0.886931 0 -0.461902
    outer loop
      vertex -43.045 -63.0532 -70.85
      vertex -43.1377 -60.0532 -71.028
      vertex -43.045 -60.0532 -70.85
    endloop
  endfacet
  facet normal 0.886931 0 -0.461902
    outer loop
      vertex -43.1377 -60.0532 -71.028
      vertex -43.045 -63.0532 -70.85
      vertex -43.1377 -63.0532 -71.028
    endloop
  endfacet
  facet normal -0.775114 0.630925 0.0336334
    outer loop
      vertex -38.7532 -60.0532 -72
      vertex -36.3113 -57.0532 -72.0007
      vertex -38.7619 -60.0532 -72.2005
    endloop
  endfacet
  facet normal -0.775557 0.631278 0
    outer loop
      vertex -36.3113 -57.0532 -72.0007
      vertex -38.7532 -60.0532 -72
      vertex -36.3113 -57.0532 -72
    endloop
  endfacet
  facet normal -0.358197 0.630912 0.688219
    outer loop
      vertex -38.6822 -57.0532 -76.1066
      vertex -39.0486 -57.0532 -76.2973
      vertex -39.9032 -60.0532 -73.9919
    endloop
  endfacet
  facet normal -0.101273 0.6309 -0.769226
    outer loop
      vertex -40.6392 -57.0532 -67.2763
      vertex -40.2298 -57.0532 -67.3302
      vertex -40.6538 -60.0532 -69.7349
    endloop
  endfacet
  facet normal -0.233309 0.630916 -0.73994
    outer loop
      vertex -39.8259 -57.0532 -67.4197
      vertex -39.432 -57.0532 -67.5439
      vertex -40.4579 -60.0532 -69.7784
    endloop
  endfacet
  facet normal -0.71679 0.630912 -0.296923
    outer loop
      vertex -38.9687 -60.0532 -71.028
      vertex -36.5973 -57.0532 -70.3782
      vertex -38.8919 -60.0532 -71.2134
    endloop
  endfacet
  facet normal -0.734163 0.633338 -0.244721
    outer loop
      vertex -36.5973 -57.0532 -70.3782
      vertex -38.9687 -60.0532 -71.028
      vertex -36.5975 -57.0532 -70.3776
    endloop
  endfacet
  facet normal 0.769209 0.630913 0.101324
    outer loop
      vertex -43.3182 -60.0532 -72.3994
      vertex -45.777 -57.0532 -72.4133
      vertex -43.3444 -60.0532 -72.2005
    endloop
  endfacet
  facet normal 0.766787 0.629051 0.127798
    outer loop
      vertex -45.777 -57.0532 -72.4133
      vertex -43.3182 -60.0532 -72.3994
      vertex -45.7769 -57.0532 -72.4139
    endloop
  endfacet
  facet normal -0.766027 0.633424 0.109432
    outer loop
      vertex -38.8315 -60.0532 -72.5953
      vertex -36.3834 -57.0532 -72.8234
      vertex -36.3835 -57.0532 -72.8241
    endloop
  endfacet
  facet normal -0.757496 0.630902 0.167817
    outer loop
      vertex -36.3834 -57.0532 -72.8234
      vertex -38.8315 -60.0532 -72.5953
      vertex -38.7881 -60.0532 -72.3994
    endloop
  endfacet
  facet normal 0.296804 0.630912 0.716838
    outer loop
      vertex -42.0252 -60.0532 -74.0845
      vertex -42.6756 -57.0532 -76.4556
      vertex -43.0572 -57.0532 -76.2976
    endloop
  endfacet
  facet normal 0.167908 0.630916 0.757464
    outer loop
      vertex -41.6485 -60.0532 -74.2216
      vertex -41.8772 -57.0532 -76.6697
      vertex -42.2805 -57.0532 -76.5803
    endloop
  endfacet
  facet normal 0.775116 0.630914 -0.033815
    outer loop
      vertex -45.777 -57.0532 -71.5867
      vertex -43.3444 -60.0532 -71.7995
      vertex -45.795 -57.0532 -71.9993
    endloop
  endfacet
  facet normal 0.416876 0.630917 0.654339
    outer loop
      vertex -42.3724 -60.0532 -73.884
      vertex -43.4247 -57.0532 -76.1062
      vertex -43.773 -57.0532 -75.8843
    endloop
  endfacet
  facet normal -0.739847 0.63092 -0.233595
    outer loop
      vertex -38.8919 -60.0532 -71.2134
      vertex -36.5971 -57.0532 -70.3788
      vertex -38.8315 -60.0532 -71.4047
    endloop
  endfacet
  facet normal -0.735871 0.631132 -0.24529
    outer loop
      vertex -36.5971 -57.0532 -70.3788
      vertex -38.8919 -60.0532 -71.2134
      vertex -36.5973 -57.0532 -70.3782
    endloop
  endfacet
  facet normal 0.775116 0.630914 0.033815
    outer loop
      vertex -43.3444 -60.0532 -72.2005
      vertex -45.777 -57.0532 -72.4133
      vertex -45.795 -57.0532 -72.0007
    endloop
  endfacet
  facet normal 0.757455 0.630917 -0.167948
    outer loop
      vertex -45.6335 -57.0532 -70.7727
      vertex -43.2748 -60.0532 -71.4047
      vertex -45.7229 -57.0532 -71.1759
    endloop
  endfacet
  facet normal -0.57204 0.630914 0.524135
    outer loop
      vertex -37.4207 -57.0532 -75.048
      vertex -37.6997 -57.0532 -75.3525
      vertex -39.2913 -60.0532 -73.4784
    endloop
  endfacet
  facet normal -0.739952 0.630901 0.233313
    outer loop
      vertex -36.4729 -57.0532 -73.2273
      vertex -36.5971 -57.0532 -73.6212
      vertex -38.8315 -60.0532 -72.5953
    endloop
  endfacet
  facet normal 0.739964 0.630912 0.233245
    outer loop
      vertex -43.2145 -60.0532 -72.7866
      vertex -45.5093 -57.0532 -73.6212
      vertex -43.2748 -60.0532 -72.5953
    endloop
  endfacet
  facet normal 0.735871 0.631132 0.24529
    outer loop
      vertex -45.5093 -57.0532 -73.6212
      vertex -43.2145 -60.0532 -72.7866
      vertex -45.5091 -57.0532 -73.6218
    endloop
  endfacet
  facet normal -0.572069 0.630911 0.524107
    outer loop
      vertex -37.6997 -57.0532 -75.3525
      vertex -39.4268 -60.0532 -73.6263
      vertex -39.2913 -60.0532 -73.4784
    endloop
  endfacet
  facet normal -0.548406 0.63127 0.548406
    outer loop
      vertex -39.4268 -60.0532 -73.6263
      vertex -37.6997 -57.0532 -75.3525
      vertex -37.7002 -57.0532 -75.353
    endloop
  endfacet
  facet normal -0.735871 0.631132 0.24529
    outer loop
      vertex -38.8919 -60.0532 -72.7866
      vertex -36.5971 -57.0532 -73.6212
      vertex -36.5973 -57.0532 -73.6218
    endloop
  endfacet
  facet normal -0.739847 0.63092 0.233595
    outer loop
      vertex -36.5971 -57.0532 -73.6212
      vertex -38.8919 -60.0532 -72.7866
      vertex -38.8315 -60.0532 -72.5953
    endloop
  endfacet
  facet normal -0.484541 0.631171 0.605676
    outer loop
      vertex -38.0057 -57.0532 -75.6329
      vertex -39.5748 -60.0532 -73.7619
      vertex -38.0052 -57.0532 -75.6325
    endloop
  endfacet
  facet normal -0.472353 0.630916 0.61549
    outer loop
      vertex -39.5748 -60.0532 -73.7619
      vertex -38.0057 -57.0532 -75.6329
      vertex -39.7339 -60.0532 -73.884
    endloop
  endfacet
  facet normal -0.346709 0.631635 -0.693419
    outer loop
      vertex -39.9032 -60.0532 -70.0081
      vertex -39.0492 -57.0532 -67.7024
      vertex -39.0486 -57.0532 -67.7027
    endloop
  endfacet
  facet normal -0.358062 0.630919 -0.688283
    outer loop
      vertex -39.0492 -57.0532 -67.7024
      vertex -39.9032 -60.0532 -70.0081
      vertex -40.0812 -60.0532 -69.9155
    endloop
  endfacet
  facet normal -0.101273 0.6309 0.769226
    outer loop
      vertex -40.2298 -57.0532 -76.6698
      vertex -40.6392 -57.0532 -76.7237
      vertex -40.6538 -60.0532 -74.2651
    endloop
  endfacet
  facet normal 0.128193 0.626069 -0.769158
    outer loop
      vertex -41.0532 -60.0532 -69.7
      vertex -41.0538 -57.0532 -67.2582
      vertex -41.0532 -57.0532 -67.2581
    endloop
  endfacet
  facet normal 0.0340371 0.6309 -0.775117
    outer loop
      vertex -41.0538 -57.0532 -67.2582
      vertex -41.0532 -60.0532 -69.7
      vertex -41.2536 -60.0532 -69.7088
    endloop
  endfacet
  facet normal -0.416879 0.630908 -0.654344
    outer loop
      vertex -38.6817 -57.0532 -67.8938
      vertex -38.3334 -57.0532 -68.1157
      vertex -39.7339 -60.0532 -70.116
    endloop
  endfacet
  facet normal -0.769221 0.630898 -0.101325
    outer loop
      vertex -38.7881 -60.0532 -71.6006
      vertex -36.3294 -57.0532 -71.5867
      vertex -38.7619 -60.0532 -71.7995
    endloop
  endfacet
  facet normal -0.773432 0.633879 0
    outer loop
      vertex -36.3294 -57.0532 -71.5867
      vertex -38.7881 -60.0532 -71.6006
      vertex -36.3294 -57.0532 -71.5861
    endloop
  endfacet
  facet normal -0.548406 0.63127 0.548406
    outer loop
      vertex -37.7007 -57.0532 -75.3535
      vertex -39.4268 -60.0532 -73.6263
      vertex -37.7002 -57.0532 -75.353
    endloop
  endfacet
  facet normal -0.524123 0.630913 0.572052
    outer loop
      vertex -39.4268 -60.0532 -73.6263
      vertex -37.7007 -57.0532 -75.3535
      vertex -39.5748 -60.0532 -73.7619
    endloop
  endfacet
  facet normal 0.168187 0.630894 -0.757421
    outer loop
      vertex -41.6485 -60.0532 -69.7784
      vertex -41.8766 -57.0532 -67.3302
      vertex -41.4526 -60.0532 -69.7349
    endloop
  endfacet
  facet normal 0.127283 0.632904 -0.763696
    outer loop
      vertex -41.8766 -57.0532 -67.3302
      vertex -41.6485 -60.0532 -69.7784
      vertex -41.8772 -57.0532 -67.3303
    endloop
  endfacet
  facet normal -0.654348 0.630903 0.416881
    outer loop
      vertex -36.947 -57.0532 -74.3715
      vertex -37.1689 -57.0532 -74.7198
      vertex -39.1691 -60.0532 -73.3192
    endloop
  endfacet
  facet normal 0.296923 0.630912 -0.71679
    outer loop
      vertex -42.0252 -60.0532 -69.9155
      vertex -42.675 -57.0532 -67.5441
      vertex -41.8398 -60.0532 -69.8387
    endloop
  endfacet
  facet normal 0.348554 0.626538 -0.697108
    outer loop
      vertex -42.675 -57.0532 -67.5441
      vertex -42.0252 -60.0532 -69.9155
      vertex -42.6756 -57.0532 -67.5444
    endloop
  endfacet
  facet normal -0.109431 0.63344 0.766015
    outer loop
      vertex -40.2298 -57.0532 -76.6698
      vertex -40.4579 -60.0532 -74.2216
      vertex -40.2291 -57.0532 -76.6697
    endloop
  endfacet
  facet normal -0.168187 0.630894 0.757421
    outer loop
      vertex -40.4579 -60.0532 -74.2216
      vertex -40.2298 -57.0532 -76.6698
      vertex -40.6538 -60.0532 -74.2651
    endloop
  endfacet
  facet normal -0.739952 0.630901 -0.233313
    outer loop
      vertex -36.5971 -57.0532 -70.3788
      vertex -36.4729 -57.0532 -70.7727
      vertex -38.8315 -60.0532 -71.4047
    endloop
  endfacet
  facet normal -0.548406 0.63127 -0.548406
    outer loop
      vertex -39.4268 -60.0532 -70.3737
      vertex -37.7007 -57.0532 -68.6465
      vertex -37.7002 -57.0532 -68.647
    endloop
  endfacet
  facet normal -0.524123 0.630913 -0.572052
    outer loop
      vertex -37.7007 -57.0532 -68.6465
      vertex -39.4268 -60.0532 -70.3737
      vertex -39.5748 -60.0532 -70.2381
    endloop
  endfacet
  facet normal 0.0338068 0.630914 -0.775115
    outer loop
      vertex -41.0538 -57.0532 -67.2582
      vertex -41.2536 -60.0532 -69.7088
      vertex -41.4665 -57.0532 -67.2762
    endloop
  endfacet
  facet normal -0.57204 0.630914 -0.524135
    outer loop
      vertex -37.6997 -57.0532 -68.6475
      vertex -37.4207 -57.0532 -68.952
      vertex -39.2913 -60.0532 -70.5216
    endloop
  endfacet
  facet normal -0.688283 0.630919 -0.358062
    outer loop
      vertex -39.0613 -60.0532 -70.85
      vertex -36.7556 -57.0532 -69.996
      vertex -38.9687 -60.0532 -71.028
    endloop
  endfacet
  facet normal -0.693419 0.631635 -0.346709
    outer loop
      vertex -36.7556 -57.0532 -69.996
      vertex -39.0613 -60.0532 -70.85
      vertex -36.7559 -57.0532 -69.9954
    endloop
  endfacet
  facet normal -0.524135 0.630914 -0.57204
    outer loop
      vertex -38.0052 -57.0532 -68.3675
      vertex -37.7007 -57.0532 -68.6465
      vertex -39.5748 -60.0532 -70.2381
    endloop
  endfacet
  facet normal -0.472249 0.630908 0.615577
    outer loop
      vertex -38.0057 -57.0532 -75.6329
      vertex -38.3334 -57.0532 -75.8843
      vertex -39.7339 -60.0532 -73.884
    endloop
  endfacet
  facet normal -0.688183 0.630906 -0.358276
    outer loop
      vertex -36.9466 -57.0532 -69.6291
      vertex -36.7559 -57.0532 -69.9954
      vertex -39.0613 -60.0532 -70.85
    endloop
  endfacet
  facet normal -0.488396 0.623511 -0.610495
    outer loop
      vertex -39.7339 -60.0532 -70.116
      vertex -38.6822 -57.0532 -67.8934
      vertex -38.6817 -57.0532 -67.8938
    endloop
  endfacet
  facet normal -0.416988 0.630911 -0.654273
    outer loop
      vertex -38.6822 -57.0532 -67.8934
      vertex -39.7339 -60.0532 -70.116
      vertex -39.9032 -60.0532 -70.0081
    endloop
  endfacet
  facet normal -0.346709 0.631635 0.693419
    outer loop
      vertex -39.0492 -57.0532 -76.2976
      vertex -39.9032 -60.0532 -73.9919
      vertex -39.0486 -57.0532 -76.2973
    endloop
  endfacet
  facet normal -0.358062 0.630919 0.688283
    outer loop
      vertex -39.9032 -60.0532 -73.9919
      vertex -39.0492 -57.0532 -76.2976
      vertex -40.0812 -60.0532 -74.0845
    endloop
  endfacet
  facet normal 0.524307 0.630929 -0.571866
    outer loop
      vertex -42.6795 -60.0532 -70.3737
      vertex -44.4057 -57.0532 -68.6465
      vertex -42.5316 -60.0532 -70.2381
    endloop
  endfacet
  facet normal 0.5484 0.631281 -0.5484
    outer loop
      vertex -44.4057 -57.0532 -68.6465
      vertex -42.6795 -60.0532 -70.3737
      vertex -44.4062 -57.0532 -68.647
    endloop
  endfacet
  facet normal 0.358276 0.630906 -0.688183
    outer loop
      vertex -43.0578 -57.0532 -67.7027
      vertex -42.2032 -60.0532 -70.0081
      vertex -43.4241 -57.0532 -67.8934
    endloop
  endfacet
  facet normal 0.358062 0.630919 -0.688283
    outer loop
      vertex -42.2032 -60.0532 -70.0081
      vertex -43.0572 -57.0532 -67.7024
      vertex -42.0252 -60.0532 -69.9155
    endloop
  endfacet
  facet normal 0.346709 0.631635 -0.693419
    outer loop
      vertex -43.0572 -57.0532 -67.7024
      vertex -42.2032 -60.0532 -70.0081
      vertex -43.0578 -57.0532 -67.7027
    endloop
  endfacet
  facet normal 0.769218 0.630915 -0.101247
    outer loop
      vertex -45.723 -57.0532 -71.1766
      vertex -43.3182 -60.0532 -71.6006
      vertex -45.7769 -57.0532 -71.5861
    endloop
  endfacet
  facet normal -0.109787 0.630352 0.768507
    outer loop
      vertex -40.6399 -57.0532 -76.7238
      vertex -40.6538 -60.0532 -74.2651
      vertex -40.6392 -57.0532 -76.7237
    endloop
  endfacet
  facet normal -0.100943 0.630921 0.769252
    outer loop
      vertex -40.6538 -60.0532 -74.2651
      vertex -40.6399 -57.0532 -76.7238
      vertex -40.8527 -60.0532 -74.2912
    endloop
  endfacet
  facet normal 0.757484 0.630917 0.167814
    outer loop
      vertex -43.2748 -60.0532 -72.5953
      vertex -45.723 -57.0532 -72.8234
      vertex -43.3182 -60.0532 -72.3994
    endloop
  endfacet
  facet normal 0.766015 0.63344 0.109431
    outer loop
      vertex -45.723 -57.0532 -72.8234
      vertex -43.2748 -60.0532 -72.5953
      vertex -45.7229 -57.0532 -72.8241
    endloop
  endfacet
  facet normal -0.769203 0.630903 -0.101433
    outer loop
      vertex -36.3834 -57.0532 -71.1766
      vertex -36.3294 -57.0532 -71.5861
      vertex -38.7881 -60.0532 -71.6006
    endloop
  endfacet
  facet normal 0.472245 0.630918 0.615571
    outer loop
      vertex -42.3724 -60.0532 -73.884
      vertex -43.773 -57.0532 -75.8843
      vertex -44.1007 -57.0532 -75.6329
    endloop
  endfacet
  facet normal -0.646281 0.62983 0.430854
    outer loop
      vertex -39.1691 -60.0532 -73.3192
      vertex -36.9466 -57.0532 -74.3709
      vertex -36.947 -57.0532 -74.3715
    endloop
  endfacet
  facet normal -0.65434 0.630905 0.416891
    outer loop
      vertex -36.9466 -57.0532 -74.3709
      vertex -39.1691 -60.0532 -73.3192
      vertex -39.0613 -60.0532 -73.15
    endloop
  endfacet
  facet normal -0.775117 0.630902 0.0340029
    outer loop
      vertex -36.3113 -57.0532 -72.0007
      vertex -36.3294 -57.0532 -72.4133
      vertex -38.7619 -60.0532 -72.2005
    endloop
  endfacet
  facet normal 0.233309 0.630916 -0.73994
    outer loop
      vertex -42.2805 -57.0532 -67.4197
      vertex -41.6485 -60.0532 -69.7784
      vertex -42.6744 -57.0532 -67.5439
    endloop
  endfacet
  facet normal -0.775117 0.630902 -0.0340029
    outer loop
      vertex -36.3294 -57.0532 -71.5867
      vertex -36.3113 -57.0532 -71.9993
      vertex -38.7619 -60.0532 -71.7995
    endloop
  endfacet
  facet normal 0.77557 0.631262 0
    outer loop
      vertex -43.3532 -60.0532 -72
      vertex -45.795 -57.0532 -72.0007
      vertex -45.795 -57.0532 -72
    endloop
  endfacet
  facet normal 0.775117 0.630901 0.0340201
    outer loop
      vertex -45.795 -57.0532 -72.0007
      vertex -43.3532 -60.0532 -72
      vertex -43.3444 -60.0532 -72.2005
    endloop
  endfacet
  facet normal 0.296923 0.630912 0.71679
    outer loop
      vertex -42.675 -57.0532 -76.4559
      vertex -42.0252 -60.0532 -74.0845
      vertex -41.8398 -60.0532 -74.1613
    endloop
  endfacet
  facet normal 0.348554 0.626538 0.697108
    outer loop
      vertex -42.0252 -60.0532 -74.0845
      vertex -42.675 -57.0532 -76.4559
      vertex -42.6756 -57.0532 -76.4556
    endloop
  endfacet
  facet normal 0.71679 0.630912 0.296923
    outer loop
      vertex -43.1377 -60.0532 -72.972
      vertex -45.5091 -57.0532 -73.6218
      vertex -43.2145 -60.0532 -72.7866
    endloop
  endfacet
  facet normal 0.697108 0.626538 0.348554
    outer loop
      vertex -45.5091 -57.0532 -73.6218
      vertex -43.1377 -60.0532 -72.972
      vertex -45.5088 -57.0532 -73.6224
    endloop
  endfacet
  facet normal -0.65434 0.630905 -0.416891
    outer loop
      vertex -39.1691 -60.0532 -70.6808
      vertex -36.9466 -57.0532 -69.6291
      vertex -39.0613 -60.0532 -70.85
    endloop
  endfacet
  facet normal -0.646281 0.62983 -0.430854
    outer loop
      vertex -36.9466 -57.0532 -69.6291
      vertex -39.1691 -60.0532 -70.6808
      vertex -36.947 -57.0532 -69.6285
    endloop
  endfacet
  facet normal 0.167908 0.630916 -0.757464
    outer loop
      vertex -41.8772 -57.0532 -67.3303
      vertex -41.6485 -60.0532 -69.7784
      vertex -42.2805 -57.0532 -67.4197
    endloop
  endfacet
  facet normal 0.775117 0.630901 -0.0340201
    outer loop
      vertex -43.3532 -60.0532 -72
      vertex -45.795 -57.0532 -71.9993
      vertex -43.3444 -60.0532 -71.7995
    endloop
  endfacet
  facet normal 0.77557 0.631262 0
    outer loop
      vertex -45.795 -57.0532 -71.9993
      vertex -43.3532 -60.0532 -72
      vertex -45.795 -57.0532 -72
    endloop
  endfacet
  facet normal -0.29687 0.630914 -0.71681
    outer loop
      vertex -39.4307 -57.0532 -67.5444
      vertex -39.0492 -57.0532 -67.7024
      vertex -40.0812 -60.0532 -69.9155
    endloop
  endfacet
  facet normal 0.615571 0.630918 -0.472245
    outer loop
      vertex -44.6861 -57.0532 -68.9525
      vertex -42.9372 -60.0532 -70.6808
      vertex -44.9375 -57.0532 -69.2802
    endloop
  endfacet
  facet normal 0.73994 0.630916 -0.233309
    outer loop
      vertex -45.5093 -57.0532 -70.3788
      vertex -43.2748 -60.0532 -71.4047
      vertex -45.6335 -57.0532 -70.7727
    endloop
  endfacet
  facet normal 0.233309 0.630916 0.73994
    outer loop
      vertex -41.6485 -60.0532 -74.2216
      vertex -42.2805 -57.0532 -76.5803
      vertex -42.6744 -57.0532 -76.4561
    endloop
  endfacet
  facet normal -0.615579 0.630905 0.472251
    outer loop
      vertex -37.1689 -57.0532 -74.7198
      vertex -37.4203 -57.0532 -75.0475
      vertex -39.1691 -60.0532 -73.3192
    endloop
  endfacet
  facet normal 0.769218 0.630915 0.101247
    outer loop
      vertex -43.3182 -60.0532 -72.3994
      vertex -45.723 -57.0532 -72.8234
      vertex -45.7769 -57.0532 -72.4139
    endloop
  endfacet
  facet normal -0.757467 0.630902 0.16795
    outer loop
      vertex -36.3835 -57.0532 -72.8241
      vertex -36.4729 -57.0532 -73.2273
      vertex -38.8315 -60.0532 -72.5953
    endloop
  endfacet
  facet normal 0.101249 0.630899 0.76923
    outer loop
      vertex -41.4526 -60.0532 -74.2651
      vertex -41.4671 -57.0532 -76.7237
      vertex -41.8766 -57.0532 -76.6698
    endloop
  endfacet
  facet normal 0.716838 0.630912 -0.296804
    outer loop
      vertex -45.3508 -57.0532 -69.996
      vertex -43.1377 -60.0532 -71.028
      vertex -45.5088 -57.0532 -70.3776
    endloop
  endfacet
  facet normal -0.033815 0.630914 -0.775116
    outer loop
      vertex -40.6399 -57.0532 -67.2762
      vertex -40.8527 -60.0532 -69.7088
      vertex -41.0525 -57.0532 -67.2582
    endloop
  endfacet
  facet normal -0.0340201 0.630901 -0.775117
    outer loop
      vertex -41.0532 -60.0532 -69.7
      vertex -41.0525 -57.0532 -67.2582
      vertex -40.8527 -60.0532 -69.7088
    endloop
  endfacet
  facet normal -0.11012 0.627438 -0.77084
    outer loop
      vertex -41.0525 -57.0532 -67.2582
      vertex -41.0532 -60.0532 -69.7
      vertex -41.0532 -57.0532 -67.2581
    endloop
  endfacet
  facet normal 0.524135 0.630914 -0.57204
    outer loop
      vertex -44.1012 -57.0532 -68.3675
      vertex -42.5316 -60.0532 -70.2381
      vertex -44.4057 -57.0532 -68.6465
    endloop
  endfacet
  facet normal -0.167948 0.630917 0.757455
    outer loop
      vertex -39.8259 -57.0532 -76.5803
      vertex -40.2291 -57.0532 -76.6697
      vertex -40.4579 -60.0532 -74.2216
    endloop
  endfacet
  facet normal -0.167948 0.630917 -0.757455
    outer loop
      vertex -40.2291 -57.0532 -67.3303
      vertex -39.8259 -57.0532 -67.4197
      vertex -40.4579 -60.0532 -69.7784
    endloop
  endfacet
  facet normal -0.233309 0.630916 0.73994
    outer loop
      vertex -39.432 -57.0532 -76.4561
      vertex -39.8259 -57.0532 -76.5803
      vertex -40.4579 -60.0532 -74.2216
    endloop
  endfacet
  facet normal -0.245291 0.631127 0.735874
    outer loop
      vertex -39.432 -57.0532 -76.4561
      vertex -40.2665 -60.0532 -74.1613
      vertex -39.4314 -57.0532 -76.4559
    endloop
  endfacet
  facet normal -0.233136 0.630905 0.740004
    outer loop
      vertex -40.2665 -60.0532 -74.1613
      vertex -39.432 -57.0532 -76.4561
      vertex -40.4579 -60.0532 -74.2216
    endloop
  endfacet
  facet normal -0.775557 0.631278 0
    outer loop
      vertex -38.7532 -60.0532 -72
      vertex -36.3113 -57.0532 -71.9993
      vertex -36.3113 -57.0532 -72
    endloop
  endfacet
  facet normal -0.775114 0.630925 -0.0336334
    outer loop
      vertex -36.3113 -57.0532 -71.9993
      vertex -38.7532 -60.0532 -72
      vertex -38.7619 -60.0532 -71.7995
    endloop
  endfacet
  facet normal -0.769203 0.630903 0.101433
    outer loop
      vertex -36.3294 -57.0532 -72.4139
      vertex -36.3834 -57.0532 -72.8234
      vertex -38.7881 -60.0532 -72.3994
    endloop
  endfacet
  facet normal -0.773432 0.633879 0
    outer loop
      vertex -38.7881 -60.0532 -72.3994
      vertex -36.3294 -57.0532 -72.4133
      vertex -36.3294 -57.0532 -72.4139
    endloop
  endfacet
  facet normal -0.769221 0.630898 0.101325
    outer loop
      vertex -36.3294 -57.0532 -72.4133
      vertex -38.7881 -60.0532 -72.3994
      vertex -38.7619 -60.0532 -72.2005
    endloop
  endfacet
  facet normal -0.11012 0.627438 0.77084
    outer loop
      vertex -41.0532 -60.0532 -74.3
      vertex -41.0525 -57.0532 -76.7418
      vertex -41.0532 -57.0532 -76.7419
    endloop
  endfacet
  facet normal -0.0340201 0.630901 0.775117
    outer loop
      vertex -41.0525 -57.0532 -76.7418
      vertex -41.0532 -60.0532 -74.3
      vertex -40.8527 -60.0532 -74.2912
    endloop
  endfacet
  facet normal 0.101249 0.630899 -0.76923
    outer loop
      vertex -41.4671 -57.0532 -67.2763
      vertex -41.4526 -60.0532 -69.7349
      vertex -41.8766 -57.0532 -67.3302
    endloop
  endfacet
  facet normal -0.245291 0.631127 -0.735874
    outer loop
      vertex -40.2665 -60.0532 -69.8387
      vertex -39.432 -57.0532 -67.5439
      vertex -39.4314 -57.0532 -67.5441
    endloop
  endfacet
  facet normal -0.233136 0.630905 -0.740004
    outer loop
      vertex -39.432 -57.0532 -67.5439
      vertex -40.2665 -60.0532 -69.8387
      vertex -40.4579 -60.0532 -69.7784
    endloop
  endfacet
  facet normal -0.30582 0.630301 -0.713579
    outer loop
      vertex -40.0812 -60.0532 -69.9155
      vertex -39.4314 -57.0532 -67.5441
      vertex -39.4307 -57.0532 -67.5444
    endloop
  endfacet
  facet normal -0.297062 0.630903 -0.71674
    outer loop
      vertex -39.4314 -57.0532 -67.5441
      vertex -40.0812 -60.0532 -69.9155
      vertex -40.2665 -60.0532 -69.8387
    endloop
  endfacet
  facet normal -0.524135 0.630914 0.57204
    outer loop
      vertex -37.7007 -57.0532 -75.3535
      vertex -38.0052 -57.0532 -75.6325
      vertex -39.5748 -60.0532 -73.7619
    endloop
  endfacet
  facet normal 0.691835 0.633802 -0.345918
    outer loop
      vertex -42.9372 -60.0532 -70.6808
      vertex -45.1597 -57.0532 -69.6291
      vertex -45.1594 -57.0532 -69.6285
    endloop
  endfacet
  facet normal 0.65434 0.630905 -0.416891
    outer loop
      vertex -45.1597 -57.0532 -69.6291
      vertex -42.9372 -60.0532 -70.6808
      vertex -43.045 -60.0532 -70.85
    endloop
  endfacet
  facet normal -0.033815 0.630914 0.775116
    outer loop
      vertex -40.8527 -60.0532 -74.2912
      vertex -40.6399 -57.0532 -76.7238
      vertex -41.0525 -57.0532 -76.7418
    endloop
  endfacet
  facet normal -0.358197 0.630912 -0.688219
    outer loop
      vertex -39.0486 -57.0532 -67.7027
      vertex -38.6822 -57.0532 -67.8934
      vertex -39.9032 -60.0532 -70.0081
    endloop
  endfacet
  facet normal -0.605676 0.631171 -0.484541
    outer loop
      vertex -37.4203 -57.0532 -68.9525
      vertex -39.2913 -60.0532 -70.5216
      vertex -37.4207 -57.0532 -68.952
    endloop
  endfacet
  facet normal -0.615445 0.630918 -0.472408
    outer loop
      vertex -39.2913 -60.0532 -70.5216
      vertex -37.4203 -57.0532 -68.9525
      vertex -39.1691 -60.0532 -70.6808
    endloop
  endfacet
  facet normal 0.65434 0.630905 0.416891
    outer loop
      vertex -42.9372 -60.0532 -73.3192
      vertex -45.1597 -57.0532 -74.3709
      vertex -43.045 -60.0532 -73.15
    endloop
  endfacet
  facet normal 0.691835 0.633802 0.345918
    outer loop
      vertex -45.1597 -57.0532 -74.3709
      vertex -42.9372 -60.0532 -73.3192
      vertex -45.1594 -57.0532 -74.3715
    endloop
  endfacet
  facet normal -0.472249 0.630908 -0.615577
    outer loop
      vertex -38.3334 -57.0532 -68.1157
      vertex -38.0057 -57.0532 -68.3671
      vertex -39.7339 -60.0532 -70.116
    endloop
  endfacet
  facet normal 0.654339 0.630917 -0.416876
    outer loop
      vertex -44.9375 -57.0532 -69.2802
      vertex -42.9372 -60.0532 -70.6808
      vertex -45.1594 -57.0532 -69.6285
    endloop
  endfacet
  facet normal 0.766787 0.629051 -0.127798
    outer loop
      vertex -43.3182 -60.0532 -71.6006
      vertex -45.777 -57.0532 -71.5867
      vertex -45.7769 -57.0532 -71.5861
    endloop
  endfacet
  facet normal 0.769209 0.630913 -0.101324
    outer loop
      vertex -45.777 -57.0532 -71.5867
      vertex -43.3182 -60.0532 -71.6006
      vertex -43.3444 -60.0532 -71.7995
    endloop
  endfacet
  facet normal -0.688183 0.630906 0.358276
    outer loop
      vertex -36.7559 -57.0532 -74.0046
      vertex -36.9466 -57.0532 -74.3709
      vertex -39.0613 -60.0532 -73.15
    endloop
  endfacet
  facet normal 0.693409 0.631649 -0.346704
    outer loop
      vertex -43.045 -60.0532 -70.85
      vertex -45.3508 -57.0532 -69.996
      vertex -45.3505 -57.0532 -69.9954
    endloop
  endfacet
  facet normal 0.688129 0.630912 -0.358369
    outer loop
      vertex -45.3508 -57.0532 -69.996
      vertex -43.045 -60.0532 -70.85
      vertex -43.1377 -60.0532 -71.028
    endloop
  endfacet
  facet normal -0.109787 0.630352 -0.768507
    outer loop
      vertex -40.6538 -60.0532 -69.7349
      vertex -40.6399 -57.0532 -67.2762
      vertex -40.6392 -57.0532 -67.2763
    endloop
  endfacet
  facet normal -0.100943 0.630921 -0.769252
    outer loop
      vertex -40.6399 -57.0532 -67.2762
      vertex -40.6538 -60.0532 -69.7349
      vertex -40.8527 -60.0532 -69.7088
    endloop
  endfacet
  facet normal 0.0338068 0.630914 0.775115
    outer loop
      vertex -41.2536 -60.0532 -74.2912
      vertex -41.0538 -57.0532 -76.7418
      vertex -41.4665 -57.0532 -76.7238
    endloop
  endfacet
  facet normal 0.128193 0.626069 0.769158
    outer loop
      vertex -41.0538 -57.0532 -76.7418
      vertex -41.0532 -60.0532 -74.3
      vertex -41.0532 -57.0532 -76.7419
    endloop
  endfacet
  facet normal 0.0340371 0.6309 0.775117
    outer loop
      vertex -41.0532 -60.0532 -74.3
      vertex -41.0538 -57.0532 -76.7418
      vertex -41.2536 -60.0532 -74.2912
    endloop
  endfacet
  facet normal -0.716769 0.630916 0.296963
    outer loop
      vertex -36.5975 -57.0532 -73.6224
      vertex -36.7556 -57.0532 -74.004
      vertex -38.9687 -60.0532 -72.972
    endloop
  endfacet
  facet normal 0.358062 0.630919 0.688283
    outer loop
      vertex -43.0572 -57.0532 -76.2976
      vertex -42.2032 -60.0532 -73.9919
      vertex -42.0252 -60.0532 -74.0845
    endloop
  endfacet
  facet normal 0.346709 0.631635 0.693419
    outer loop
      vertex -42.2032 -60.0532 -73.9919
      vertex -43.0572 -57.0532 -76.2976
      vertex -43.0578 -57.0532 -76.2973
    endloop
  endfacet
  facet normal 0.233245 0.630912 0.739964
    outer loop
      vertex -42.6744 -57.0532 -76.4561
      vertex -41.8398 -60.0532 -74.1613
      vertex -41.6485 -60.0532 -74.2216
    endloop
  endfacet
  facet normal 0.24529 0.631132 0.735871
    outer loop
      vertex -41.8398 -60.0532 -74.1613
      vertex -42.6744 -57.0532 -76.4561
      vertex -42.675 -57.0532 -76.4559
    endloop
  endfacet
  facet normal 0.571873 0.630917 0.524314
    outer loop
      vertex -42.6795 -60.0532 -73.6263
      vertex -44.4066 -57.0532 -75.3525
      vertex -42.8151 -60.0532 -73.4784
    endloop
  endfacet
  facet normal 0.607083 0.62895 0.485666
    outer loop
      vertex -44.4066 -57.0532 -75.3525
      vertex -42.6795 -60.0532 -73.6263
      vertex -44.4062 -57.0532 -75.353
    endloop
  endfacet
  facet normal 0.572047 0.630902 0.524142
    outer loop
      vertex -42.8151 -60.0532 -73.4784
      vertex -44.4066 -57.0532 -75.3525
      vertex -44.6856 -57.0532 -75.048
    endloop
  endfacet
  facet normal 0.688129 0.630912 0.358369
    outer loop
      vertex -43.045 -60.0532 -73.15
      vertex -45.3508 -57.0532 -74.004
      vertex -43.1377 -60.0532 -72.972
    endloop
  endfacet
  facet normal 0.693409 0.631649 0.346704
    outer loop
      vertex -45.3508 -57.0532 -74.004
      vertex -43.045 -60.0532 -73.15
      vertex -45.3505 -57.0532 -74.0046
    endloop
  endfacet
  facet normal -0.734163 0.633338 0.244721
    outer loop
      vertex -38.9687 -60.0532 -72.972
      vertex -36.5973 -57.0532 -73.6218
      vertex -36.5975 -57.0532 -73.6224
    endloop
  endfacet
  facet normal -0.71679 0.630912 0.296923
    outer loop
      vertex -36.5973 -57.0532 -73.6218
      vertex -38.9687 -60.0532 -72.972
      vertex -38.8919 -60.0532 -72.7866
    endloop
  endfacet
  facet normal -0.109431 0.63344 -0.766015
    outer loop
      vertex -40.4579 -60.0532 -69.7784
      vertex -40.2298 -57.0532 -67.3302
      vertex -40.2291 -57.0532 -67.3303
    endloop
  endfacet
  facet normal -0.168187 0.630894 -0.757421
    outer loop
      vertex -40.2298 -57.0532 -67.3302
      vertex -40.4579 -60.0532 -69.7784
      vertex -40.6538 -60.0532 -69.7349
    endloop
  endfacet
  facet normal 0.572047 0.630902 -0.524142
    outer loop
      vertex -44.4066 -57.0532 -68.6475
      vertex -42.8151 -60.0532 -70.5216
      vertex -44.6856 -57.0532 -68.952
    endloop
  endfacet
  facet normal -0.757496 0.630902 -0.167817
    outer loop
      vertex -38.8315 -60.0532 -71.4047
      vertex -36.3834 -57.0532 -71.1766
      vertex -38.7881 -60.0532 -71.6006
    endloop
  endfacet
  facet normal -0.766027 0.633424 -0.109432
    outer loop
      vertex -36.3834 -57.0532 -71.1766
      vertex -38.8315 -60.0532 -71.4047
      vertex -36.3835 -57.0532 -71.1759
    endloop
  endfacet
  facet normal -0.757467 0.630902 -0.16795
    outer loop
      vertex -36.4729 -57.0532 -70.7727
      vertex -36.3835 -57.0532 -71.1759
      vertex -38.8315 -60.0532 -71.4047
    endloop
  endfacet
  facet normal -0.548406 0.63127 -0.548406
    outer loop
      vertex -37.6997 -57.0532 -68.6475
      vertex -39.4268 -60.0532 -70.3737
      vertex -37.7002 -57.0532 -68.647
    endloop
  endfacet
  facet normal -0.572069 0.630911 -0.524107
    outer loop
      vertex -39.4268 -60.0532 -70.3737
      vertex -37.6997 -57.0532 -68.6475
      vertex -39.2913 -60.0532 -70.5216
    endloop
  endfacet
  facet normal -0.716769 0.630916 -0.296963
    outer loop
      vertex -36.7556 -57.0532 -69.996
      vertex -36.5975 -57.0532 -70.3776
      vertex -38.9687 -60.0532 -71.028
    endloop
  endfacet
  facet normal 0.358276 0.630906 0.688183
    outer loop
      vertex -42.2032 -60.0532 -73.9919
      vertex -43.0578 -57.0532 -76.2973
      vertex -43.4241 -57.0532 -76.1066
    endloop
  endfacet
  facet normal 0.417169 0.630898 0.65417
    outer loop
      vertex -43.4241 -57.0532 -76.1066
      vertex -42.3724 -60.0532 -73.884
      vertex -42.2032 -60.0532 -73.9919
    endloop
  endfacet
  facet normal 0.430848 0.629843 0.646272
    outer loop
      vertex -42.3724 -60.0532 -73.884
      vertex -43.4241 -57.0532 -76.1066
      vertex -43.4247 -57.0532 -76.1062
    endloop
  endfacet
  facet normal 0.716838 0.630912 0.296804
    outer loop
      vertex -43.1377 -60.0532 -72.972
      vertex -45.3508 -57.0532 -74.004
      vertex -45.5088 -57.0532 -73.6224
    endloop
  endfacet
  facet normal 0.416876 0.630917 -0.654339
    outer loop
      vertex -43.4247 -57.0532 -67.8938
      vertex -42.3724 -60.0532 -70.116
      vertex -43.773 -57.0532 -68.1157
    endloop
  endfacet
  facet normal 0.688103 0.63091 -0.358422
    outer loop
      vertex -45.1597 -57.0532 -69.6291
      vertex -43.045 -60.0532 -70.85
      vertex -45.3505 -57.0532 -69.9954
    endloop
  endfacet
  facet normal 0.168187 0.630894 0.757421
    outer loop
      vertex -41.8766 -57.0532 -76.6698
      vertex -41.6485 -60.0532 -74.2216
      vertex -41.4526 -60.0532 -74.2651
    endloop
  endfacet
  facet normal 0.127283 0.632904 0.763696
    outer loop
      vertex -41.6485 -60.0532 -74.2216
      vertex -41.8766 -57.0532 -76.6698
      vertex -41.8772 -57.0532 -76.6697
    endloop
  endfacet
  facet normal -0.615445 0.630918 0.472408
    outer loop
      vertex -37.4203 -57.0532 -75.0475
      vertex -39.2913 -60.0532 -73.4784
      vertex -39.1691 -60.0532 -73.3192
    endloop
  endfacet
  facet normal -0.605676 0.631171 0.484541
    outer loop
      vertex -39.2913 -60.0532 -73.4784
      vertex -37.4203 -57.0532 -75.0475
      vertex -37.4207 -57.0532 -75.048
    endloop
  endfacet
  facet normal 0.688103 0.63091 0.358422
    outer loop
      vertex -43.045 -60.0532 -73.15
      vertex -45.1597 -57.0532 -74.3709
      vertex -45.3505 -57.0532 -74.0046
    endloop
  endfacet
  facet normal -0.29687 0.630914 0.71681
    outer loop
      vertex -39.0492 -57.0532 -76.2976
      vertex -39.4307 -57.0532 -76.4556
      vertex -40.0812 -60.0532 -74.0845
    endloop
  endfacet
  facet normal -0.693419 0.631635 0.346709
    outer loop
      vertex -39.0613 -60.0532 -73.15
      vertex -36.7556 -57.0532 -74.004
      vertex -36.7559 -57.0532 -74.0046
    endloop
  endfacet
  facet normal -0.688283 0.630919 0.358062
    outer loop
      vertex -36.7556 -57.0532 -74.004
      vertex -39.0613 -60.0532 -73.15
      vertex -38.9687 -60.0532 -72.972
    endloop
  endfacet
  facet normal 0.472168 0.630911 0.615636
    outer loop
      vertex -44.1007 -57.0532 -75.6329
      vertex -42.5316 -60.0532 -73.7619
      vertex -42.3724 -60.0532 -73.884
    endloop
  endfacet
  facet normal 0.484541 0.631171 0.605676
    outer loop
      vertex -42.5316 -60.0532 -73.7619
      vertex -44.1007 -57.0532 -75.6329
      vertex -44.1012 -57.0532 -75.6325
    endloop
  endfacet
  facet normal 0.735871 0.631132 -0.24529
    outer loop
      vertex -43.2145 -60.0532 -71.2134
      vertex -45.5093 -57.0532 -70.3788
      vertex -45.5091 -57.0532 -70.3782
    endloop
  endfacet
  facet normal 0.739964 0.630912 -0.233245
    outer loop
      vertex -45.5093 -57.0532 -70.3788
      vertex -43.2145 -60.0532 -71.2134
      vertex -43.2748 -60.0532 -71.4047
    endloop
  endfacet
  facet normal 0.757455 0.630917 0.167948
    outer loop
      vertex -43.2748 -60.0532 -72.5953
      vertex -45.6335 -57.0532 -73.2273
      vertex -45.7229 -57.0532 -72.8241
    endloop
  endfacet
  facet normal 0.73994 0.630916 0.233309
    outer loop
      vertex -43.2748 -60.0532 -72.5953
      vertex -45.5093 -57.0532 -73.6212
      vertex -45.6335 -57.0532 -73.2273
    endloop
  endfacet
  facet normal 0.100892 0.630924 0.769256
    outer loop
      vertex -41.4665 -57.0532 -76.7238
      vertex -41.4526 -60.0532 -74.2651
      vertex -41.2536 -60.0532 -74.2912
    endloop
  endfacet
  facet normal 0.1278 0.629035 0.7668
    outer loop
      vertex -41.4526 -60.0532 -74.2651
      vertex -41.4665 -57.0532 -76.7238
      vertex -41.4671 -57.0532 -76.7237
    endloop
  endfacet
  facet normal -0.30582 0.630301 0.713579
    outer loop
      vertex -39.4314 -57.0532 -76.4559
      vertex -40.0812 -60.0532 -74.0845
      vertex -39.4307 -57.0532 -76.4556
    endloop
  endfacet
  facet normal -0.297062 0.630903 0.71674
    outer loop
      vertex -40.0812 -60.0532 -74.0845
      vertex -39.4314 -57.0532 -76.4559
      vertex -40.2665 -60.0532 -74.1613
    endloop
  endfacet
  facet normal -0.615579 0.630905 -0.472251
    outer loop
      vertex -37.4203 -57.0532 -68.9525
      vertex -37.1689 -57.0532 -69.2802
      vertex -39.1691 -60.0532 -70.6808
    endloop
  endfacet
  facet normal 0.654339 0.630917 0.416876
    outer loop
      vertex -42.9372 -60.0532 -73.3192
      vertex -44.9375 -57.0532 -74.7198
      vertex -45.1594 -57.0532 -74.3715
    endloop
  endfacet
  facet normal 0.615571 0.630918 0.472245
    outer loop
      vertex -42.9372 -60.0532 -73.3192
      vertex -44.6861 -57.0532 -75.0475
      vertex -44.9375 -57.0532 -74.7198
    endloop
  endfacet
  facet normal -0.484541 0.631171 -0.605676
    outer loop
      vertex -39.5748 -60.0532 -70.2381
      vertex -38.0057 -57.0532 -68.3671
      vertex -38.0052 -57.0532 -68.3675
    endloop
  endfacet
  facet normal -0.472353 0.630916 -0.61549
    outer loop
      vertex -38.0057 -57.0532 -68.3671
      vertex -39.5748 -60.0532 -70.2381
      vertex -39.7339 -60.0532 -70.116
    endloop
  endfacet
  facet normal 0.524307 0.630929 0.571866
    outer loop
      vertex -44.4057 -57.0532 -75.3535
      vertex -42.6795 -60.0532 -73.6263
      vertex -42.5316 -60.0532 -73.7619
    endloop
  endfacet
  facet normal 0.5484 0.631281 0.5484
    outer loop
      vertex -42.6795 -60.0532 -73.6263
      vertex -44.4057 -57.0532 -75.3535
      vertex -44.4062 -57.0532 -75.353
    endloop
  endfacet
  facet normal -0.654348 0.630903 -0.416881
    outer loop
      vertex -37.1689 -57.0532 -69.2802
      vertex -36.947 -57.0532 -69.6285
      vertex -39.1691 -60.0532 -70.6808
    endloop
  endfacet
  facet normal 0.296804 0.630912 -0.716838
    outer loop
      vertex -42.6756 -57.0532 -67.5444
      vertex -42.0252 -60.0532 -69.9155
      vertex -43.0572 -57.0532 -67.7024
    endloop
  endfacet
  facet normal 0.766015 0.63344 -0.109431
    outer loop
      vertex -43.2748 -60.0532 -71.4047
      vertex -45.723 -57.0532 -71.1766
      vertex -45.7229 -57.0532 -71.1759
    endloop
  endfacet
  facet normal 0.757484 0.630917 -0.167814
    outer loop
      vertex -45.723 -57.0532 -71.1766
      vertex -43.2748 -60.0532 -71.4047
      vertex -43.3182 -60.0532 -71.6006
    endloop
  endfacet
  facet normal 0.524135 0.630914 0.57204
    outer loop
      vertex -42.5316 -60.0532 -73.7619
      vertex -44.1012 -57.0532 -75.6325
      vertex -44.4057 -57.0532 -75.3535
    endloop
  endfacet
  facet normal 0.417169 0.630898 -0.65417
    outer loop
      vertex -42.3724 -60.0532 -70.116
      vertex -43.4241 -57.0532 -67.8934
      vertex -42.2032 -60.0532 -70.0081
    endloop
  endfacet
  facet normal 0.430848 0.629843 -0.646272
    outer loop
      vertex -43.4241 -57.0532 -67.8934
      vertex -42.3724 -60.0532 -70.116
      vertex -43.4247 -57.0532 -67.8938
    endloop
  endfacet
  facet normal -0.488396 0.623511 0.610495
    outer loop
      vertex -38.6822 -57.0532 -76.1066
      vertex -39.7339 -60.0532 -73.884
      vertex -38.6817 -57.0532 -76.1062
    endloop
  endfacet
  facet normal -0.416988 0.630911 0.654273
    outer loop
      vertex -39.7339 -60.0532 -73.884
      vertex -38.6822 -57.0532 -76.1066
      vertex -39.9032 -60.0532 -73.9919
    endloop
  endfacet
  facet normal 0.233245 0.630912 -0.739964
    outer loop
      vertex -41.8398 -60.0532 -69.8387
      vertex -42.6744 -57.0532 -67.5439
      vertex -41.6485 -60.0532 -69.7784
    endloop
  endfacet
  facet normal 0.24529 0.631132 -0.735871
    outer loop
      vertex -42.6744 -57.0532 -67.5439
      vertex -41.8398 -60.0532 -69.8387
      vertex -42.675 -57.0532 -67.5441
    endloop
  endfacet
  facet normal 0.472245 0.630918 -0.615571
    outer loop
      vertex -43.773 -57.0532 -68.1157
      vertex -42.3724 -60.0532 -70.116
      vertex -44.1007 -57.0532 -68.3671
    endloop
  endfacet
  facet normal 0.472168 0.630911 -0.615636
    outer loop
      vertex -42.5316 -60.0532 -70.2381
      vertex -44.1007 -57.0532 -68.3671
      vertex -42.3724 -60.0532 -70.116
    endloop
  endfacet
  facet normal 0.484541 0.631171 -0.605676
    outer loop
      vertex -44.1007 -57.0532 -68.3671
      vertex -42.5316 -60.0532 -70.2381
      vertex -44.1012 -57.0532 -68.3675
    endloop
  endfacet
  facet normal 0.607083 0.62895 -0.485666
    outer loop
      vertex -42.6795 -60.0532 -70.3737
      vertex -44.4066 -57.0532 -68.6475
      vertex -44.4062 -57.0532 -68.647
    endloop
  endfacet
  facet normal 0.571873 0.630917 -0.524314
    outer loop
      vertex -44.4066 -57.0532 -68.6475
      vertex -42.6795 -60.0532 -70.3737
      vertex -42.8151 -60.0532 -70.5216
    endloop
  endfacet
  facet normal -0.416879 0.630908 0.654344
    outer loop
      vertex -38.3334 -57.0532 -75.8843
      vertex -38.6817 -57.0532 -76.1062
      vertex -39.7339 -60.0532 -73.884
    endloop
  endfacet
  facet normal 0.697108 0.626538 -0.348554
    outer loop
      vertex -43.1377 -60.0532 -71.028
      vertex -45.5091 -57.0532 -70.3782
      vertex -45.5088 -57.0532 -70.3776
    endloop
  endfacet
  facet normal 0.71679 0.630912 -0.296923
    outer loop
      vertex -45.5091 -57.0532 -70.3782
      vertex -43.1377 -60.0532 -71.028
      vertex -43.2145 -60.0532 -71.2134
    endloop
  endfacet
  facet normal 0.615636 0.630911 0.472168
    outer loop
      vertex -42.8151 -60.0532 -73.4784
      vertex -44.6861 -57.0532 -75.0475
      vertex -42.9372 -60.0532 -73.3192
    endloop
  endfacet
  facet normal 0.549242 0.629815 0.549242
    outer loop
      vertex -44.6861 -57.0532 -75.0475
      vertex -42.8151 -60.0532 -73.4784
      vertex -44.6856 -57.0532 -75.048
    endloop
  endfacet
  facet normal 0.549242 0.629815 -0.549242
    outer loop
      vertex -42.8151 -60.0532 -70.5216
      vertex -44.6861 -57.0532 -68.9525
      vertex -44.6856 -57.0532 -68.952
    endloop
  endfacet
  facet normal 0.615636 0.630911 -0.472168
    outer loop
      vertex -44.6861 -57.0532 -68.9525
      vertex -42.8151 -60.0532 -70.5216
      vertex -42.9372 -60.0532 -70.6808
    endloop
  endfacet
  facet normal 0.100892 0.630924 -0.769256
    outer loop
      vertex -41.4526 -60.0532 -69.7349
      vertex -41.4665 -57.0532 -67.2762
      vertex -41.2536 -60.0532 -69.7088
    endloop
  endfacet
  facet normal 0.1278 0.629035 -0.7668
    outer loop
      vertex -41.4665 -57.0532 -67.2762
      vertex -41.4526 -60.0532 -69.7349
      vertex -41.4671 -57.0532 -67.2763
    endloop
  endfacet
  facet normal 0.130106 0 0.9915
    outer loop
      vertex 40.6538 -60.0532 -36.2651
      vertex 40.8527 -63.0532 -36.2912
      vertex 40.8527 -60.0532 -36.2912
    endloop
  endfacet
  facet normal 0.130106 0 0.9915
    outer loop
      vertex 40.8527 -63.0532 -36.2912
      vertex 40.6538 -60.0532 -36.2651
      vertex 40.6538 -63.0532 -36.2651
    endloop
  endfacet
  facet normal -0.991436 0 0.130596
    outer loop
      vertex 43.3182 -63.0532 -34.3994
      vertex 43.3444 -60.0532 -34.2005
      vertex 43.3182 -60.0532 -34.3994
    endloop
  endfacet
  facet normal -0.991436 0 0.130596
    outer loop
      vertex 43.3444 -60.0532 -34.2005
      vertex 43.3182 -63.0532 -34.3994
      vertex 43.3444 -63.0532 -34.2005
    endloop
  endfacet
  facet normal -0.999038 0 0.0438481
    outer loop
      vertex 43.3444 -63.0532 -34.2005
      vertex 43.3532 -60.0532 -34
      vertex 43.3444 -60.0532 -34.2005
    endloop
  endfacet
  facet normal -0.999038 0 0.0438481
    outer loop
      vertex 43.3532 -60.0532 -34
      vertex 43.3444 -63.0532 -34.2005
      vertex 43.3532 -63.0532 -34
    endloop
  endfacet
  facet normal -0.976328 0 0.216297
    outer loop
      vertex 43.2748 -63.0532 -34.5953
      vertex 43.3182 -60.0532 -34.3994
      vertex 43.2748 -60.0532 -34.5953
    endloop
  endfacet
  facet normal -0.976328 0 0.216297
    outer loop
      vertex 43.3182 -60.0532 -34.3994
      vertex 43.2748 -63.0532 -34.5953
      vertex 43.3182 -63.0532 -34.3994
    endloop
  endfacet
  facet normal -0.999038 0 -0.0438481
    outer loop
      vertex 43.3532 -63.0532 -34
      vertex 43.3444 -60.0532 -33.7995
      vertex 43.3532 -60.0532 -34
    endloop
  endfacet
  facet normal -0.999038 -0 -0.0438481
    outer loop
      vertex 43.3444 -60.0532 -33.7995
      vertex 43.3532 -63.0532 -34
      vertex 43.3444 -63.0532 -33.7995
    endloop
  endfacet
  facet normal 0.608819 0 -0.793309
    outer loop
      vertex 39.5748 -63.0532 -32.2381
      vertex 39.7339 -60.0532 -32.116
      vertex 39.7339 -63.0532 -32.116
    endloop
  endfacet
  facet normal 0.608819 0 -0.793309
    outer loop
      vertex 39.7339 -60.0532 -32.116
      vertex 39.5748 -63.0532 -32.2381
      vertex 39.5748 -60.0532 -32.2381
    endloop
  endfacet
  facet normal 0.953598 -0 0.301084
    outer loop
      vertex 38.8315 -63.0532 -34.5953
      vertex 38.8919 -60.0532 -34.7866
      vertex 38.8315 -60.0532 -34.5953
    endloop
  endfacet
  facet normal 0.953598 0 0.301084
    outer loop
      vertex 38.8919 -60.0532 -34.7866
      vertex 38.8315 -63.0532 -34.5953
      vertex 38.8919 -63.0532 -34.7866
    endloop
  endfacet
  facet normal -0.675792 0 0.737092
    outer loop
      vertex 42.5316 -60.0532 -35.7619
      vertex 42.6795 -63.0532 -35.6263
      vertex 42.6795 -60.0532 -35.6263
    endloop
  endfacet
  facet normal -0.675792 0 0.737092
    outer loop
      vertex 42.6795 -63.0532 -35.6263
      vertex 42.5316 -60.0532 -35.7619
      vertex 42.5316 -63.0532 -35.7619
    endloop
  endfacet
  facet normal 0.953598 0 -0.301084
    outer loop
      vertex 38.8919 -63.0532 -33.2134
      vertex 38.8315 -60.0532 -33.4047
      vertex 38.8919 -60.0532 -33.2134
    endloop
  endfacet
  facet normal 0.953598 0 -0.301084
    outer loop
      vertex 38.8315 -60.0532 -33.4047
      vertex 38.8919 -63.0532 -33.2134
      vertex 38.8315 -63.0532 -33.4047
    endloop
  endfacet
  facet normal 0.793253 0 -0.608892
    outer loop
      vertex 39.2913 -63.0532 -32.5216
      vertex 39.1691 -60.0532 -32.6808
      vertex 39.2913 -60.0532 -32.5216
    endloop
  endfacet
  facet normal 0.793253 0 -0.608892
    outer loop
      vertex 39.1691 -60.0532 -32.6808
      vertex 39.2913 -63.0532 -32.5216
      vertex 39.1691 -63.0532 -32.6808
    endloop
  endfacet
  facet normal -0.382704 0 0.923871
    outer loop
      vertex 41.8398 -60.0532 -36.1613
      vertex 42.0252 -63.0532 -36.0845
      vertex 42.0252 -60.0532 -36.0845
    endloop
  endfacet
  facet normal -0.382704 0 0.923871
    outer loop
      vertex 42.0252 -63.0532 -36.0845
      vertex 41.8398 -60.0532 -36.1613
      vertex 41.8398 -63.0532 -36.1613
    endloop
  endfacet
  facet normal -0.843374 0 -0.537327
    outer loop
      vertex 43.045 -63.0532 -32.85
      vertex 42.9372 -60.0532 -32.6808
      vertex 43.045 -60.0532 -32.85
    endloop
  endfacet
  facet normal -0.843374 -0 -0.537327
    outer loop
      vertex 42.9372 -60.0532 -32.6808
      vertex 43.045 -63.0532 -32.85
      vertex 42.9372 -63.0532 -32.6808
    endloop
  endfacet
  facet normal -0.737092 0 0.675792
    outer loop
      vertex 42.6795 -63.0532 -35.6263
      vertex 42.8151 -60.0532 -35.4784
      vertex 42.6795 -60.0532 -35.6263
    endloop
  endfacet
  facet normal -0.737092 0 0.675792
    outer loop
      vertex 42.8151 -60.0532 -35.4784
      vertex 42.6795 -63.0532 -35.6263
      vertex 42.8151 -63.0532 -35.4784
    endloop
  endfacet
  facet normal -0.793494 0 0.608578
    outer loop
      vertex 42.8151 -63.0532 -35.4784
      vertex 42.9372 -60.0532 -35.3192
      vertex 42.8151 -60.0532 -35.4784
    endloop
  endfacet
  facet normal -0.793494 0 0.608578
    outer loop
      vertex 42.9372 -60.0532 -35.3192
      vertex 42.8151 -63.0532 -35.4784
      vertex 42.9372 -63.0532 -35.3192
    endloop
  endfacet
  facet normal -0.537681 0 0.843148
    outer loop
      vertex 42.2032 -60.0532 -35.9919
      vertex 42.3724 -63.0532 -35.884
      vertex 42.3724 -60.0532 -35.884
    endloop
  endfacet
  facet normal -0.537681 0 0.843148
    outer loop
      vertex 42.3724 -63.0532 -35.884
      vertex 42.2032 -60.0532 -35.9919
      vertex 42.2032 -63.0532 -35.9919
    endloop
  endfacet
  facet normal -0.216772 0 0.976222
    outer loop
      vertex 41.4526 -60.0532 -36.2651
      vertex 41.6485 -63.0532 -36.2216
      vertex 41.6485 -60.0532 -36.2216
    endloop
  endfacet
  facet normal -0.216772 0 0.976222
    outer loop
      vertex 41.6485 -63.0532 -36.2216
      vertex 41.4526 -60.0532 -36.2651
      vertex 41.4526 -63.0532 -36.2651
    endloop
  endfacet
  facet normal 0.0438481 0 -0.999038
    outer loop
      vertex 40.8527 -63.0532 -31.7088
      vertex 41.0532 -60.0532 -31.7
      vertex 41.0532 -63.0532 -31.7
    endloop
  endfacet
  facet normal 0.0438481 0 -0.999038
    outer loop
      vertex 41.0532 -60.0532 -31.7
      vertex 40.8527 -63.0532 -31.7088
      vertex 40.8527 -60.0532 -31.7088
    endloop
  endfacet
  facet normal 0.216772 0 0.976222
    outer loop
      vertex 40.4579 -60.0532 -36.2216
      vertex 40.6538 -63.0532 -36.2651
      vertex 40.6538 -60.0532 -36.2651
    endloop
  endfacet
  facet normal 0.216772 0 0.976222
    outer loop
      vertex 40.6538 -63.0532 -36.2651
      vertex 40.4579 -60.0532 -36.2216
      vertex 40.4579 -63.0532 -36.2216
    endloop
  endfacet
  facet normal 0.793253 -0 0.608892
    outer loop
      vertex 39.1691 -63.0532 -35.3192
      vertex 39.2913 -60.0532 -35.4784
      vertex 39.1691 -60.0532 -35.3192
    endloop
  endfacet
  facet normal 0.793253 0 0.608892
    outer loop
      vertex 39.2913 -60.0532 -35.4784
      vertex 39.1691 -63.0532 -35.3192
      vertex 39.2913 -63.0532 -35.4784
    endloop
  endfacet
  facet normal 0.991436 0 -0.130596
    outer loop
      vertex 38.7881 -63.0532 -33.6006
      vertex 38.7619 -60.0532 -33.7995
      vertex 38.7881 -60.0532 -33.6006
    endloop
  endfacet
  facet normal 0.991436 0 -0.130596
    outer loop
      vertex 38.7619 -60.0532 -33.7995
      vertex 38.7881 -63.0532 -33.6006
      vertex 38.7619 -63.0532 -33.7995
    endloop
  endfacet
  facet normal 0.46151 0 0.887135
    outer loop
      vertex 39.9032 -60.0532 -35.9919
      vertex 40.0812 -63.0532 -36.0845
      vertex 40.0812 -60.0532 -36.0845
    endloop
  endfacet
  facet normal 0.46151 0 0.887135
    outer loop
      vertex 40.0812 -63.0532 -36.0845
      vertex 39.9032 -60.0532 -35.9919
      vertex 39.9032 -63.0532 -35.9919
    endloop
  endfacet
  facet normal -0.46151 0 -0.887135
    outer loop
      vertex 42.0252 -63.0532 -31.9155
      vertex 42.2032 -60.0532 -32.0081
      vertex 42.2032 -63.0532 -32.0081
    endloop
  endfacet
  facet normal -0.46151 0 -0.887135
    outer loop
      vertex 42.2032 -60.0532 -32.0081
      vertex 42.0252 -63.0532 -31.9155
      vertex 42.0252 -60.0532 -31.9155
    endloop
  endfacet
  facet normal -0.608578 0 0.793494
    outer loop
      vertex 42.3724 -60.0532 -35.884
      vertex 42.5316 -63.0532 -35.7619
      vertex 42.5316 -60.0532 -35.7619
    endloop
  endfacet
  facet normal -0.608578 0 0.793494
    outer loop
      vertex 42.5316 -63.0532 -35.7619
      vertex 42.3724 -60.0532 -35.884
      vertex 42.3724 -63.0532 -35.884
    endloop
  endfacet
  facet normal -0.991436 0 -0.130596
    outer loop
      vertex 43.3444 -63.0532 -33.7995
      vertex 43.3182 -60.0532 -33.6006
      vertex 43.3444 -60.0532 -33.7995
    endloop
  endfacet
  facet normal -0.991436 -0 -0.130596
    outer loop
      vertex 43.3182 -60.0532 -33.6006
      vertex 43.3444 -63.0532 -33.7995
      vertex 43.3182 -63.0532 -33.6006
    endloop
  endfacet
  facet normal -0.923871 0 -0.382704
    outer loop
      vertex 43.2145 -63.0532 -33.2134
      vertex 43.1377 -60.0532 -33.028
      vertex 43.2145 -60.0532 -33.2134
    endloop
  endfacet
  facet normal -0.923871 -0 -0.382704
    outer loop
      vertex 43.1377 -60.0532 -33.028
      vertex 43.2145 -63.0532 -33.2134
      vertex 43.1377 -63.0532 -33.028
    endloop
  endfacet
  facet normal -0.30063 0 0.953741
    outer loop
      vertex 41.6485 -60.0532 -36.2216
      vertex 41.8398 -63.0532 -36.1613
      vertex 41.8398 -60.0532 -36.1613
    endloop
  endfacet
  facet normal -0.30063 0 0.953741
    outer loop
      vertex 41.8398 -63.0532 -36.1613
      vertex 41.6485 -60.0532 -36.2216
      vertex 41.6485 -63.0532 -36.2216
    endloop
  endfacet
  facet normal 0.0438481 0 0.999038
    outer loop
      vertex 40.8527 -60.0532 -36.2912
      vertex 41.0532 -63.0532 -36.3
      vertex 41.0532 -60.0532 -36.3
    endloop
  endfacet
  facet normal 0.0438481 0 0.999038
    outer loop
      vertex 41.0532 -63.0532 -36.3
      vertex 40.8527 -60.0532 -36.2912
      vertex 40.8527 -63.0532 -36.2912
    endloop
  endfacet
  facet normal 0.73734 0 -0.675521
    outer loop
      vertex 39.4268 -63.0532 -32.3737
      vertex 39.2913 -60.0532 -32.5216
      vertex 39.4268 -60.0532 -32.3737
    endloop
  endfacet
  facet normal 0.73734 0 -0.675521
    outer loop
      vertex 39.2913 -60.0532 -32.5216
      vertex 39.4268 -63.0532 -32.3737
      vertex 39.2913 -63.0532 -32.5216
    endloop
  endfacet
  facet normal 0.887135 -0 0.46151
    outer loop
      vertex 38.9687 -63.0532 -34.972
      vertex 39.0613 -60.0532 -35.15
      vertex 38.9687 -60.0532 -34.972
    endloop
  endfacet
  facet normal 0.887135 0 0.46151
    outer loop
      vertex 39.0613 -60.0532 -35.15
      vertex 38.9687 -63.0532 -34.972
      vertex 39.0613 -63.0532 -35.15
    endloop
  endfacet
  facet normal -0.216772 0 -0.976222
    outer loop
      vertex 41.4526 -63.0532 -31.7349
      vertex 41.6485 -60.0532 -31.7784
      vertex 41.6485 -63.0532 -31.7784
    endloop
  endfacet
  facet normal -0.216772 0 -0.976222
    outer loop
      vertex 41.6485 -60.0532 -31.7784
      vertex 41.4526 -63.0532 -31.7349
      vertex 41.4526 -60.0532 -31.7349
    endloop
  endfacet
  facet normal -0.130042 0 -0.991508
    outer loop
      vertex 41.2536 -63.0532 -31.7088
      vertex 41.4526 -60.0532 -31.7349
      vertex 41.4526 -63.0532 -31.7349
    endloop
  endfacet
  facet normal -0.130042 0 -0.991508
    outer loop
      vertex 41.4526 -60.0532 -31.7349
      vertex 41.2536 -63.0532 -31.7088
      vertex 41.2536 -60.0532 -31.7088
    endloop
  endfacet
  facet normal -0.46151 0 0.887135
    outer loop
      vertex 42.0252 -60.0532 -36.0845
      vertex 42.2032 -63.0532 -35.9919
      vertex 42.2032 -60.0532 -35.9919
    endloop
  endfacet
  facet normal -0.46151 0 0.887135
    outer loop
      vertex 42.2032 -63.0532 -35.9919
      vertex 42.0252 -60.0532 -36.0845
      vertex 42.0252 -63.0532 -36.0845
    endloop
  endfacet
  facet normal -0.0438699 0 0.999037
    outer loop
      vertex 41.0532 -60.0532 -36.3
      vertex 41.2536 -63.0532 -36.2912
      vertex 41.2536 -60.0532 -36.2912
    endloop
  endfacet
  facet normal -0.0438699 0 0.999037
    outer loop
      vertex 41.2536 -63.0532 -36.2912
      vertex 41.0532 -60.0532 -36.3
      vertex 41.0532 -63.0532 -36.3
    endloop
  endfacet
  facet normal 0.300487 0 -0.953786
    outer loop
      vertex 40.2665 -63.0532 -31.8387
      vertex 40.4579 -60.0532 -31.7784
      vertex 40.4579 -63.0532 -31.7784
    endloop
  endfacet
  facet normal 0.300487 0 -0.953786
    outer loop
      vertex 40.4579 -60.0532 -31.7784
      vertex 40.2665 -63.0532 -31.8387
      vertex 40.2665 -60.0532 -31.8387
    endloop
  endfacet
  facet normal -0.608578 0 -0.793494
    outer loop
      vertex 42.3724 -63.0532 -32.116
      vertex 42.5316 -60.0532 -32.2381
      vertex 42.5316 -63.0532 -32.2381
    endloop
  endfacet
  facet normal -0.608578 0 -0.793494
    outer loop
      vertex 42.5316 -60.0532 -32.2381
      vertex 42.3724 -63.0532 -32.116
      vertex 42.3724 -60.0532 -32.116
    endloop
  endfacet
  facet normal 0.537456 0 -0.843292
    outer loop
      vertex 39.7339 -63.0532 -32.116
      vertex 39.9032 -60.0532 -32.0081
      vertex 39.9032 -63.0532 -32.0081
    endloop
  endfacet
  facet normal 0.537456 0 -0.843292
    outer loop
      vertex 39.9032 -60.0532 -32.0081
      vertex 39.7339 -63.0532 -32.116
      vertex 39.7339 -60.0532 -32.116
    endloop
  endfacet
  facet normal -0.793494 0 -0.608578
    outer loop
      vertex 42.9372 -63.0532 -32.6808
      vertex 42.8151 -60.0532 -32.5216
      vertex 42.9372 -60.0532 -32.6808
    endloop
  endfacet
  facet normal -0.793494 -0 -0.608578
    outer loop
      vertex 42.8151 -60.0532 -32.5216
      vertex 42.9372 -63.0532 -32.6808
      vertex 42.8151 -63.0532 -32.5216
    endloop
  endfacet
  facet normal -0.976328 0 -0.216297
    outer loop
      vertex 43.3182 -63.0532 -33.6006
      vertex 43.2748 -60.0532 -33.4047
      vertex 43.3182 -60.0532 -33.6006
    endloop
  endfacet
  facet normal -0.976328 -0 -0.216297
    outer loop
      vertex 43.2748 -60.0532 -33.4047
      vertex 43.3182 -63.0532 -33.6006
      vertex 43.2748 -63.0532 -33.4047
    endloop
  endfacet
  facet normal 0.675544 0 0.73732
    outer loop
      vertex 39.4268 -60.0532 -35.6263
      vertex 39.5748 -63.0532 -35.7619
      vertex 39.5748 -60.0532 -35.7619
    endloop
  endfacet
  facet normal 0.675544 0 0.73732
    outer loop
      vertex 39.5748 -63.0532 -35.7619
      vertex 39.4268 -60.0532 -35.6263
      vertex 39.4268 -63.0532 -35.6263
    endloop
  endfacet
  facet normal 0.608819 0 0.793309
    outer loop
      vertex 39.5748 -60.0532 -35.7619
      vertex 39.7339 -63.0532 -35.884
      vertex 39.7339 -60.0532 -35.884
    endloop
  endfacet
  facet normal 0.608819 0 0.793309
    outer loop
      vertex 39.7339 -63.0532 -35.884
      vertex 39.5748 -60.0532 -35.7619
      vertex 39.5748 -63.0532 -35.7619
    endloop
  endfacet
  facet normal -0.886931 0 0.461902
    outer loop
      vertex 43.045 -63.0532 -35.15
      vertex 43.1377 -60.0532 -34.972
      vertex 43.045 -60.0532 -35.15
    endloop
  endfacet
  facet normal -0.886931 0 0.461902
    outer loop
      vertex 43.1377 -60.0532 -34.972
      vertex 43.045 -63.0532 -35.15
      vertex 43.1377 -63.0532 -34.972
    endloop
  endfacet
  facet normal -0.843374 0 0.537327
    outer loop
      vertex 42.9372 -63.0532 -35.3192
      vertex 43.045 -60.0532 -35.15
      vertex 42.9372 -60.0532 -35.3192
    endloop
  endfacet
  facet normal -0.843374 0 0.537327
    outer loop
      vertex 43.045 -60.0532 -35.15
      vertex 42.9372 -63.0532 -35.3192
      vertex 43.045 -63.0532 -35.15
    endloop
  endfacet
  facet normal -0.953741 0 -0.30063
    outer loop
      vertex 43.2748 -63.0532 -33.4047
      vertex 43.2145 -60.0532 -33.2134
      vertex 43.2748 -60.0532 -33.4047
    endloop
  endfacet
  facet normal -0.953741 -0 -0.30063
    outer loop
      vertex 43.2145 -60.0532 -33.2134
      vertex 43.2748 -63.0532 -33.4047
      vertex 43.2145 -63.0532 -33.2134
    endloop
  endfacet
  facet normal 0.537456 0 0.843292
    outer loop
      vertex 39.7339 -60.0532 -35.884
      vertex 39.9032 -63.0532 -35.9919
      vertex 39.9032 -60.0532 -35.9919
    endloop
  endfacet
  facet normal 0.537456 0 0.843292
    outer loop
      vertex 39.9032 -63.0532 -35.9919
      vertex 39.7339 -60.0532 -35.884
      vertex 39.7339 -63.0532 -35.884
    endloop
  endfacet
  facet normal 0.130106 0 -0.9915
    outer loop
      vertex 40.6538 -63.0532 -31.7349
      vertex 40.8527 -60.0532 -31.7088
      vertex 40.8527 -63.0532 -31.7088
    endloop
  endfacet
  facet normal 0.130106 0 -0.9915
    outer loop
      vertex 40.8527 -60.0532 -31.7088
      vertex 40.6538 -63.0532 -31.7349
      vertex 40.6538 -60.0532 -31.7349
    endloop
  endfacet
  facet normal 0.300487 0 0.953786
    outer loop
      vertex 40.2665 -60.0532 -36.1613
      vertex 40.4579 -63.0532 -36.2216
      vertex 40.4579 -60.0532 -36.2216
    endloop
  endfacet
  facet normal 0.300487 0 0.953786
    outer loop
      vertex 40.4579 -63.0532 -36.2216
      vertex 40.2665 -60.0532 -36.1613
      vertex 40.2665 -63.0532 -36.1613
    endloop
  endfacet
  facet normal -0.382704 0 -0.923871
    outer loop
      vertex 41.8398 -63.0532 -31.8387
      vertex 42.0252 -60.0532 -31.9155
      vertex 42.0252 -63.0532 -31.9155
    endloop
  endfacet
  facet normal -0.382704 0 -0.923871
    outer loop
      vertex 42.0252 -60.0532 -31.9155
      vertex 41.8398 -63.0532 -31.8387
      vertex 41.8398 -60.0532 -31.8387
    endloop
  endfacet
  facet normal -0.923871 0 0.382704
    outer loop
      vertex 43.1377 -63.0532 -34.972
      vertex 43.2145 -60.0532 -34.7866
      vertex 43.1377 -60.0532 -34.972
    endloop
  endfacet
  facet normal -0.923871 0 0.382704
    outer loop
      vertex 43.2145 -60.0532 -34.7866
      vertex 43.1377 -63.0532 -34.972
      vertex 43.2145 -63.0532 -34.7866
    endloop
  endfacet
  facet normal -0.0438699 0 -0.999037
    outer loop
      vertex 41.0532 -63.0532 -31.7
      vertex 41.2536 -60.0532 -31.7088
      vertex 41.2536 -63.0532 -31.7088
    endloop
  endfacet
  facet normal -0.0438699 0 -0.999037
    outer loop
      vertex 41.2536 -60.0532 -31.7088
      vertex 41.0532 -63.0532 -31.7
      vertex 41.0532 -60.0532 -31.7
    endloop
  endfacet
  facet normal 0.99906 0 -0.0433507
    outer loop
      vertex 38.7619 -63.0532 -33.7995
      vertex 38.7532 -60.0532 -34
      vertex 38.7619 -60.0532 -33.7995
    endloop
  endfacet
  facet normal 0.99906 0 -0.0433507
    outer loop
      vertex 38.7532 -60.0532 -34
      vertex 38.7619 -63.0532 -33.7995
      vertex 38.7532 -63.0532 -34
    endloop
  endfacet
  facet normal 0.99906 -0 0.0433507
    outer loop
      vertex 38.7532 -63.0532 -34
      vertex 38.7619 -60.0532 -34.2005
      vertex 38.7532 -60.0532 -34
    endloop
  endfacet
  facet normal 0.99906 0 0.0433507
    outer loop
      vertex 38.7619 -60.0532 -34.2005
      vertex 38.7532 -63.0532 -34
      vertex 38.7619 -63.0532 -34.2005
    endloop
  endfacet
  facet normal -0.886931 0 -0.461902
    outer loop
      vertex 43.1377 -63.0532 -33.028
      vertex 43.045 -60.0532 -32.85
      vertex 43.1377 -60.0532 -33.028
    endloop
  endfacet
  facet normal -0.886931 -0 -0.461902
    outer loop
      vertex 43.045 -60.0532 -32.85
      vertex 43.1377 -63.0532 -33.028
      vertex 43.045 -63.0532 -32.85
    endloop
  endfacet
  facet normal 0.73734 -0 0.675521
    outer loop
      vertex 39.2913 -63.0532 -35.4784
      vertex 39.4268 -60.0532 -35.6263
      vertex 39.2913 -60.0532 -35.4784
    endloop
  endfacet
  facet normal 0.73734 0 0.675521
    outer loop
      vertex 39.4268 -60.0532 -35.6263
      vertex 39.2913 -63.0532 -35.4784
      vertex 39.4268 -63.0532 -35.6263
    endloop
  endfacet
  facet normal 0.38288 0 0.923798
    outer loop
      vertex 40.0812 -60.0532 -36.0845
      vertex 40.2665 -63.0532 -36.1613
      vertex 40.2665 -60.0532 -36.1613
    endloop
  endfacet
  facet normal 0.38288 0 0.923798
    outer loop
      vertex 40.2665 -63.0532 -36.1613
      vertex 40.0812 -60.0532 -36.0845
      vertex 40.0812 -63.0532 -36.0845
    endloop
  endfacet
  facet normal -0.537681 0 -0.843148
    outer loop
      vertex 42.2032 -63.0532 -32.0081
      vertex 42.3724 -60.0532 -32.116
      vertex 42.3724 -63.0532 -32.116
    endloop
  endfacet
  facet normal -0.537681 0 -0.843148
    outer loop
      vertex 42.3724 -60.0532 -32.116
      vertex 42.2032 -63.0532 -32.0081
      vertex 42.2032 -60.0532 -32.0081
    endloop
  endfacet
  facet normal 0.976328 -0 0.216297
    outer loop
      vertex 38.7881 -63.0532 -34.3994
      vertex 38.8315 -60.0532 -34.5953
      vertex 38.7881 -60.0532 -34.3994
    endloop
  endfacet
  facet normal 0.976328 0 0.216297
    outer loop
      vertex 38.8315 -60.0532 -34.5953
      vertex 38.7881 -63.0532 -34.3994
      vertex 38.8315 -63.0532 -34.5953
    endloop
  endfacet
  facet normal 0.976328 0 -0.216297
    outer loop
      vertex 38.8315 -63.0532 -33.4047
      vertex 38.7881 -60.0532 -33.6006
      vertex 38.8315 -60.0532 -33.4047
    endloop
  endfacet
  facet normal 0.976328 0 -0.216297
    outer loop
      vertex 38.7881 -60.0532 -33.6006
      vertex 38.8315 -63.0532 -33.4047
      vertex 38.7881 -63.0532 -33.6006
    endloop
  endfacet
  facet normal -0.130042 0 0.991508
    outer loop
      vertex 41.2536 -60.0532 -36.2912
      vertex 41.4526 -63.0532 -36.2651
      vertex 41.4526 -60.0532 -36.2651
    endloop
  endfacet
  facet normal -0.130042 0 0.991508
    outer loop
      vertex 41.4526 -63.0532 -36.2651
      vertex 41.2536 -60.0532 -36.2912
      vertex 41.2536 -63.0532 -36.2912
    endloop
  endfacet
  facet normal 0.843374 -0 0.537327
    outer loop
      vertex 39.0613 -63.0532 -35.15
      vertex 39.1691 -60.0532 -35.3192
      vertex 39.0613 -60.0532 -35.15
    endloop
  endfacet
  facet normal 0.843374 0 0.537327
    outer loop
      vertex 39.1691 -60.0532 -35.3192
      vertex 39.0613 -63.0532 -35.15
      vertex 39.1691 -63.0532 -35.3192
    endloop
  endfacet
  facet normal -0.953741 0 0.30063
    outer loop
      vertex 43.2145 -63.0532 -34.7866
      vertex 43.2748 -60.0532 -34.5953
      vertex 43.2145 -60.0532 -34.7866
    endloop
  endfacet
  facet normal -0.953741 0 0.30063
    outer loop
      vertex 43.2748 -60.0532 -34.5953
      vertex 43.2145 -63.0532 -34.7866
      vertex 43.2748 -63.0532 -34.5953
    endloop
  endfacet
  facet normal 0.675544 0 -0.73732
    outer loop
      vertex 39.4268 -63.0532 -32.3737
      vertex 39.5748 -60.0532 -32.2381
      vertex 39.5748 -63.0532 -32.2381
    endloop
  endfacet
  facet normal 0.675544 0 -0.73732
    outer loop
      vertex 39.5748 -60.0532 -32.2381
      vertex 39.4268 -63.0532 -32.3737
      vertex 39.4268 -60.0532 -32.3737
    endloop
  endfacet
  facet normal -0.675792 0 -0.737092
    outer loop
      vertex 42.5316 -63.0532 -32.2381
      vertex 42.6795 -60.0532 -32.3737
      vertex 42.6795 -63.0532 -32.3737
    endloop
  endfacet
  facet normal -0.675792 0 -0.737092
    outer loop
      vertex 42.6795 -60.0532 -32.3737
      vertex 42.5316 -63.0532 -32.2381
      vertex 42.5316 -60.0532 -32.2381
    endloop
  endfacet
  facet normal 0.216772 0 -0.976222
    outer loop
      vertex 40.4579 -63.0532 -31.7784
      vertex 40.6538 -60.0532 -31.7349
      vertex 40.6538 -63.0532 -31.7349
    endloop
  endfacet
  facet normal 0.216772 0 -0.976222
    outer loop
      vertex 40.6538 -60.0532 -31.7349
      vertex 40.4579 -63.0532 -31.7784
      vertex 40.4579 -60.0532 -31.7784
    endloop
  endfacet
  facet normal 0.991436 -0 0.130596
    outer loop
      vertex 38.7619 -63.0532 -34.2005
      vertex 38.7881 -60.0532 -34.3994
      vertex 38.7619 -60.0532 -34.2005
    endloop
  endfacet
  facet normal 0.991436 0 0.130596
    outer loop
      vertex 38.7881 -60.0532 -34.3994
      vertex 38.7619 -63.0532 -34.2005
      vertex 38.7881 -63.0532 -34.3994
    endloop
  endfacet
  facet normal -0.737092 0 -0.675792
    outer loop
      vertex 42.8151 -63.0532 -32.5216
      vertex 42.6795 -60.0532 -32.3737
      vertex 42.8151 -60.0532 -32.5216
    endloop
  endfacet
  facet normal -0.737092 -0 -0.675792
    outer loop
      vertex 42.6795 -60.0532 -32.3737
      vertex 42.8151 -63.0532 -32.5216
      vertex 42.6795 -63.0532 -32.3737
    endloop
  endfacet
  facet normal 0.46151 0 -0.887135
    outer loop
      vertex 39.9032 -63.0532 -32.0081
      vertex 40.0812 -60.0532 -31.9155
      vertex 40.0812 -63.0532 -31.9155
    endloop
  endfacet
  facet normal 0.46151 0 -0.887135
    outer loop
      vertex 40.0812 -60.0532 -31.9155
      vertex 39.9032 -63.0532 -32.0081
      vertex 39.9032 -60.0532 -32.0081
    endloop
  endfacet
  facet normal 0.923871 -0 0.382704
    outer loop
      vertex 38.8919 -63.0532 -34.7866
      vertex 38.9687 -60.0532 -34.972
      vertex 38.8919 -60.0532 -34.7866
    endloop
  endfacet
  facet normal 0.923871 0 0.382704
    outer loop
      vertex 38.9687 -60.0532 -34.972
      vertex 38.8919 -63.0532 -34.7866
      vertex 38.9687 -63.0532 -34.972
    endloop
  endfacet
  facet normal 0.843374 0 -0.537327
    outer loop
      vertex 39.1691 -63.0532 -32.6808
      vertex 39.0613 -60.0532 -32.85
      vertex 39.1691 -60.0532 -32.6808
    endloop
  endfacet
  facet normal 0.843374 0 -0.537327
    outer loop
      vertex 39.0613 -60.0532 -32.85
      vertex 39.1691 -63.0532 -32.6808
      vertex 39.0613 -63.0532 -32.85
    endloop
  endfacet
  facet normal 0.38288 0 -0.923798
    outer loop
      vertex 40.0812 -63.0532 -31.9155
      vertex 40.2665 -60.0532 -31.8387
      vertex 40.2665 -63.0532 -31.8387
    endloop
  endfacet
  facet normal 0.38288 0 -0.923798
    outer loop
      vertex 40.2665 -60.0532 -31.8387
      vertex 40.0812 -63.0532 -31.9155
      vertex 40.0812 -60.0532 -31.9155
    endloop
  endfacet
  facet normal -0.30063 0 -0.953741
    outer loop
      vertex 41.6485 -63.0532 -31.7784
      vertex 41.8398 -60.0532 -31.8387
      vertex 41.8398 -63.0532 -31.8387
    endloop
  endfacet
  facet normal -0.30063 0 -0.953741
    outer loop
      vertex 41.8398 -60.0532 -31.8387
      vertex 41.6485 -63.0532 -31.7784
      vertex 41.6485 -60.0532 -31.7784
    endloop
  endfacet
  facet normal 0.923871 0 -0.382704
    outer loop
      vertex 38.9687 -63.0532 -33.028
      vertex 38.8919 -60.0532 -33.2134
      vertex 38.9687 -60.0532 -33.028
    endloop
  endfacet
  facet normal 0.923871 0 -0.382704
    outer loop
      vertex 38.8919 -60.0532 -33.2134
      vertex 38.9687 -63.0532 -33.028
      vertex 38.8919 -63.0532 -33.2134
    endloop
  endfacet
  facet normal 0.887135 0 -0.46151
    outer loop
      vertex 39.0613 -63.0532 -32.85
      vertex 38.9687 -60.0532 -33.028
      vertex 39.0613 -60.0532 -32.85
    endloop
  endfacet
  facet normal 0.887135 0 -0.46151
    outer loop
      vertex 38.9687 -60.0532 -33.028
      vertex 39.0613 -63.0532 -32.85
      vertex 38.9687 -63.0532 -33.028
    endloop
  endfacet
  facet normal -0.775117 0.630901 0.0340201
    outer loop
      vertex 43.3532 -60.0532 -34
      vertex 45.795 -57.0532 -34.0007
      vertex 43.3444 -60.0532 -34.2005
    endloop
  endfacet
  facet normal -0.77557 0.631262 0
    outer loop
      vertex 45.795 -57.0532 -34.0007
      vertex 43.3532 -60.0532 -34
      vertex 45.795 -57.0532 -34
    endloop
  endfacet
  facet normal -0.358276 0.630906 0.688183
    outer loop
      vertex 43.4241 -57.0532 -38.1066
      vertex 43.0578 -57.0532 -38.2973
      vertex 42.2032 -60.0532 -35.9919
    endloop
  endfacet
  facet normal -0.101249 0.630899 -0.76923
    outer loop
      vertex 41.4671 -57.0532 -29.2763
      vertex 41.8766 -57.0532 -29.3302
      vertex 41.4526 -60.0532 -31.7349
    endloop
  endfacet
  facet normal -0.233309 0.630916 -0.73994
    outer loop
      vertex 42.2805 -57.0532 -29.4197
      vertex 42.6744 -57.0532 -29.5439
      vertex 41.6485 -60.0532 -31.7784
    endloop
  endfacet
  facet normal -0.71679 0.630912 -0.296923
    outer loop
      vertex 43.1377 -60.0532 -33.028
      vertex 45.5091 -57.0532 -32.3782
      vertex 43.2145 -60.0532 -33.2134
    endloop
  endfacet
  facet normal -0.697108 0.626538 -0.348554
    outer loop
      vertex 45.5091 -57.0532 -32.3782
      vertex 43.1377 -60.0532 -33.028
      vertex 45.5088 -57.0532 -32.3776
    endloop
  endfacet
  facet normal 0.769221 0.630898 0.101325
    outer loop
      vertex 38.7881 -60.0532 -34.3994
      vertex 36.3294 -57.0532 -34.4133
      vertex 38.7619 -60.0532 -34.2005
    endloop
  endfacet
  facet normal 0.773432 0.633879 0
    outer loop
      vertex 36.3294 -57.0532 -34.4133
      vertex 38.7881 -60.0532 -34.3994
      vertex 36.3294 -57.0532 -34.4139
    endloop
  endfacet
  facet normal -0.766015 0.63344 0.109431
    outer loop
      vertex 43.2748 -60.0532 -34.5953
      vertex 45.723 -57.0532 -34.8234
      vertex 45.7229 -57.0532 -34.8241
    endloop
  endfacet
  facet normal -0.757484 0.630917 0.167814
    outer loop
      vertex 45.723 -57.0532 -34.8234
      vertex 43.2748 -60.0532 -34.5953
      vertex 43.3182 -60.0532 -34.3994
    endloop
  endfacet
  facet normal 0.29687 0.630914 0.71681
    outer loop
      vertex 40.0812 -60.0532 -36.0845
      vertex 39.4307 -57.0532 -38.4556
      vertex 39.0492 -57.0532 -38.2976
    endloop
  endfacet
  facet normal 0.167948 0.630917 0.757455
    outer loop
      vertex 40.4579 -60.0532 -36.2216
      vertex 40.2291 -57.0532 -38.6697
      vertex 39.8259 -57.0532 -38.5803
    endloop
  endfacet
  facet normal 0.775117 0.630902 -0.0340029
    outer loop
      vertex 36.3294 -57.0532 -33.5867
      vertex 38.7619 -60.0532 -33.7995
      vertex 36.3113 -57.0532 -33.9993
    endloop
  endfacet
  facet normal 0.416879 0.630908 0.654344
    outer loop
      vertex 39.7339 -60.0532 -35.884
      vertex 38.6817 -57.0532 -38.1062
      vertex 38.3334 -57.0532 -37.8843
    endloop
  endfacet
  facet normal -0.739964 0.630912 -0.233245
    outer loop
      vertex 43.2145 -60.0532 -33.2134
      vertex 45.5093 -57.0532 -32.3788
      vertex 43.2748 -60.0532 -33.4047
    endloop
  endfacet
  facet normal -0.735871 0.631132 -0.24529
    outer loop
      vertex 45.5093 -57.0532 -32.3788
      vertex 43.2145 -60.0532 -33.2134
      vertex 45.5091 -57.0532 -32.3782
    endloop
  endfacet
  facet normal 0.775117 0.630902 0.0340029
    outer loop
      vertex 38.7619 -60.0532 -34.2005
      vertex 36.3294 -57.0532 -34.4133
      vertex 36.3113 -57.0532 -34.0007
    endloop
  endfacet
  facet normal 0.757467 0.630902 -0.16795
    outer loop
      vertex 36.4729 -57.0532 -32.7727
      vertex 38.8315 -60.0532 -33.4047
      vertex 36.3835 -57.0532 -33.1759
    endloop
  endfacet
  facet normal -0.572047 0.630902 0.524142
    outer loop
      vertex 44.6856 -57.0532 -37.048
      vertex 44.4066 -57.0532 -37.3525
      vertex 42.8151 -60.0532 -35.4784
    endloop
  endfacet
  facet normal -0.73994 0.630916 0.233309
    outer loop
      vertex 45.6335 -57.0532 -35.2273
      vertex 45.5093 -57.0532 -35.6212
      vertex 43.2748 -60.0532 -34.5953
    endloop
  endfacet
  facet normal 0.739847 0.63092 0.233595
    outer loop
      vertex 38.8919 -60.0532 -34.7866
      vertex 36.5971 -57.0532 -35.6212
      vertex 38.8315 -60.0532 -34.5953
    endloop
  endfacet
  facet normal 0.735871 0.631132 0.24529
    outer loop
      vertex 36.5971 -57.0532 -35.6212
      vertex 38.8919 -60.0532 -34.7866
      vertex 36.5973 -57.0532 -35.6218
    endloop
  endfacet
  facet normal -0.571873 0.630917 0.524314
    outer loop
      vertex 44.4066 -57.0532 -37.3525
      vertex 42.6795 -60.0532 -35.6263
      vertex 42.8151 -60.0532 -35.4784
    endloop
  endfacet
  facet normal -0.607083 0.62895 0.485666
    outer loop
      vertex 42.6795 -60.0532 -35.6263
      vertex 44.4066 -57.0532 -37.3525
      vertex 44.4062 -57.0532 -37.353
    endloop
  endfacet
  facet normal -0.735871 0.631132 0.24529
    outer loop
      vertex 43.2145 -60.0532 -34.7866
      vertex 45.5093 -57.0532 -35.6212
      vertex 45.5091 -57.0532 -35.6218
    endloop
  endfacet
  facet normal -0.739964 0.630912 0.233245
    outer loop
      vertex 45.5093 -57.0532 -35.6212
      vertex 43.2145 -60.0532 -34.7866
      vertex 43.2748 -60.0532 -34.5953
    endloop
  endfacet
  facet normal -0.484541 0.631171 0.605676
    outer loop
      vertex 44.1007 -57.0532 -37.6329
      vertex 42.5316 -60.0532 -35.7619
      vertex 44.1012 -57.0532 -37.6325
    endloop
  endfacet
  facet normal -0.472168 0.630911 0.615636
    outer loop
      vertex 42.5316 -60.0532 -35.7619
      vertex 44.1007 -57.0532 -37.6329
      vertex 42.3724 -60.0532 -35.884
    endloop
  endfacet
  facet normal -0.346709 0.631635 -0.693419
    outer loop
      vertex 42.2032 -60.0532 -32.0081
      vertex 43.0572 -57.0532 -29.7024
      vertex 43.0578 -57.0532 -29.7027
    endloop
  endfacet
  facet normal -0.358062 0.630919 -0.688283
    outer loop
      vertex 43.0572 -57.0532 -29.7024
      vertex 42.2032 -60.0532 -32.0081
      vertex 42.0252 -60.0532 -31.9155
    endloop
  endfacet
  facet normal -0.101249 0.630899 0.76923
    outer loop
      vertex 41.8766 -57.0532 -38.6698
      vertex 41.4671 -57.0532 -38.7237
      vertex 41.4526 -60.0532 -36.2651
    endloop
  endfacet
  facet normal 0.11012 0.627438 -0.77084
    outer loop
      vertex 41.0532 -60.0532 -31.7
      vertex 41.0525 -57.0532 -29.2582
      vertex 41.0532 -57.0532 -29.2581
    endloop
  endfacet
  facet normal 0.0340201 0.630901 -0.775117
    outer loop
      vertex 41.0525 -57.0532 -29.2582
      vertex 41.0532 -60.0532 -31.7
      vertex 40.8527 -60.0532 -31.7088
    endloop
  endfacet
  facet normal -0.416876 0.630917 -0.654339
    outer loop
      vertex 43.4247 -57.0532 -29.8938
      vertex 43.773 -57.0532 -30.1157
      vertex 42.3724 -60.0532 -32.116
    endloop
  endfacet
  facet normal -0.769209 0.630913 -0.101324
    outer loop
      vertex 43.3182 -60.0532 -33.6006
      vertex 45.777 -57.0532 -33.5867
      vertex 43.3444 -60.0532 -33.7995
    endloop
  endfacet
  facet normal -0.766787 0.629051 -0.127798
    outer loop
      vertex 45.777 -57.0532 -33.5867
      vertex 43.3182 -60.0532 -33.6006
      vertex 45.7769 -57.0532 -33.5861
    endloop
  endfacet
  facet normal -0.5484 0.631281 0.5484
    outer loop
      vertex 44.4057 -57.0532 -37.3535
      vertex 42.6795 -60.0532 -35.6263
      vertex 44.4062 -57.0532 -37.353
    endloop
  endfacet
  facet normal -0.524307 0.630929 0.571866
    outer loop
      vertex 42.6795 -60.0532 -35.6263
      vertex 44.4057 -57.0532 -37.3535
      vertex 42.5316 -60.0532 -35.7619
    endloop
  endfacet
  facet normal 0.168187 0.630894 -0.757421
    outer loop
      vertex 40.4579 -60.0532 -31.7784
      vertex 40.2298 -57.0532 -29.3302
      vertex 40.6538 -60.0532 -31.7349
    endloop
  endfacet
  facet normal 0.109431 0.63344 -0.766015
    outer loop
      vertex 40.2298 -57.0532 -29.3302
      vertex 40.4579 -60.0532 -31.7784
      vertex 40.2291 -57.0532 -29.3303
    endloop
  endfacet
  facet normal -0.654339 0.630917 0.416876
    outer loop
      vertex 45.1594 -57.0532 -36.3715
      vertex 44.9375 -57.0532 -36.7198
      vertex 42.9372 -60.0532 -35.3192
    endloop
  endfacet
  facet normal 0.297062 0.630903 -0.71674
    outer loop
      vertex 40.0812 -60.0532 -31.9155
      vertex 39.4314 -57.0532 -29.5441
      vertex 40.2665 -60.0532 -31.8387
    endloop
  endfacet
  facet normal 0.30582 0.630301 -0.713579
    outer loop
      vertex 39.4314 -57.0532 -29.5441
      vertex 40.0812 -60.0532 -31.9155
      vertex 39.4307 -57.0532 -29.5444
    endloop
  endfacet
  facet normal -0.127283 0.632904 0.763696
    outer loop
      vertex 41.8766 -57.0532 -38.6698
      vertex 41.6485 -60.0532 -36.2216
      vertex 41.8772 -57.0532 -38.6697
    endloop
  endfacet
  facet normal -0.168187 0.630894 0.757421
    outer loop
      vertex 41.6485 -60.0532 -36.2216
      vertex 41.8766 -57.0532 -38.6698
      vertex 41.4526 -60.0532 -36.2651
    endloop
  endfacet
  facet normal -0.73994 0.630916 -0.233309
    outer loop
      vertex 45.5093 -57.0532 -32.3788
      vertex 45.6335 -57.0532 -32.7727
      vertex 43.2748 -60.0532 -33.4047
    endloop
  endfacet
  facet normal -0.5484 0.631281 -0.5484
    outer loop
      vertex 42.6795 -60.0532 -32.3737
      vertex 44.4057 -57.0532 -30.6465
      vertex 44.4062 -57.0532 -30.647
    endloop
  endfacet
  facet normal -0.524307 0.630929 -0.571866
    outer loop
      vertex 44.4057 -57.0532 -30.6465
      vertex 42.6795 -60.0532 -32.3737
      vertex 42.5316 -60.0532 -32.2381
    endloop
  endfacet
  facet normal 0.033815 0.630914 -0.775116
    outer loop
      vertex 41.0525 -57.0532 -29.2582
      vertex 40.8527 -60.0532 -31.7088
      vertex 40.6399 -57.0532 -29.2762
    endloop
  endfacet
  facet normal -0.572047 0.630902 -0.524142
    outer loop
      vertex 44.4066 -57.0532 -30.6475
      vertex 44.6856 -57.0532 -30.952
      vertex 42.8151 -60.0532 -32.5216
    endloop
  endfacet
  facet normal -0.688129 0.630912 -0.358369
    outer loop
      vertex 43.045 -60.0532 -32.85
      vertex 45.3508 -57.0532 -31.996
      vertex 43.1377 -60.0532 -33.028
    endloop
  endfacet
  facet normal -0.693409 0.631649 -0.346704
    outer loop
      vertex 45.3508 -57.0532 -31.996
      vertex 43.045 -60.0532 -32.85
      vertex 45.3505 -57.0532 -31.9954
    endloop
  endfacet
  facet normal -0.524135 0.630914 -0.57204
    outer loop
      vertex 44.1012 -57.0532 -30.3675
      vertex 44.4057 -57.0532 -30.6465
      vertex 42.5316 -60.0532 -32.2381
    endloop
  endfacet
  facet normal -0.472245 0.630918 0.615571
    outer loop
      vertex 44.1007 -57.0532 -37.6329
      vertex 43.773 -57.0532 -37.8843
      vertex 42.3724 -60.0532 -35.884
    endloop
  endfacet
  facet normal -0.688103 0.63091 -0.358422
    outer loop
      vertex 45.1597 -57.0532 -31.6291
      vertex 45.3505 -57.0532 -31.9954
      vertex 43.045 -60.0532 -32.85
    endloop
  endfacet
  facet normal -0.430848 0.629843 -0.646272
    outer loop
      vertex 42.3724 -60.0532 -32.116
      vertex 43.4241 -57.0532 -29.8934
      vertex 43.4247 -57.0532 -29.8938
    endloop
  endfacet
  facet normal -0.417169 0.630898 -0.65417
    outer loop
      vertex 43.4241 -57.0532 -29.8934
      vertex 42.3724 -60.0532 -32.116
      vertex 42.2032 -60.0532 -32.0081
    endloop
  endfacet
  facet normal -0.346709 0.631635 0.693419
    outer loop
      vertex 43.0572 -57.0532 -38.2976
      vertex 42.2032 -60.0532 -35.9919
      vertex 43.0578 -57.0532 -38.2973
    endloop
  endfacet
  facet normal -0.358062 0.630919 0.688283
    outer loop
      vertex 42.2032 -60.0532 -35.9919
      vertex 43.0572 -57.0532 -38.2976
      vertex 42.0252 -60.0532 -36.0845
    endloop
  endfacet
  facet normal 0.524123 0.630913 -0.572052
    outer loop
      vertex 39.4268 -60.0532 -32.3737
      vertex 37.7007 -57.0532 -30.6465
      vertex 39.5748 -60.0532 -32.2381
    endloop
  endfacet
  facet normal 0.548406 0.63127 -0.548406
    outer loop
      vertex 37.7007 -57.0532 -30.6465
      vertex 39.4268 -60.0532 -32.3737
      vertex 37.7002 -57.0532 -30.647
    endloop
  endfacet
  facet normal 0.358197 0.630912 -0.688219
    outer loop
      vertex 39.0486 -57.0532 -29.7027
      vertex 39.9032 -60.0532 -32.0081
      vertex 38.6822 -57.0532 -29.8934
    endloop
  endfacet
  facet normal 0.358062 0.630919 -0.688283
    outer loop
      vertex 39.9032 -60.0532 -32.0081
      vertex 39.0492 -57.0532 -29.7024
      vertex 40.0812 -60.0532 -31.9155
    endloop
  endfacet
  facet normal 0.346709 0.631635 -0.693419
    outer loop
      vertex 39.0492 -57.0532 -29.7024
      vertex 39.9032 -60.0532 -32.0081
      vertex 39.0486 -57.0532 -29.7027
    endloop
  endfacet
  facet normal 0.769203 0.630903 -0.101433
    outer loop
      vertex 36.3834 -57.0532 -33.1766
      vertex 38.7881 -60.0532 -33.6006
      vertex 36.3294 -57.0532 -33.5861
    endloop
  endfacet
  facet normal -0.1278 0.629035 0.7668
    outer loop
      vertex 41.4665 -57.0532 -38.7238
      vertex 41.4526 -60.0532 -36.2651
      vertex 41.4671 -57.0532 -38.7237
    endloop
  endfacet
  facet normal -0.100892 0.630924 0.769256
    outer loop
      vertex 41.4526 -60.0532 -36.2651
      vertex 41.4665 -57.0532 -38.7238
      vertex 41.2536 -60.0532 -36.2912
    endloop
  endfacet
  facet normal 0.757496 0.630902 0.167817
    outer loop
      vertex 38.8315 -60.0532 -34.5953
      vertex 36.3834 -57.0532 -34.8234
      vertex 38.7881 -60.0532 -34.3994
    endloop
  endfacet
  facet normal 0.766027 0.633424 0.109432
    outer loop
      vertex 36.3834 -57.0532 -34.8234
      vertex 38.8315 -60.0532 -34.5953
      vertex 36.3835 -57.0532 -34.8241
    endloop
  endfacet
  facet normal -0.769218 0.630915 -0.101247
    outer loop
      vertex 45.723 -57.0532 -33.1766
      vertex 45.7769 -57.0532 -33.5861
      vertex 43.3182 -60.0532 -33.6006
    endloop
  endfacet
  facet normal 0.472249 0.630908 0.615577
    outer loop
      vertex 39.7339 -60.0532 -35.884
      vertex 38.3334 -57.0532 -37.8843
      vertex 38.0057 -57.0532 -37.6329
    endloop
  endfacet
  facet normal -0.691835 0.633802 0.345918
    outer loop
      vertex 42.9372 -60.0532 -35.3192
      vertex 45.1597 -57.0532 -36.3709
      vertex 45.1594 -57.0532 -36.3715
    endloop
  endfacet
  facet normal -0.65434 0.630905 0.416891
    outer loop
      vertex 45.1597 -57.0532 -36.3709
      vertex 42.9372 -60.0532 -35.3192
      vertex 43.045 -60.0532 -35.15
    endloop
  endfacet
  facet normal -0.775116 0.630914 0.033815
    outer loop
      vertex 45.795 -57.0532 -34.0007
      vertex 45.777 -57.0532 -34.4133
      vertex 43.3444 -60.0532 -34.2005
    endloop
  endfacet
  facet normal 0.233309 0.630916 -0.73994
    outer loop
      vertex 39.8259 -57.0532 -29.4197
      vertex 40.4579 -60.0532 -31.7784
      vertex 39.432 -57.0532 -29.5439
    endloop
  endfacet
  facet normal -0.775116 0.630914 -0.033815
    outer loop
      vertex 45.777 -57.0532 -33.5867
      vertex 45.795 -57.0532 -33.9993
      vertex 43.3444 -60.0532 -33.7995
    endloop
  endfacet
  facet normal 0.775557 0.631278 0
    outer loop
      vertex 38.7532 -60.0532 -34
      vertex 36.3113 -57.0532 -34.0007
      vertex 36.3113 -57.0532 -34
    endloop
  endfacet
  facet normal 0.775114 0.630925 0.0336334
    outer loop
      vertex 36.3113 -57.0532 -34.0007
      vertex 38.7532 -60.0532 -34
      vertex 38.7619 -60.0532 -34.2005
    endloop
  endfacet
  facet normal 0.297062 0.630903 0.71674
    outer loop
      vertex 39.4314 -57.0532 -38.4559
      vertex 40.0812 -60.0532 -36.0845
      vertex 40.2665 -60.0532 -36.1613
    endloop
  endfacet
  facet normal 0.30582 0.630301 0.713579
    outer loop
      vertex 40.0812 -60.0532 -36.0845
      vertex 39.4314 -57.0532 -38.4559
      vertex 39.4307 -57.0532 -38.4556
    endloop
  endfacet
  facet normal 0.71679 0.630912 0.296923
    outer loop
      vertex 38.9687 -60.0532 -34.972
      vertex 36.5973 -57.0532 -35.6218
      vertex 38.8919 -60.0532 -34.7866
    endloop
  endfacet
  facet normal 0.734163 0.633338 0.244721
    outer loop
      vertex 36.5973 -57.0532 -35.6218
      vertex 38.9687 -60.0532 -34.972
      vertex 36.5975 -57.0532 -35.6224
    endloop
  endfacet
  facet normal -0.65434 0.630905 -0.416891
    outer loop
      vertex 42.9372 -60.0532 -32.6808
      vertex 45.1597 -57.0532 -31.6291
      vertex 43.045 -60.0532 -32.85
    endloop
  endfacet
  facet normal -0.691835 0.633802 -0.345918
    outer loop
      vertex 45.1597 -57.0532 -31.6291
      vertex 42.9372 -60.0532 -32.6808
      vertex 45.1594 -57.0532 -31.6285
    endloop
  endfacet
  facet normal 0.167948 0.630917 -0.757455
    outer loop
      vertex 40.2291 -57.0532 -29.3303
      vertex 40.4579 -60.0532 -31.7784
      vertex 39.8259 -57.0532 -29.4197
    endloop
  endfacet
  facet normal 0.775114 0.630925 -0.0336334
    outer loop
      vertex 38.7532 -60.0532 -34
      vertex 36.3113 -57.0532 -33.9993
      vertex 38.7619 -60.0532 -33.7995
    endloop
  endfacet
  facet normal 0.775557 0.631278 0
    outer loop
      vertex 36.3113 -57.0532 -33.9993
      vertex 38.7532 -60.0532 -34
      vertex 36.3113 -57.0532 -34
    endloop
  endfacet
  facet normal -0.296804 0.630912 -0.716838
    outer loop
      vertex 42.6756 -57.0532 -29.5444
      vertex 43.0572 -57.0532 -29.7024
      vertex 42.0252 -60.0532 -31.9155
    endloop
  endfacet
  facet normal 0.615579 0.630905 -0.472251
    outer loop
      vertex 37.4203 -57.0532 -30.9525
      vertex 39.1691 -60.0532 -32.6808
      vertex 37.1689 -57.0532 -31.2802
    endloop
  endfacet
  facet normal 0.739952 0.630901 -0.233313
    outer loop
      vertex 36.5971 -57.0532 -32.3788
      vertex 38.8315 -60.0532 -33.4047
      vertex 36.4729 -57.0532 -32.7727
    endloop
  endfacet
  facet normal 0.233309 0.630916 0.73994
    outer loop
      vertex 40.4579 -60.0532 -36.2216
      vertex 39.8259 -57.0532 -38.5803
      vertex 39.432 -57.0532 -38.4561
    endloop
  endfacet
  facet normal -0.615571 0.630918 0.472245
    outer loop
      vertex 44.9375 -57.0532 -36.7198
      vertex 44.6861 -57.0532 -37.0475
      vertex 42.9372 -60.0532 -35.3192
    endloop
  endfacet
  facet normal 0.769203 0.630903 0.101433
    outer loop
      vertex 38.7881 -60.0532 -34.3994
      vertex 36.3834 -57.0532 -34.8234
      vertex 36.3294 -57.0532 -34.4139
    endloop
  endfacet
  facet normal -0.757455 0.630917 0.167948
    outer loop
      vertex 45.7229 -57.0532 -34.8241
      vertex 45.6335 -57.0532 -35.2273
      vertex 43.2748 -60.0532 -34.5953
    endloop
  endfacet
  facet normal 0.101273 0.6309 0.769226
    outer loop
      vertex 40.6538 -60.0532 -36.2651
      vertex 40.6392 -57.0532 -38.7237
      vertex 40.2298 -57.0532 -38.6698
    endloop
  endfacet
  facet normal 0.716769 0.630916 -0.296963
    outer loop
      vertex 36.7556 -57.0532 -31.996
      vertex 38.9687 -60.0532 -33.028
      vertex 36.5975 -57.0532 -32.3776
    endloop
  endfacet
  facet normal -0.0338068 0.630914 -0.775115
    outer loop
      vertex 41.4665 -57.0532 -29.2762
      vertex 41.2536 -60.0532 -31.7088
      vertex 41.0538 -57.0532 -29.2582
    endloop
  endfacet
  facet normal -0.0340371 0.6309 -0.775117
    outer loop
      vertex 41.0532 -60.0532 -31.7
      vertex 41.0538 -57.0532 -29.2582
      vertex 41.2536 -60.0532 -31.7088
    endloop
  endfacet
  facet normal -0.128193 0.626069 -0.769158
    outer loop
      vertex 41.0538 -57.0532 -29.2582
      vertex 41.0532 -60.0532 -31.7
      vertex 41.0532 -57.0532 -29.2581
    endloop
  endfacet
  facet normal 0.524135 0.630914 -0.57204
    outer loop
      vertex 38.0052 -57.0532 -30.3675
      vertex 39.5748 -60.0532 -32.2381
      vertex 37.7007 -57.0532 -30.6465
    endloop
  endfacet
  facet normal -0.167908 0.630916 0.757464
    outer loop
      vertex 42.2805 -57.0532 -38.5803
      vertex 41.8772 -57.0532 -38.6697
      vertex 41.6485 -60.0532 -36.2216
    endloop
  endfacet
  facet normal -0.167908 0.630916 -0.757464
    outer loop
      vertex 41.8772 -57.0532 -29.3303
      vertex 42.2805 -57.0532 -29.4197
      vertex 41.6485 -60.0532 -31.7784
    endloop
  endfacet
  facet normal -0.233309 0.630916 0.73994
    outer loop
      vertex 42.6744 -57.0532 -38.4561
      vertex 42.2805 -57.0532 -38.5803
      vertex 41.6485 -60.0532 -36.2216
    endloop
  endfacet
  facet normal -0.24529 0.631132 0.735871
    outer loop
      vertex 42.6744 -57.0532 -38.4561
      vertex 41.8398 -60.0532 -36.1613
      vertex 42.675 -57.0532 -38.4559
    endloop
  endfacet
  facet normal -0.233245 0.630912 0.739964
    outer loop
      vertex 41.8398 -60.0532 -36.1613
      vertex 42.6744 -57.0532 -38.4561
      vertex 41.6485 -60.0532 -36.2216
    endloop
  endfacet
  facet normal -0.77557 0.631262 0
    outer loop
      vertex 43.3532 -60.0532 -34
      vertex 45.795 -57.0532 -33.9993
      vertex 45.795 -57.0532 -34
    endloop
  endfacet
  facet normal -0.775117 0.630901 -0.0340201
    outer loop
      vertex 45.795 -57.0532 -33.9993
      vertex 43.3532 -60.0532 -34
      vertex 43.3444 -60.0532 -33.7995
    endloop
  endfacet
  facet normal -0.769218 0.630915 0.101247
    outer loop
      vertex 45.7769 -57.0532 -34.4139
      vertex 45.723 -57.0532 -34.8234
      vertex 43.3182 -60.0532 -34.3994
    endloop
  endfacet
  facet normal -0.766787 0.629051 0.127798
    outer loop
      vertex 43.3182 -60.0532 -34.3994
      vertex 45.777 -57.0532 -34.4133
      vertex 45.7769 -57.0532 -34.4139
    endloop
  endfacet
  facet normal -0.769209 0.630913 0.101324
    outer loop
      vertex 45.777 -57.0532 -34.4133
      vertex 43.3182 -60.0532 -34.3994
      vertex 43.3444 -60.0532 -34.2005
    endloop
  endfacet
  facet normal -0.128193 0.626069 0.769158
    outer loop
      vertex 41.0532 -60.0532 -36.3
      vertex 41.0538 -57.0532 -38.7418
      vertex 41.0532 -57.0532 -38.7419
    endloop
  endfacet
  facet normal -0.0340371 0.6309 0.775117
    outer loop
      vertex 41.0538 -57.0532 -38.7418
      vertex 41.0532 -60.0532 -36.3
      vertex 41.2536 -60.0532 -36.2912
    endloop
  endfacet
  facet normal 0.101273 0.6309 -0.769226
    outer loop
      vertex 40.6392 -57.0532 -29.2763
      vertex 40.6538 -60.0532 -31.7349
      vertex 40.2298 -57.0532 -29.3302
    endloop
  endfacet
  facet normal -0.24529 0.631132 -0.735871
    outer loop
      vertex 41.8398 -60.0532 -31.8387
      vertex 42.6744 -57.0532 -29.5439
      vertex 42.675 -57.0532 -29.5441
    endloop
  endfacet
  facet normal -0.233245 0.630912 -0.739964
    outer loop
      vertex 42.6744 -57.0532 -29.5439
      vertex 41.8398 -60.0532 -31.8387
      vertex 41.6485 -60.0532 -31.7784
    endloop
  endfacet
  facet normal -0.348554 0.626538 -0.697108
    outer loop
      vertex 42.0252 -60.0532 -31.9155
      vertex 42.675 -57.0532 -29.5441
      vertex 42.6756 -57.0532 -29.5444
    endloop
  endfacet
  facet normal -0.296923 0.630912 -0.71679
    outer loop
      vertex 42.675 -57.0532 -29.5441
      vertex 42.0252 -60.0532 -31.9155
      vertex 41.8398 -60.0532 -31.8387
    endloop
  endfacet
  facet normal -0.524135 0.630914 0.57204
    outer loop
      vertex 44.4057 -57.0532 -37.3535
      vertex 44.1012 -57.0532 -37.6325
      vertex 42.5316 -60.0532 -35.7619
    endloop
  endfacet
  facet normal 0.646281 0.62983 -0.430854
    outer loop
      vertex 39.1691 -60.0532 -32.6808
      vertex 36.9466 -57.0532 -31.6291
      vertex 36.947 -57.0532 -31.6285
    endloop
  endfacet
  facet normal 0.65434 0.630905 -0.416891
    outer loop
      vertex 36.9466 -57.0532 -31.6291
      vertex 39.1691 -60.0532 -32.6808
      vertex 39.0613 -60.0532 -32.85
    endloop
  endfacet
  facet normal -0.0338068 0.630914 0.775115
    outer loop
      vertex 41.2536 -60.0532 -36.2912
      vertex 41.4665 -57.0532 -38.7238
      vertex 41.0538 -57.0532 -38.7418
    endloop
  endfacet
  facet normal -0.358276 0.630906 -0.688183
    outer loop
      vertex 43.0578 -57.0532 -29.7027
      vertex 43.4241 -57.0532 -29.8934
      vertex 42.2032 -60.0532 -32.0081
    endloop
  endfacet
  facet normal -0.549242 0.629815 -0.549242
    outer loop
      vertex 44.6861 -57.0532 -30.9525
      vertex 42.8151 -60.0532 -32.5216
      vertex 44.6856 -57.0532 -30.952
    endloop
  endfacet
  facet normal -0.615636 0.630911 -0.472168
    outer loop
      vertex 42.8151 -60.0532 -32.5216
      vertex 44.6861 -57.0532 -30.9525
      vertex 42.9372 -60.0532 -32.6808
    endloop
  endfacet
  facet normal 0.65434 0.630905 0.416891
    outer loop
      vertex 39.1691 -60.0532 -35.3192
      vertex 36.9466 -57.0532 -36.3709
      vertex 39.0613 -60.0532 -35.15
    endloop
  endfacet
  facet normal 0.646281 0.62983 0.430854
    outer loop
      vertex 36.9466 -57.0532 -36.3709
      vertex 39.1691 -60.0532 -35.3192
      vertex 36.947 -57.0532 -36.3715
    endloop
  endfacet
  facet normal -0.472245 0.630918 -0.615571
    outer loop
      vertex 43.773 -57.0532 -30.1157
      vertex 44.1007 -57.0532 -30.3671
      vertex 42.3724 -60.0532 -32.116
    endloop
  endfacet
  facet normal 0.654348 0.630903 -0.416881
    outer loop
      vertex 37.1689 -57.0532 -31.2802
      vertex 39.1691 -60.0532 -32.6808
      vertex 36.947 -57.0532 -31.6285
    endloop
  endfacet
  facet normal 0.773432 0.633879 0
    outer loop
      vertex 38.7881 -60.0532 -33.6006
      vertex 36.3294 -57.0532 -33.5867
      vertex 36.3294 -57.0532 -33.5861
    endloop
  endfacet
  facet normal 0.769221 0.630898 -0.101325
    outer loop
      vertex 36.3294 -57.0532 -33.5867
      vertex 38.7881 -60.0532 -33.6006
      vertex 38.7619 -60.0532 -33.7995
    endloop
  endfacet
  facet normal -0.688103 0.63091 0.358422
    outer loop
      vertex 45.3505 -57.0532 -36.0046
      vertex 45.1597 -57.0532 -36.3709
      vertex 43.045 -60.0532 -35.15
    endloop
  endfacet
  facet normal 0.693419 0.631635 -0.346709
    outer loop
      vertex 39.0613 -60.0532 -32.85
      vertex 36.7556 -57.0532 -31.996
      vertex 36.7559 -57.0532 -31.9954
    endloop
  endfacet
  facet normal 0.688283 0.630919 -0.358062
    outer loop
      vertex 36.7556 -57.0532 -31.996
      vertex 39.0613 -60.0532 -32.85
      vertex 38.9687 -60.0532 -33.028
    endloop
  endfacet
  facet normal -0.1278 0.629035 -0.7668
    outer loop
      vertex 41.4526 -60.0532 -31.7349
      vertex 41.4665 -57.0532 -29.2762
      vertex 41.4671 -57.0532 -29.2763
    endloop
  endfacet
  facet normal -0.100892 0.630924 -0.769256
    outer loop
      vertex 41.4665 -57.0532 -29.2762
      vertex 41.4526 -60.0532 -31.7349
      vertex 41.2536 -60.0532 -31.7088
    endloop
  endfacet
  facet normal 0.033815 0.630914 0.775116
    outer loop
      vertex 40.8527 -60.0532 -36.2912
      vertex 41.0525 -57.0532 -38.7418
      vertex 40.6399 -57.0532 -38.7238
    endloop
  endfacet
  facet normal 0.11012 0.627438 0.77084
    outer loop
      vertex 41.0525 -57.0532 -38.7418
      vertex 41.0532 -60.0532 -36.3
      vertex 41.0532 -57.0532 -38.7419
    endloop
  endfacet
  facet normal 0.0340201 0.630901 0.775117
    outer loop
      vertex 41.0532 -60.0532 -36.3
      vertex 41.0525 -57.0532 -38.7418
      vertex 40.8527 -60.0532 -36.2912
    endloop
  endfacet
  facet normal -0.716838 0.630912 0.296804
    outer loop
      vertex 45.5088 -57.0532 -35.6224
      vertex 45.3508 -57.0532 -36.004
      vertex 43.1377 -60.0532 -34.972
    endloop
  endfacet
  facet normal 0.358062 0.630919 0.688283
    outer loop
      vertex 39.0492 -57.0532 -38.2976
      vertex 39.9032 -60.0532 -35.9919
      vertex 40.0812 -60.0532 -36.0845
    endloop
  endfacet
  facet normal 0.346709 0.631635 0.693419
    outer loop
      vertex 39.9032 -60.0532 -35.9919
      vertex 39.0492 -57.0532 -38.2976
      vertex 39.0486 -57.0532 -38.2973
    endloop
  endfacet
  facet normal 0.233136 0.630905 0.740004
    outer loop
      vertex 39.432 -57.0532 -38.4561
      vertex 40.2665 -60.0532 -36.1613
      vertex 40.4579 -60.0532 -36.2216
    endloop
  endfacet
  facet normal 0.245291 0.631127 0.735874
    outer loop
      vertex 40.2665 -60.0532 -36.1613
      vertex 39.432 -57.0532 -38.4561
      vertex 39.4314 -57.0532 -38.4559
    endloop
  endfacet
  facet normal 0.572069 0.630911 0.524107
    outer loop
      vertex 39.4268 -60.0532 -35.6263
      vertex 37.6997 -57.0532 -37.3525
      vertex 39.2913 -60.0532 -35.4784
    endloop
  endfacet
  facet normal 0.548406 0.63127 0.548406
    outer loop
      vertex 37.6997 -57.0532 -37.3525
      vertex 39.4268 -60.0532 -35.6263
      vertex 37.7002 -57.0532 -37.353
    endloop
  endfacet
  facet normal 0.57204 0.630914 0.524135
    outer loop
      vertex 39.2913 -60.0532 -35.4784
      vertex 37.6997 -57.0532 -37.3525
      vertex 37.4207 -57.0532 -37.048
    endloop
  endfacet
  facet normal 0.688283 0.630919 0.358062
    outer loop
      vertex 39.0613 -60.0532 -35.15
      vertex 36.7556 -57.0532 -36.004
      vertex 38.9687 -60.0532 -34.972
    endloop
  endfacet
  facet normal 0.693419 0.631635 0.346709
    outer loop
      vertex 36.7556 -57.0532 -36.004
      vertex 39.0613 -60.0532 -35.15
      vertex 36.7559 -57.0532 -36.0046
    endloop
  endfacet
  facet normal -0.697108 0.626538 0.348554
    outer loop
      vertex 43.1377 -60.0532 -34.972
      vertex 45.5091 -57.0532 -35.6218
      vertex 45.5088 -57.0532 -35.6224
    endloop
  endfacet
  facet normal -0.71679 0.630912 0.296923
    outer loop
      vertex 45.5091 -57.0532 -35.6218
      vertex 43.1377 -60.0532 -34.972
      vertex 43.2145 -60.0532 -34.7866
    endloop
  endfacet
  facet normal -0.127283 0.632904 -0.763696
    outer loop
      vertex 41.6485 -60.0532 -31.7784
      vertex 41.8766 -57.0532 -29.3302
      vertex 41.8772 -57.0532 -29.3303
    endloop
  endfacet
  facet normal -0.168187 0.630894 -0.757421
    outer loop
      vertex 41.8766 -57.0532 -29.3302
      vertex 41.6485 -60.0532 -31.7784
      vertex 41.4526 -60.0532 -31.7349
    endloop
  endfacet
  facet normal 0.57204 0.630914 -0.524135
    outer loop
      vertex 37.6997 -57.0532 -30.6475
      vertex 39.2913 -60.0532 -32.5216
      vertex 37.4207 -57.0532 -30.952
    endloop
  endfacet
  facet normal -0.757484 0.630917 -0.167814
    outer loop
      vertex 43.2748 -60.0532 -33.4047
      vertex 45.723 -57.0532 -33.1766
      vertex 43.3182 -60.0532 -33.6006
    endloop
  endfacet
  facet normal -0.766015 0.63344 -0.109431
    outer loop
      vertex 45.723 -57.0532 -33.1766
      vertex 43.2748 -60.0532 -33.4047
      vertex 45.7229 -57.0532 -33.1759
    endloop
  endfacet
  facet normal -0.757455 0.630917 -0.167948
    outer loop
      vertex 45.6335 -57.0532 -32.7727
      vertex 45.7229 -57.0532 -33.1759
      vertex 43.2748 -60.0532 -33.4047
    endloop
  endfacet
  facet normal -0.607083 0.62895 -0.485666
    outer loop
      vertex 44.4066 -57.0532 -30.6475
      vertex 42.6795 -60.0532 -32.3737
      vertex 44.4062 -57.0532 -30.647
    endloop
  endfacet
  facet normal -0.571873 0.630917 -0.524314
    outer loop
      vertex 42.6795 -60.0532 -32.3737
      vertex 44.4066 -57.0532 -30.6475
      vertex 42.8151 -60.0532 -32.5216
    endloop
  endfacet
  facet normal -0.716838 0.630912 -0.296804
    outer loop
      vertex 45.3508 -57.0532 -31.996
      vertex 45.5088 -57.0532 -32.3776
      vertex 43.1377 -60.0532 -33.028
    endloop
  endfacet
  facet normal 0.358197 0.630912 0.688219
    outer loop
      vertex 39.9032 -60.0532 -35.9919
      vertex 39.0486 -57.0532 -38.2973
      vertex 38.6822 -57.0532 -38.1066
    endloop
  endfacet
  facet normal 0.416988 0.630911 0.654273
    outer loop
      vertex 38.6822 -57.0532 -38.1066
      vertex 39.7339 -60.0532 -35.884
      vertex 39.9032 -60.0532 -35.9919
    endloop
  endfacet
  facet normal 0.488396 0.623511 0.610495
    outer loop
      vertex 39.7339 -60.0532 -35.884
      vertex 38.6822 -57.0532 -38.1066
      vertex 38.6817 -57.0532 -38.1062
    endloop
  endfacet
  facet normal 0.716769 0.630916 0.296963
    outer loop
      vertex 38.9687 -60.0532 -34.972
      vertex 36.7556 -57.0532 -36.004
      vertex 36.5975 -57.0532 -35.6224
    endloop
  endfacet
  facet normal 0.416879 0.630908 -0.654344
    outer loop
      vertex 38.6817 -57.0532 -29.8938
      vertex 39.7339 -60.0532 -32.116
      vertex 38.3334 -57.0532 -30.1157
    endloop
  endfacet
  facet normal 0.688183 0.630906 -0.358276
    outer loop
      vertex 36.9466 -57.0532 -31.6291
      vertex 39.0613 -60.0532 -32.85
      vertex 36.7559 -57.0532 -31.9954
    endloop
  endfacet
  facet normal 0.168187 0.630894 0.757421
    outer loop
      vertex 40.2298 -57.0532 -38.6698
      vertex 40.4579 -60.0532 -36.2216
      vertex 40.6538 -60.0532 -36.2651
    endloop
  endfacet
  facet normal 0.109431 0.63344 0.766015
    outer loop
      vertex 40.4579 -60.0532 -36.2216
      vertex 40.2298 -57.0532 -38.6698
      vertex 40.2291 -57.0532 -38.6697
    endloop
  endfacet
  facet normal -0.615636 0.630911 0.472168
    outer loop
      vertex 44.6861 -57.0532 -37.0475
      vertex 42.8151 -60.0532 -35.4784
      vertex 42.9372 -60.0532 -35.3192
    endloop
  endfacet
  facet normal -0.549242 0.629815 0.549242
    outer loop
      vertex 42.8151 -60.0532 -35.4784
      vertex 44.6861 -57.0532 -37.0475
      vertex 44.6856 -57.0532 -37.048
    endloop
  endfacet
  facet normal 0.688183 0.630906 0.358276
    outer loop
      vertex 39.0613 -60.0532 -35.15
      vertex 36.9466 -57.0532 -36.3709
      vertex 36.7559 -57.0532 -36.0046
    endloop
  endfacet
  facet normal -0.296804 0.630912 0.716838
    outer loop
      vertex 43.0572 -57.0532 -38.2976
      vertex 42.6756 -57.0532 -38.4556
      vertex 42.0252 -60.0532 -36.0845
    endloop
  endfacet
  facet normal -0.693409 0.631649 0.346704
    outer loop
      vertex 43.045 -60.0532 -35.15
      vertex 45.3508 -57.0532 -36.004
      vertex 45.3505 -57.0532 -36.0046
    endloop
  endfacet
  facet normal -0.688129 0.630912 0.358369
    outer loop
      vertex 45.3508 -57.0532 -36.004
      vertex 43.045 -60.0532 -35.15
      vertex 43.1377 -60.0532 -34.972
    endloop
  endfacet
  facet normal 0.472353 0.630916 0.61549
    outer loop
      vertex 38.0057 -57.0532 -37.6329
      vertex 39.5748 -60.0532 -35.7619
      vertex 39.7339 -60.0532 -35.884
    endloop
  endfacet
  facet normal 0.484541 0.631171 0.605676
    outer loop
      vertex 39.5748 -60.0532 -35.7619
      vertex 38.0057 -57.0532 -37.6329
      vertex 38.0052 -57.0532 -37.6325
    endloop
  endfacet
  facet normal 0.735871 0.631132 -0.24529
    outer loop
      vertex 38.8919 -60.0532 -33.2134
      vertex 36.5971 -57.0532 -32.3788
      vertex 36.5973 -57.0532 -32.3782
    endloop
  endfacet
  facet normal 0.739847 0.63092 -0.233595
    outer loop
      vertex 36.5971 -57.0532 -32.3788
      vertex 38.8919 -60.0532 -33.2134
      vertex 38.8315 -60.0532 -33.4047
    endloop
  endfacet
  facet normal 0.757467 0.630902 0.16795
    outer loop
      vertex 38.8315 -60.0532 -34.5953
      vertex 36.4729 -57.0532 -35.2273
      vertex 36.3835 -57.0532 -34.8241
    endloop
  endfacet
  facet normal 0.739952 0.630901 0.233313
    outer loop
      vertex 38.8315 -60.0532 -34.5953
      vertex 36.5971 -57.0532 -35.6212
      vertex 36.4729 -57.0532 -35.2273
    endloop
  endfacet
  facet normal 0.100943 0.630921 0.769252
    outer loop
      vertex 40.6399 -57.0532 -38.7238
      vertex 40.6538 -60.0532 -36.2651
      vertex 40.8527 -60.0532 -36.2912
    endloop
  endfacet
  facet normal 0.109787 0.630352 0.768507
    outer loop
      vertex 40.6538 -60.0532 -36.2651
      vertex 40.6399 -57.0532 -38.7238
      vertex 40.6392 -57.0532 -38.7237
    endloop
  endfacet
  facet normal -0.348554 0.626538 0.697108
    outer loop
      vertex 42.675 -57.0532 -38.4559
      vertex 42.0252 -60.0532 -36.0845
      vertex 42.6756 -57.0532 -38.4556
    endloop
  endfacet
  facet normal -0.296923 0.630912 0.71679
    outer loop
      vertex 42.0252 -60.0532 -36.0845
      vertex 42.675 -57.0532 -38.4559
      vertex 41.8398 -60.0532 -36.1613
    endloop
  endfacet
  facet normal -0.615571 0.630918 -0.472245
    outer loop
      vertex 44.6861 -57.0532 -30.9525
      vertex 44.9375 -57.0532 -31.2802
      vertex 42.9372 -60.0532 -32.6808
    endloop
  endfacet
  facet normal 0.654348 0.630903 0.416881
    outer loop
      vertex 39.1691 -60.0532 -35.3192
      vertex 37.1689 -57.0532 -36.7198
      vertex 36.947 -57.0532 -36.3715
    endloop
  endfacet
  facet normal 0.615579 0.630905 0.472251
    outer loop
      vertex 39.1691 -60.0532 -35.3192
      vertex 37.4203 -57.0532 -37.0475
      vertex 37.1689 -57.0532 -36.7198
    endloop
  endfacet
  facet normal -0.484541 0.631171 -0.605676
    outer loop
      vertex 42.5316 -60.0532 -32.2381
      vertex 44.1007 -57.0532 -30.3671
      vertex 44.1012 -57.0532 -30.3675
    endloop
  endfacet
  facet normal -0.472168 0.630911 -0.615636
    outer loop
      vertex 44.1007 -57.0532 -30.3671
      vertex 42.5316 -60.0532 -32.2381
      vertex 42.3724 -60.0532 -32.116
    endloop
  endfacet
  facet normal 0.524123 0.630913 0.572052
    outer loop
      vertex 37.7007 -57.0532 -37.3535
      vertex 39.4268 -60.0532 -35.6263
      vertex 39.5748 -60.0532 -35.7619
    endloop
  endfacet
  facet normal 0.548406 0.63127 0.548406
    outer loop
      vertex 39.4268 -60.0532 -35.6263
      vertex 37.7007 -57.0532 -37.3535
      vertex 37.7002 -57.0532 -37.353
    endloop
  endfacet
  facet normal -0.654339 0.630917 -0.416876
    outer loop
      vertex 44.9375 -57.0532 -31.2802
      vertex 45.1594 -57.0532 -31.6285
      vertex 42.9372 -60.0532 -32.6808
    endloop
  endfacet
  facet normal 0.29687 0.630914 -0.71681
    outer loop
      vertex 39.4307 -57.0532 -29.5444
      vertex 40.0812 -60.0532 -31.9155
      vertex 39.0492 -57.0532 -29.7024
    endloop
  endfacet
  facet normal 0.766027 0.633424 -0.109432
    outer loop
      vertex 38.8315 -60.0532 -33.4047
      vertex 36.3834 -57.0532 -33.1766
      vertex 36.3835 -57.0532 -33.1759
    endloop
  endfacet
  facet normal 0.757496 0.630902 -0.167817
    outer loop
      vertex 36.3834 -57.0532 -33.1766
      vertex 38.8315 -60.0532 -33.4047
      vertex 38.7881 -60.0532 -33.6006
    endloop
  endfacet
  facet normal 0.524135 0.630914 0.57204
    outer loop
      vertex 39.5748 -60.0532 -35.7619
      vertex 38.0052 -57.0532 -37.6325
      vertex 37.7007 -57.0532 -37.3535
    endloop
  endfacet
  facet normal 0.416988 0.630911 -0.654273
    outer loop
      vertex 39.7339 -60.0532 -32.116
      vertex 38.6822 -57.0532 -29.8934
      vertex 39.9032 -60.0532 -32.0081
    endloop
  endfacet
  facet normal 0.488396 0.623511 -0.610495
    outer loop
      vertex 38.6822 -57.0532 -29.8934
      vertex 39.7339 -60.0532 -32.116
      vertex 38.6817 -57.0532 -29.8938
    endloop
  endfacet
  facet normal -0.430848 0.629843 0.646272
    outer loop
      vertex 43.4241 -57.0532 -38.1066
      vertex 42.3724 -60.0532 -35.884
      vertex 43.4247 -57.0532 -38.1062
    endloop
  endfacet
  facet normal -0.417169 0.630898 0.65417
    outer loop
      vertex 42.3724 -60.0532 -35.884
      vertex 43.4241 -57.0532 -38.1066
      vertex 42.2032 -60.0532 -35.9919
    endloop
  endfacet
  facet normal 0.233136 0.630905 -0.740004
    outer loop
      vertex 40.2665 -60.0532 -31.8387
      vertex 39.432 -57.0532 -29.5439
      vertex 40.4579 -60.0532 -31.7784
    endloop
  endfacet
  facet normal 0.245291 0.631127 -0.735874
    outer loop
      vertex 39.432 -57.0532 -29.5439
      vertex 40.2665 -60.0532 -31.8387
      vertex 39.4314 -57.0532 -29.5441
    endloop
  endfacet
  facet normal 0.472249 0.630908 -0.615577
    outer loop
      vertex 38.3334 -57.0532 -30.1157
      vertex 39.7339 -60.0532 -32.116
      vertex 38.0057 -57.0532 -30.3671
    endloop
  endfacet
  facet normal 0.472353 0.630916 -0.61549
    outer loop
      vertex 39.5748 -60.0532 -32.2381
      vertex 38.0057 -57.0532 -30.3671
      vertex 39.7339 -60.0532 -32.116
    endloop
  endfacet
  facet normal 0.484541 0.631171 -0.605676
    outer loop
      vertex 38.0057 -57.0532 -30.3671
      vertex 39.5748 -60.0532 -32.2381
      vertex 38.0052 -57.0532 -30.3675
    endloop
  endfacet
  facet normal 0.548406 0.63127 -0.548406
    outer loop
      vertex 39.4268 -60.0532 -32.3737
      vertex 37.6997 -57.0532 -30.6475
      vertex 37.7002 -57.0532 -30.647
    endloop
  endfacet
  facet normal 0.572069 0.630911 -0.524107
    outer loop
      vertex 37.6997 -57.0532 -30.6475
      vertex 39.4268 -60.0532 -32.3737
      vertex 39.2913 -60.0532 -32.5216
    endloop
  endfacet
  facet normal -0.416876 0.630917 0.654339
    outer loop
      vertex 43.773 -57.0532 -37.8843
      vertex 43.4247 -57.0532 -38.1062
      vertex 42.3724 -60.0532 -35.884
    endloop
  endfacet
  facet normal 0.734163 0.633338 -0.244721
    outer loop
      vertex 38.9687 -60.0532 -33.028
      vertex 36.5973 -57.0532 -32.3782
      vertex 36.5975 -57.0532 -32.3776
    endloop
  endfacet
  facet normal 0.71679 0.630912 -0.296923
    outer loop
      vertex 36.5973 -57.0532 -32.3782
      vertex 38.9687 -60.0532 -33.028
      vertex 38.8919 -60.0532 -33.2134
    endloop
  endfacet
  facet normal 0.615445 0.630918 0.472408
    outer loop
      vertex 39.2913 -60.0532 -35.4784
      vertex 37.4203 -57.0532 -37.0475
      vertex 39.1691 -60.0532 -35.3192
    endloop
  endfacet
  facet normal 0.605676 0.631171 0.484541
    outer loop
      vertex 37.4203 -57.0532 -37.0475
      vertex 39.2913 -60.0532 -35.4784
      vertex 37.4207 -57.0532 -37.048
    endloop
  endfacet
  facet normal 0.605676 0.631171 -0.484541
    outer loop
      vertex 39.2913 -60.0532 -32.5216
      vertex 37.4203 -57.0532 -30.9525
      vertex 37.4207 -57.0532 -30.952
    endloop
  endfacet
  facet normal 0.615445 0.630918 -0.472408
    outer loop
      vertex 37.4203 -57.0532 -30.9525
      vertex 39.2913 -60.0532 -32.5216
      vertex 39.1691 -60.0532 -32.6808
    endloop
  endfacet
  facet normal 0.100943 0.630921 -0.769252
    outer loop
      vertex 40.6538 -60.0532 -31.7349
      vertex 40.6399 -57.0532 -29.2762
      vertex 40.8527 -60.0532 -31.7088
    endloop
  endfacet
  facet normal 0.109787 0.630352 -0.768507
    outer loop
      vertex 40.6399 -57.0532 -29.2762
      vertex 40.6538 -60.0532 -31.7349
      vertex 40.6392 -57.0532 -29.2763
    endloop
  endfacet
  facet normal 0.130106 0 0.9915
    outer loop
      vertex 40.6538 -60.0532 -74.2651
      vertex 40.8527 -63.0532 -74.2912
      vertex 40.8527 -60.0532 -74.2912
    endloop
  endfacet
  facet normal 0.130106 0 0.9915
    outer loop
      vertex 40.8527 -63.0532 -74.2912
      vertex 40.6538 -60.0532 -74.2651
      vertex 40.6538 -63.0532 -74.2651
    endloop
  endfacet
  facet normal -0.991436 0 0.130596
    outer loop
      vertex 43.3182 -63.0532 -72.3994
      vertex 43.3444 -60.0532 -72.2005
      vertex 43.3182 -60.0532 -72.3994
    endloop
  endfacet
  facet normal -0.991436 0 0.130596
    outer loop
      vertex 43.3444 -60.0532 -72.2005
      vertex 43.3182 -63.0532 -72.3994
      vertex 43.3444 -63.0532 -72.2005
    endloop
  endfacet
  facet normal -0.999038 0 0.0438481
    outer loop
      vertex 43.3444 -63.0532 -72.2005
      vertex 43.3532 -60.0532 -72
      vertex 43.3444 -60.0532 -72.2005
    endloop
  endfacet
  facet normal -0.999038 0 0.0438481
    outer loop
      vertex 43.3532 -60.0532 -72
      vertex 43.3444 -63.0532 -72.2005
      vertex 43.3532 -63.0532 -72
    endloop
  endfacet
  facet normal -0.976328 0 0.216297
    outer loop
      vertex 43.2748 -63.0532 -72.5953
      vertex 43.3182 -60.0532 -72.3994
      vertex 43.2748 -60.0532 -72.5953
    endloop
  endfacet
  facet normal -0.976328 0 0.216297
    outer loop
      vertex 43.3182 -60.0532 -72.3994
      vertex 43.2748 -63.0532 -72.5953
      vertex 43.3182 -63.0532 -72.3994
    endloop
  endfacet
  facet normal -0.999038 0 -0.0438481
    outer loop
      vertex 43.3532 -63.0532 -72
      vertex 43.3444 -60.0532 -71.7995
      vertex 43.3532 -60.0532 -72
    endloop
  endfacet
  facet normal -0.999038 -0 -0.0438481
    outer loop
      vertex 43.3444 -60.0532 -71.7995
      vertex 43.3532 -63.0532 -72
      vertex 43.3444 -63.0532 -71.7995
    endloop
  endfacet
  facet normal 0.608819 0 -0.793309
    outer loop
      vertex 39.5748 -63.0532 -70.2381
      vertex 39.7339 -60.0532 -70.116
      vertex 39.7339 -63.0532 -70.116
    endloop
  endfacet
  facet normal 0.608819 0 -0.793309
    outer loop
      vertex 39.7339 -60.0532 -70.116
      vertex 39.5748 -63.0532 -70.2381
      vertex 39.5748 -60.0532 -70.2381
    endloop
  endfacet
  facet normal 0.953598 -0 0.301084
    outer loop
      vertex 38.8315 -63.0532 -72.5953
      vertex 38.8919 -60.0532 -72.7866
      vertex 38.8315 -60.0532 -72.5953
    endloop
  endfacet
  facet normal 0.953598 0 0.301084
    outer loop
      vertex 38.8919 -60.0532 -72.7866
      vertex 38.8315 -63.0532 -72.5953
      vertex 38.8919 -63.0532 -72.7866
    endloop
  endfacet
  facet normal -0.675792 0 0.737092
    outer loop
      vertex 42.5316 -60.0532 -73.7619
      vertex 42.6795 -63.0532 -73.6263
      vertex 42.6795 -60.0532 -73.6263
    endloop
  endfacet
  facet normal -0.675792 0 0.737092
    outer loop
      vertex 42.6795 -63.0532 -73.6263
      vertex 42.5316 -60.0532 -73.7619
      vertex 42.5316 -63.0532 -73.7619
    endloop
  endfacet
  facet normal 0.953598 0 -0.301084
    outer loop
      vertex 38.8919 -63.0532 -71.2134
      vertex 38.8315 -60.0532 -71.4047
      vertex 38.8919 -60.0532 -71.2134
    endloop
  endfacet
  facet normal 0.953598 0 -0.301084
    outer loop
      vertex 38.8315 -60.0532 -71.4047
      vertex 38.8919 -63.0532 -71.2134
      vertex 38.8315 -63.0532 -71.4047
    endloop
  endfacet
  facet normal 0.793253 0 -0.608892
    outer loop
      vertex 39.2913 -63.0532 -70.5216
      vertex 39.1691 -60.0532 -70.6808
      vertex 39.2913 -60.0532 -70.5216
    endloop
  endfacet
  facet normal 0.793253 0 -0.608892
    outer loop
      vertex 39.1691 -60.0532 -70.6808
      vertex 39.2913 -63.0532 -70.5216
      vertex 39.1691 -63.0532 -70.6808
    endloop
  endfacet
  facet normal -0.382704 0 0.923871
    outer loop
      vertex 41.8398 -60.0532 -74.1613
      vertex 42.0252 -63.0532 -74.0845
      vertex 42.0252 -60.0532 -74.0845
    endloop
  endfacet
  facet normal -0.382704 0 0.923871
    outer loop
      vertex 42.0252 -63.0532 -74.0845
      vertex 41.8398 -60.0532 -74.1613
      vertex 41.8398 -63.0532 -74.1613
    endloop
  endfacet
  facet normal -0.843374 0 -0.537327
    outer loop
      vertex 43.045 -63.0532 -70.85
      vertex 42.9372 -60.0532 -70.6808
      vertex 43.045 -60.0532 -70.85
    endloop
  endfacet
  facet normal -0.843374 -0 -0.537327
    outer loop
      vertex 42.9372 -60.0532 -70.6808
      vertex 43.045 -63.0532 -70.85
      vertex 42.9372 -63.0532 -70.6808
    endloop
  endfacet
  facet normal -0.737092 0 0.675792
    outer loop
      vertex 42.6795 -63.0532 -73.6263
      vertex 42.8151 -60.0532 -73.4784
      vertex 42.6795 -60.0532 -73.6263
    endloop
  endfacet
  facet normal -0.737092 0 0.675792
    outer loop
      vertex 42.8151 -60.0532 -73.4784
      vertex 42.6795 -63.0532 -73.6263
      vertex 42.8151 -63.0532 -73.4784
    endloop
  endfacet
  facet normal -0.793494 0 0.608578
    outer loop
      vertex 42.8151 -63.0532 -73.4784
      vertex 42.9372 -60.0532 -73.3192
      vertex 42.8151 -60.0532 -73.4784
    endloop
  endfacet
  facet normal -0.793494 0 0.608578
    outer loop
      vertex 42.9372 -60.0532 -73.3192
      vertex 42.8151 -63.0532 -73.4784
      vertex 42.9372 -63.0532 -73.3192
    endloop
  endfacet
  facet normal -0.537681 0 0.843148
    outer loop
      vertex 42.2032 -60.0532 -73.9919
      vertex 42.3724 -63.0532 -73.884
      vertex 42.3724 -60.0532 -73.884
    endloop
  endfacet
  facet normal -0.537681 0 0.843148
    outer loop
      vertex 42.3724 -63.0532 -73.884
      vertex 42.2032 -60.0532 -73.9919
      vertex 42.2032 -63.0532 -73.9919
    endloop
  endfacet
  facet normal -0.216772 0 0.976222
    outer loop
      vertex 41.4526 -60.0532 -74.2651
      vertex 41.6485 -63.0532 -74.2216
      vertex 41.6485 -60.0532 -74.2216
    endloop
  endfacet
  facet normal -0.216772 0 0.976222
    outer loop
      vertex 41.6485 -63.0532 -74.2216
      vertex 41.4526 -60.0532 -74.2651
      vertex 41.4526 -63.0532 -74.2651
    endloop
  endfacet
  facet normal 0.0438481 0 -0.999038
    outer loop
      vertex 40.8527 -63.0532 -69.7088
      vertex 41.0532 -60.0532 -69.7
      vertex 41.0532 -63.0532 -69.7
    endloop
  endfacet
  facet normal 0.0438481 0 -0.999038
    outer loop
      vertex 41.0532 -60.0532 -69.7
      vertex 40.8527 -63.0532 -69.7088
      vertex 40.8527 -60.0532 -69.7088
    endloop
  endfacet
  facet normal 0.216772 0 0.976222
    outer loop
      vertex 40.4579 -60.0532 -74.2216
      vertex 40.6538 -63.0532 -74.2651
      vertex 40.6538 -60.0532 -74.2651
    endloop
  endfacet
  facet normal 0.216772 0 0.976222
    outer loop
      vertex 40.6538 -63.0532 -74.2651
      vertex 40.4579 -60.0532 -74.2216
      vertex 40.4579 -63.0532 -74.2216
    endloop
  endfacet
  facet normal 0.793253 -0 0.608892
    outer loop
      vertex 39.1691 -63.0532 -73.3192
      vertex 39.2913 -60.0532 -73.4784
      vertex 39.1691 -60.0532 -73.3192
    endloop
  endfacet
  facet normal 0.793253 0 0.608892
    outer loop
      vertex 39.2913 -60.0532 -73.4784
      vertex 39.1691 -63.0532 -73.3192
      vertex 39.2913 -63.0532 -73.4784
    endloop
  endfacet
  facet normal 0.991436 0 -0.130596
    outer loop
      vertex 38.7881 -63.0532 -71.6006
      vertex 38.7619 -60.0532 -71.7995
      vertex 38.7881 -60.0532 -71.6006
    endloop
  endfacet
  facet normal 0.991436 0 -0.130596
    outer loop
      vertex 38.7619 -60.0532 -71.7995
      vertex 38.7881 -63.0532 -71.6006
      vertex 38.7619 -63.0532 -71.7995
    endloop
  endfacet
  facet normal 0.46151 0 0.887135
    outer loop
      vertex 39.9032 -60.0532 -73.9919
      vertex 40.0812 -63.0532 -74.0845
      vertex 40.0812 -60.0532 -74.0845
    endloop
  endfacet
  facet normal 0.46151 0 0.887135
    outer loop
      vertex 40.0812 -63.0532 -74.0845
      vertex 39.9032 -60.0532 -73.9919
      vertex 39.9032 -63.0532 -73.9919
    endloop
  endfacet
  facet normal -0.46151 0 -0.887135
    outer loop
      vertex 42.0252 -63.0532 -69.9155
      vertex 42.2032 -60.0532 -70.0081
      vertex 42.2032 -63.0532 -70.0081
    endloop
  endfacet
  facet normal -0.46151 0 -0.887135
    outer loop
      vertex 42.2032 -60.0532 -70.0081
      vertex 42.0252 -63.0532 -69.9155
      vertex 42.0252 -60.0532 -69.9155
    endloop
  endfacet
  facet normal -0.608578 0 0.793494
    outer loop
      vertex 42.3724 -60.0532 -73.884
      vertex 42.5316 -63.0532 -73.7619
      vertex 42.5316 -60.0532 -73.7619
    endloop
  endfacet
  facet normal -0.608578 0 0.793494
    outer loop
      vertex 42.5316 -63.0532 -73.7619
      vertex 42.3724 -60.0532 -73.884
      vertex 42.3724 -63.0532 -73.884
    endloop
  endfacet
  facet normal -0.991436 0 -0.130596
    outer loop
      vertex 43.3444 -63.0532 -71.7995
      vertex 43.3182 -60.0532 -71.6006
      vertex 43.3444 -60.0532 -71.7995
    endloop
  endfacet
  facet normal -0.991436 -0 -0.130596
    outer loop
      vertex 43.3182 -60.0532 -71.6006
      vertex 43.3444 -63.0532 -71.7995
      vertex 43.3182 -63.0532 -71.6006
    endloop
  endfacet
  facet normal -0.923871 0 -0.382704
    outer loop
      vertex 43.2145 -63.0532 -71.2134
      vertex 43.1377 -60.0532 -71.028
      vertex 43.2145 -60.0532 -71.2134
    endloop
  endfacet
  facet normal -0.923871 -0 -0.382704
    outer loop
      vertex 43.1377 -60.0532 -71.028
      vertex 43.2145 -63.0532 -71.2134
      vertex 43.1377 -63.0532 -71.028
    endloop
  endfacet
  facet normal -0.30063 0 0.953741
    outer loop
      vertex 41.6485 -60.0532 -74.2216
      vertex 41.8398 -63.0532 -74.1613
      vertex 41.8398 -60.0532 -74.1613
    endloop
  endfacet
  facet normal -0.30063 0 0.953741
    outer loop
      vertex 41.8398 -63.0532 -74.1613
      vertex 41.6485 -60.0532 -74.2216
      vertex 41.6485 -63.0532 -74.2216
    endloop
  endfacet
  facet normal 0.0438481 0 0.999038
    outer loop
      vertex 40.8527 -60.0532 -74.2912
      vertex 41.0532 -63.0532 -74.3
      vertex 41.0532 -60.0532 -74.3
    endloop
  endfacet
  facet normal 0.0438481 0 0.999038
    outer loop
      vertex 41.0532 -63.0532 -74.3
      vertex 40.8527 -60.0532 -74.2912
      vertex 40.8527 -63.0532 -74.2912
    endloop
  endfacet
  facet normal 0.73734 0 -0.675521
    outer loop
      vertex 39.4268 -63.0532 -70.3737
      vertex 39.2913 -60.0532 -70.5216
      vertex 39.4268 -60.0532 -70.3737
    endloop
  endfacet
  facet normal 0.73734 0 -0.675521
    outer loop
      vertex 39.2913 -60.0532 -70.5216
      vertex 39.4268 -63.0532 -70.3737
      vertex 39.2913 -63.0532 -70.5216
    endloop
  endfacet
  facet normal 0.887135 -0 0.46151
    outer loop
      vertex 38.9687 -63.0532 -72.972
      vertex 39.0613 -60.0532 -73.15
      vertex 38.9687 -60.0532 -72.972
    endloop
  endfacet
  facet normal 0.887135 0 0.46151
    outer loop
      vertex 39.0613 -60.0532 -73.15
      vertex 38.9687 -63.0532 -72.972
      vertex 39.0613 -63.0532 -73.15
    endloop
  endfacet
  facet normal -0.216772 0 -0.976222
    outer loop
      vertex 41.4526 -63.0532 -69.7349
      vertex 41.6485 -60.0532 -69.7784
      vertex 41.6485 -63.0532 -69.7784
    endloop
  endfacet
  facet normal -0.216772 0 -0.976222
    outer loop
      vertex 41.6485 -60.0532 -69.7784
      vertex 41.4526 -63.0532 -69.7349
      vertex 41.4526 -60.0532 -69.7349
    endloop
  endfacet
  facet normal -0.130042 0 -0.991508
    outer loop
      vertex 41.2536 -63.0532 -69.7088
      vertex 41.4526 -60.0532 -69.7349
      vertex 41.4526 -63.0532 -69.7349
    endloop
  endfacet
  facet normal -0.130042 0 -0.991508
    outer loop
      vertex 41.4526 -60.0532 -69.7349
      vertex 41.2536 -63.0532 -69.7088
      vertex 41.2536 -60.0532 -69.7088
    endloop
  endfacet
  facet normal -0.46151 0 0.887135
    outer loop
      vertex 42.0252 -60.0532 -74.0845
      vertex 42.2032 -63.0532 -73.9919
      vertex 42.2032 -60.0532 -73.9919
    endloop
  endfacet
  facet normal -0.46151 0 0.887135
    outer loop
      vertex 42.2032 -63.0532 -73.9919
      vertex 42.0252 -60.0532 -74.0845
      vertex 42.0252 -63.0532 -74.0845
    endloop
  endfacet
  facet normal -0.0438699 0 0.999037
    outer loop
      vertex 41.0532 -60.0532 -74.3
      vertex 41.2536 -63.0532 -74.2912
      vertex 41.2536 -60.0532 -74.2912
    endloop
  endfacet
  facet normal -0.0438699 0 0.999037
    outer loop
      vertex 41.2536 -63.0532 -74.2912
      vertex 41.0532 -60.0532 -74.3
      vertex 41.0532 -63.0532 -74.3
    endloop
  endfacet
  facet normal 0.300487 0 -0.953786
    outer loop
      vertex 40.2665 -63.0532 -69.8387
      vertex 40.4579 -60.0532 -69.7784
      vertex 40.4579 -63.0532 -69.7784
    endloop
  endfacet
  facet normal 0.300487 0 -0.953786
    outer loop
      vertex 40.4579 -60.0532 -69.7784
      vertex 40.2665 -63.0532 -69.8387
      vertex 40.2665 -60.0532 -69.8387
    endloop
  endfacet
  facet normal -0.608578 0 -0.793494
    outer loop
      vertex 42.3724 -63.0532 -70.116
      vertex 42.5316 -60.0532 -70.2381
      vertex 42.5316 -63.0532 -70.2381
    endloop
  endfacet
  facet normal -0.608578 0 -0.793494
    outer loop
      vertex 42.5316 -60.0532 -70.2381
      vertex 42.3724 -63.0532 -70.116
      vertex 42.3724 -60.0532 -70.116
    endloop
  endfacet
  facet normal 0.537456 0 -0.843292
    outer loop
      vertex 39.7339 -63.0532 -70.116
      vertex 39.9032 -60.0532 -70.0081
      vertex 39.9032 -63.0532 -70.0081
    endloop
  endfacet
  facet normal 0.537456 0 -0.843292
    outer loop
      vertex 39.9032 -60.0532 -70.0081
      vertex 39.7339 -63.0532 -70.116
      vertex 39.7339 -60.0532 -70.116
    endloop
  endfacet
  facet normal -0.793494 0 -0.608578
    outer loop
      vertex 42.9372 -63.0532 -70.6808
      vertex 42.8151 -60.0532 -70.5216
      vertex 42.9372 -60.0532 -70.6808
    endloop
  endfacet
  facet normal -0.793494 -0 -0.608578
    outer loop
      vertex 42.8151 -60.0532 -70.5216
      vertex 42.9372 -63.0532 -70.6808
      vertex 42.8151 -63.0532 -70.5216
    endloop
  endfacet
  facet normal -0.976328 0 -0.216297
    outer loop
      vertex 43.3182 -63.0532 -71.6006
      vertex 43.2748 -60.0532 -71.4047
      vertex 43.3182 -60.0532 -71.6006
    endloop
  endfacet
  facet normal -0.976328 -0 -0.216297
    outer loop
      vertex 43.2748 -60.0532 -71.4047
      vertex 43.3182 -63.0532 -71.6006
      vertex 43.2748 -63.0532 -71.4047
    endloop
  endfacet
  facet normal 0.675544 0 0.73732
    outer loop
      vertex 39.4268 -60.0532 -73.6263
      vertex 39.5748 -63.0532 -73.7619
      vertex 39.5748 -60.0532 -73.7619
    endloop
  endfacet
  facet normal 0.675544 0 0.73732
    outer loop
      vertex 39.5748 -63.0532 -73.7619
      vertex 39.4268 -60.0532 -73.6263
      vertex 39.4268 -63.0532 -73.6263
    endloop
  endfacet
  facet normal 0.608819 0 0.793309
    outer loop
      vertex 39.5748 -60.0532 -73.7619
      vertex 39.7339 -63.0532 -73.884
      vertex 39.7339 -60.0532 -73.884
    endloop
  endfacet
  facet normal 0.608819 0 0.793309
    outer loop
      vertex 39.7339 -63.0532 -73.884
      vertex 39.5748 -60.0532 -73.7619
      vertex 39.5748 -63.0532 -73.7619
    endloop
  endfacet
  facet normal -0.886931 0 0.461902
    outer loop
      vertex 43.045 -63.0532 -73.15
      vertex 43.1377 -60.0532 -72.972
      vertex 43.045 -60.0532 -73.15
    endloop
  endfacet
  facet normal -0.886931 0 0.461902
    outer loop
      vertex 43.1377 -60.0532 -72.972
      vertex 43.045 -63.0532 -73.15
      vertex 43.1377 -63.0532 -72.972
    endloop
  endfacet
  facet normal -0.843374 0 0.537327
    outer loop
      vertex 42.9372 -63.0532 -73.3192
      vertex 43.045 -60.0532 -73.15
      vertex 42.9372 -60.0532 -73.3192
    endloop
  endfacet
  facet normal -0.843374 0 0.537327
    outer loop
      vertex 43.045 -60.0532 -73.15
      vertex 42.9372 -63.0532 -73.3192
      vertex 43.045 -63.0532 -73.15
    endloop
  endfacet
  facet normal -0.953741 0 -0.30063
    outer loop
      vertex 43.2748 -63.0532 -71.4047
      vertex 43.2145 -60.0532 -71.2134
      vertex 43.2748 -60.0532 -71.4047
    endloop
  endfacet
  facet normal -0.953741 -0 -0.30063
    outer loop
      vertex 43.2145 -60.0532 -71.2134
      vertex 43.2748 -63.0532 -71.4047
      vertex 43.2145 -63.0532 -71.2134
    endloop
  endfacet
  facet normal 0.537456 0 0.843292
    outer loop
      vertex 39.7339 -60.0532 -73.884
      vertex 39.9032 -63.0532 -73.9919
      vertex 39.9032 -60.0532 -73.9919
    endloop
  endfacet
  facet normal 0.537456 0 0.843292
    outer loop
      vertex 39.9032 -63.0532 -73.9919
      vertex 39.7339 -60.0532 -73.884
      vertex 39.7339 -63.0532 -73.884
    endloop
  endfacet
  facet normal 0.130106 0 -0.9915
    outer loop
      vertex 40.6538 -63.0532 -69.7349
      vertex 40.8527 -60.0532 -69.7088
      vertex 40.8527 -63.0532 -69.7088
    endloop
  endfacet
  facet normal 0.130106 0 -0.9915
    outer loop
      vertex 40.8527 -60.0532 -69.7088
      vertex 40.6538 -63.0532 -69.7349
      vertex 40.6538 -60.0532 -69.7349
    endloop
  endfacet
  facet normal 0.300487 0 0.953786
    outer loop
      vertex 40.2665 -60.0532 -74.1613
      vertex 40.4579 -63.0532 -74.2216
      vertex 40.4579 -60.0532 -74.2216
    endloop
  endfacet
  facet normal 0.300487 0 0.953786
    outer loop
      vertex 40.4579 -63.0532 -74.2216
      vertex 40.2665 -60.0532 -74.1613
      vertex 40.2665 -63.0532 -74.1613
    endloop
  endfacet
  facet normal -0.382704 0 -0.923871
    outer loop
      vertex 41.8398 -63.0532 -69.8387
      vertex 42.0252 -60.0532 -69.9155
      vertex 42.0252 -63.0532 -69.9155
    endloop
  endfacet
  facet normal -0.382704 0 -0.923871
    outer loop
      vertex 42.0252 -60.0532 -69.9155
      vertex 41.8398 -63.0532 -69.8387
      vertex 41.8398 -60.0532 -69.8387
    endloop
  endfacet
  facet normal -0.923871 0 0.382704
    outer loop
      vertex 43.1377 -63.0532 -72.972
      vertex 43.2145 -60.0532 -72.7866
      vertex 43.1377 -60.0532 -72.972
    endloop
  endfacet
  facet normal -0.923871 0 0.382704
    outer loop
      vertex 43.2145 -60.0532 -72.7866
      vertex 43.1377 -63.0532 -72.972
      vertex 43.2145 -63.0532 -72.7866
    endloop
  endfacet
  facet normal -0.0438699 0 -0.999037
    outer loop
      vertex 41.0532 -63.0532 -69.7
      vertex 41.2536 -60.0532 -69.7088
      vertex 41.2536 -63.0532 -69.7088
    endloop
  endfacet
  facet normal -0.0438699 0 -0.999037
    outer loop
      vertex 41.2536 -60.0532 -69.7088
      vertex 41.0532 -63.0532 -69.7
      vertex 41.0532 -60.0532 -69.7
    endloop
  endfacet
  facet normal 0.99906 0 -0.0433507
    outer loop
      vertex 38.7619 -63.0532 -71.7995
      vertex 38.7532 -60.0532 -72
      vertex 38.7619 -60.0532 -71.7995
    endloop
  endfacet
  facet normal 0.99906 0 -0.0433507
    outer loop
      vertex 38.7532 -60.0532 -72
      vertex 38.7619 -63.0532 -71.7995
      vertex 38.7532 -63.0532 -72
    endloop
  endfacet
  facet normal 0.99906 -0 0.0433507
    outer loop
      vertex 38.7532 -63.0532 -72
      vertex 38.7619 -60.0532 -72.2005
      vertex 38.7532 -60.0532 -72
    endloop
  endfacet
  facet normal 0.99906 0 0.0433507
    outer loop
      vertex 38.7619 -60.0532 -72.2005
      vertex 38.7532 -63.0532 -72
      vertex 38.7619 -63.0532 -72.2005
    endloop
  endfacet
  facet normal -0.886931 0 -0.461902
    outer loop
      vertex 43.1377 -63.0532 -71.028
      vertex 43.045 -60.0532 -70.85
      vertex 43.1377 -60.0532 -71.028
    endloop
  endfacet
  facet normal -0.886931 -0 -0.461902
    outer loop
      vertex 43.045 -60.0532 -70.85
      vertex 43.1377 -63.0532 -71.028
      vertex 43.045 -63.0532 -70.85
    endloop
  endfacet
  facet normal 0.73734 -0 0.675521
    outer loop
      vertex 39.2913 -63.0532 -73.4784
      vertex 39.4268 -60.0532 -73.6263
      vertex 39.2913 -60.0532 -73.4784
    endloop
  endfacet
  facet normal 0.73734 0 0.675521
    outer loop
      vertex 39.4268 -60.0532 -73.6263
      vertex 39.2913 -63.0532 -73.4784
      vertex 39.4268 -63.0532 -73.6263
    endloop
  endfacet
  facet normal 0.38288 0 0.923798
    outer loop
      vertex 40.0812 -60.0532 -74.0845
      vertex 40.2665 -63.0532 -74.1613
      vertex 40.2665 -60.0532 -74.1613
    endloop
  endfacet
  facet normal 0.38288 0 0.923798
    outer loop
      vertex 40.2665 -63.0532 -74.1613
      vertex 40.0812 -60.0532 -74.0845
      vertex 40.0812 -63.0532 -74.0845
    endloop
  endfacet
  facet normal -0.537681 0 -0.843148
    outer loop
      vertex 42.2032 -63.0532 -70.0081
      vertex 42.3724 -60.0532 -70.116
      vertex 42.3724 -63.0532 -70.116
    endloop
  endfacet
  facet normal -0.537681 0 -0.843148
    outer loop
      vertex 42.3724 -60.0532 -70.116
      vertex 42.2032 -63.0532 -70.0081
      vertex 42.2032 -60.0532 -70.0081
    endloop
  endfacet
  facet normal 0.976328 -0 0.216297
    outer loop
      vertex 38.7881 -63.0532 -72.3994
      vertex 38.8315 -60.0532 -72.5953
      vertex 38.7881 -60.0532 -72.3994
    endloop
  endfacet
  facet normal 0.976328 0 0.216297
    outer loop
      vertex 38.8315 -60.0532 -72.5953
      vertex 38.7881 -63.0532 -72.3994
      vertex 38.8315 -63.0532 -72.5953
    endloop
  endfacet
  facet normal 0.976328 0 -0.216297
    outer loop
      vertex 38.8315 -63.0532 -71.4047
      vertex 38.7881 -60.0532 -71.6006
      vertex 38.8315 -60.0532 -71.4047
    endloop
  endfacet
  facet normal 0.976328 0 -0.216297
    outer loop
      vertex 38.7881 -60.0532 -71.6006
      vertex 38.8315 -63.0532 -71.4047
      vertex 38.7881 -63.0532 -71.6006
    endloop
  endfacet
  facet normal -0.130042 0 0.991508
    outer loop
      vertex 41.2536 -60.0532 -74.2912
      vertex 41.4526 -63.0532 -74.2651
      vertex 41.4526 -60.0532 -74.2651
    endloop
  endfacet
  facet normal -0.130042 0 0.991508
    outer loop
      vertex 41.4526 -63.0532 -74.2651
      vertex 41.2536 -60.0532 -74.2912
      vertex 41.2536 -63.0532 -74.2912
    endloop
  endfacet
  facet normal 0.843374 -0 0.537327
    outer loop
      vertex 39.0613 -63.0532 -73.15
      vertex 39.1691 -60.0532 -73.3192
      vertex 39.0613 -60.0532 -73.15
    endloop
  endfacet
  facet normal 0.843374 0 0.537327
    outer loop
      vertex 39.1691 -60.0532 -73.3192
      vertex 39.0613 -63.0532 -73.15
      vertex 39.1691 -63.0532 -73.3192
    endloop
  endfacet
  facet normal -0.953741 0 0.30063
    outer loop
      vertex 43.2145 -63.0532 -72.7866
      vertex 43.2748 -60.0532 -72.5953
      vertex 43.2145 -60.0532 -72.7866
    endloop
  endfacet
  facet normal -0.953741 0 0.30063
    outer loop
      vertex 43.2748 -60.0532 -72.5953
      vertex 43.2145 -63.0532 -72.7866
      vertex 43.2748 -63.0532 -72.5953
    endloop
  endfacet
  facet normal 0.675544 0 -0.73732
    outer loop
      vertex 39.4268 -63.0532 -70.3737
      vertex 39.5748 -60.0532 -70.2381
      vertex 39.5748 -63.0532 -70.2381
    endloop
  endfacet
  facet normal 0.675544 0 -0.73732
    outer loop
      vertex 39.5748 -60.0532 -70.2381
      vertex 39.4268 -63.0532 -70.3737
      vertex 39.4268 -60.0532 -70.3737
    endloop
  endfacet
  facet normal -0.675792 0 -0.737092
    outer loop
      vertex 42.5316 -63.0532 -70.2381
      vertex 42.6795 -60.0532 -70.3737
      vertex 42.6795 -63.0532 -70.3737
    endloop
  endfacet
  facet normal -0.675792 0 -0.737092
    outer loop
      vertex 42.6795 -60.0532 -70.3737
      vertex 42.5316 -63.0532 -70.2381
      vertex 42.5316 -60.0532 -70.2381
    endloop
  endfacet
  facet normal 0.216772 0 -0.976222
    outer loop
      vertex 40.4579 -63.0532 -69.7784
      vertex 40.6538 -60.0532 -69.7349
      vertex 40.6538 -63.0532 -69.7349
    endloop
  endfacet
  facet normal 0.216772 0 -0.976222
    outer loop
      vertex 40.6538 -60.0532 -69.7349
      vertex 40.4579 -63.0532 -69.7784
      vertex 40.4579 -60.0532 -69.7784
    endloop
  endfacet
  facet normal 0.991436 -0 0.130596
    outer loop
      vertex 38.7619 -63.0532 -72.2005
      vertex 38.7881 -60.0532 -72.3994
      vertex 38.7619 -60.0532 -72.2005
    endloop
  endfacet
  facet normal 0.991436 0 0.130596
    outer loop
      vertex 38.7881 -60.0532 -72.3994
      vertex 38.7619 -63.0532 -72.2005
      vertex 38.7881 -63.0532 -72.3994
    endloop
  endfacet
  facet normal -0.737092 0 -0.675792
    outer loop
      vertex 42.8151 -63.0532 -70.5216
      vertex 42.6795 -60.0532 -70.3737
      vertex 42.8151 -60.0532 -70.5216
    endloop
  endfacet
  facet normal -0.737092 -0 -0.675792
    outer loop
      vertex 42.6795 -60.0532 -70.3737
      vertex 42.8151 -63.0532 -70.5216
      vertex 42.6795 -63.0532 -70.3737
    endloop
  endfacet
  facet normal 0.46151 0 -0.887135
    outer loop
      vertex 39.9032 -63.0532 -70.0081
      vertex 40.0812 -60.0532 -69.9155
      vertex 40.0812 -63.0532 -69.9155
    endloop
  endfacet
  facet normal 0.46151 0 -0.887135
    outer loop
      vertex 40.0812 -60.0532 -69.9155
      vertex 39.9032 -63.0532 -70.0081
      vertex 39.9032 -60.0532 -70.0081
    endloop
  endfacet
  facet normal 0.923871 -0 0.382704
    outer loop
      vertex 38.8919 -63.0532 -72.7866
      vertex 38.9687 -60.0532 -72.972
      vertex 38.8919 -60.0532 -72.7866
    endloop
  endfacet
  facet normal 0.923871 0 0.382704
    outer loop
      vertex 38.9687 -60.0532 -72.972
      vertex 38.8919 -63.0532 -72.7866
      vertex 38.9687 -63.0532 -72.972
    endloop
  endfacet
  facet normal 0.843374 0 -0.537327
    outer loop
      vertex 39.1691 -63.0532 -70.6808
      vertex 39.0613 -60.0532 -70.85
      vertex 39.1691 -60.0532 -70.6808
    endloop
  endfacet
  facet normal 0.843374 0 -0.537327
    outer loop
      vertex 39.0613 -60.0532 -70.85
      vertex 39.1691 -63.0532 -70.6808
      vertex 39.0613 -63.0532 -70.85
    endloop
  endfacet
  facet normal 0.38288 0 -0.923798
    outer loop
      vertex 40.0812 -63.0532 -69.9155
      vertex 40.2665 -60.0532 -69.8387
      vertex 40.2665 -63.0532 -69.8387
    endloop
  endfacet
  facet normal 0.38288 0 -0.923798
    outer loop
      vertex 40.2665 -60.0532 -69.8387
      vertex 40.0812 -63.0532 -69.9155
      vertex 40.0812 -60.0532 -69.9155
    endloop
  endfacet
  facet normal -0.30063 0 -0.953741
    outer loop
      vertex 41.6485 -63.0532 -69.7784
      vertex 41.8398 -60.0532 -69.8387
      vertex 41.8398 -63.0532 -69.8387
    endloop
  endfacet
  facet normal -0.30063 0 -0.953741
    outer loop
      vertex 41.8398 -60.0532 -69.8387
      vertex 41.6485 -63.0532 -69.7784
      vertex 41.6485 -60.0532 -69.7784
    endloop
  endfacet
  facet normal 0.923871 0 -0.382704
    outer loop
      vertex 38.9687 -63.0532 -71.028
      vertex 38.8919 -60.0532 -71.2134
      vertex 38.9687 -60.0532 -71.028
    endloop
  endfacet
  facet normal 0.923871 0 -0.382704
    outer loop
      vertex 38.8919 -60.0532 -71.2134
      vertex 38.9687 -63.0532 -71.028
      vertex 38.8919 -63.0532 -71.2134
    endloop
  endfacet
  facet normal 0.887135 0 -0.46151
    outer loop
      vertex 39.0613 -63.0532 -70.85
      vertex 38.9687 -60.0532 -71.028
      vertex 39.0613 -60.0532 -70.85
    endloop
  endfacet
  facet normal 0.887135 0 -0.46151
    outer loop
      vertex 38.9687 -60.0532 -71.028
      vertex 39.0613 -63.0532 -70.85
      vertex 38.9687 -63.0532 -71.028
    endloop
  endfacet
  facet normal -0.775117 0.630901 0.0340201
    outer loop
      vertex 43.3532 -60.0532 -72
      vertex 45.795 -57.0532 -72.0007
      vertex 43.3444 -60.0532 -72.2005
    endloop
  endfacet
  facet normal -0.77557 0.631262 0
    outer loop
      vertex 45.795 -57.0532 -72.0007
      vertex 43.3532 -60.0532 -72
      vertex 45.795 -57.0532 -72
    endloop
  endfacet
  facet normal -0.358276 0.630906 0.688183
    outer loop
      vertex 43.4241 -57.0532 -76.1066
      vertex 43.0578 -57.0532 -76.2973
      vertex 42.2032 -60.0532 -73.9919
    endloop
  endfacet
  facet normal -0.101249 0.630899 -0.76923
    outer loop
      vertex 41.4671 -57.0532 -67.2763
      vertex 41.8766 -57.0532 -67.3302
      vertex 41.4526 -60.0532 -69.7349
    endloop
  endfacet
  facet normal -0.233309 0.630916 -0.73994
    outer loop
      vertex 42.2805 -57.0532 -67.4197
      vertex 42.6744 -57.0532 -67.5439
      vertex 41.6485 -60.0532 -69.7784
    endloop
  endfacet
  facet normal -0.71679 0.630912 -0.296923
    outer loop
      vertex 43.1377 -60.0532 -71.028
      vertex 45.5091 -57.0532 -70.3782
      vertex 43.2145 -60.0532 -71.2134
    endloop
  endfacet
  facet normal -0.697108 0.626538 -0.348554
    outer loop
      vertex 45.5091 -57.0532 -70.3782
      vertex 43.1377 -60.0532 -71.028
      vertex 45.5088 -57.0532 -70.3776
    endloop
  endfacet
  facet normal 0.769221 0.630898 0.101325
    outer loop
      vertex 38.7881 -60.0532 -72.3994
      vertex 36.3294 -57.0532 -72.4133
      vertex 38.7619 -60.0532 -72.2005
    endloop
  endfacet
  facet normal 0.773432 0.633879 0
    outer loop
      vertex 36.3294 -57.0532 -72.4133
      vertex 38.7881 -60.0532 -72.3994
      vertex 36.3294 -57.0532 -72.4139
    endloop
  endfacet
  facet normal -0.766015 0.63344 0.109431
    outer loop
      vertex 43.2748 -60.0532 -72.5953
      vertex 45.723 -57.0532 -72.8234
      vertex 45.7229 -57.0532 -72.8241
    endloop
  endfacet
  facet normal -0.757484 0.630917 0.167814
    outer loop
      vertex 45.723 -57.0532 -72.8234
      vertex 43.2748 -60.0532 -72.5953
      vertex 43.3182 -60.0532 -72.3994
    endloop
  endfacet
  facet normal 0.29687 0.630914 0.71681
    outer loop
      vertex 40.0812 -60.0532 -74.0845
      vertex 39.4307 -57.0532 -76.4556
      vertex 39.0492 -57.0532 -76.2976
    endloop
  endfacet
  facet normal 0.167948 0.630917 0.757455
    outer loop
      vertex 40.4579 -60.0532 -74.2216
      vertex 40.2291 -57.0532 -76.6697
      vertex 39.8259 -57.0532 -76.5803
    endloop
  endfacet
  facet normal 0.775117 0.630902 -0.0340029
    outer loop
      vertex 36.3294 -57.0532 -71.5867
      vertex 38.7619 -60.0532 -71.7995
      vertex 36.3113 -57.0532 -71.9993
    endloop
  endfacet
  facet normal 0.416879 0.630908 0.654344
    outer loop
      vertex 39.7339 -60.0532 -73.884
      vertex 38.6817 -57.0532 -76.1062
      vertex 38.3334 -57.0532 -75.8843
    endloop
  endfacet
  facet normal -0.739964 0.630912 -0.233245
    outer loop
      vertex 43.2145 -60.0532 -71.2134
      vertex 45.5093 -57.0532 -70.3788
      vertex 43.2748 -60.0532 -71.4047
    endloop
  endfacet
  facet normal -0.735871 0.631132 -0.24529
    outer loop
      vertex 45.5093 -57.0532 -70.3788
      vertex 43.2145 -60.0532 -71.2134
      vertex 45.5091 -57.0532 -70.3782
    endloop
  endfacet
  facet normal 0.775117 0.630902 0.0340029
    outer loop
      vertex 38.7619 -60.0532 -72.2005
      vertex 36.3294 -57.0532 -72.4133
      vertex 36.3113 -57.0532 -72.0007
    endloop
  endfacet
  facet normal 0.757467 0.630902 -0.16795
    outer loop
      vertex 36.4729 -57.0532 -70.7727
      vertex 38.8315 -60.0532 -71.4047
      vertex 36.3835 -57.0532 -71.1759
    endloop
  endfacet
  facet normal -0.572047 0.630902 0.524142
    outer loop
      vertex 44.6856 -57.0532 -75.048
      vertex 44.4066 -57.0532 -75.3525
      vertex 42.8151 -60.0532 -73.4784
    endloop
  endfacet
  facet normal -0.73994 0.630916 0.233309
    outer loop
      vertex 45.6335 -57.0532 -73.2273
      vertex 45.5093 -57.0532 -73.6212
      vertex 43.2748 -60.0532 -72.5953
    endloop
  endfacet
  facet normal 0.739847 0.63092 0.233595
    outer loop
      vertex 38.8919 -60.0532 -72.7866
      vertex 36.5971 -57.0532 -73.6212
      vertex 38.8315 -60.0532 -72.5953
    endloop
  endfacet
  facet normal 0.735871 0.631132 0.24529
    outer loop
      vertex 36.5971 -57.0532 -73.6212
      vertex 38.8919 -60.0532 -72.7866
      vertex 36.5973 -57.0532 -73.6218
    endloop
  endfacet
  facet normal -0.571873 0.630917 0.524314
    outer loop
      vertex 44.4066 -57.0532 -75.3525
      vertex 42.6795 -60.0532 -73.6263
      vertex 42.8151 -60.0532 -73.4784
    endloop
  endfacet
  facet normal -0.607083 0.62895 0.485666
    outer loop
      vertex 42.6795 -60.0532 -73.6263
      vertex 44.4066 -57.0532 -75.3525
      vertex 44.4062 -57.0532 -75.353
    endloop
  endfacet
  facet normal -0.735871 0.631132 0.24529
    outer loop
      vertex 43.2145 -60.0532 -72.7866
      vertex 45.5093 -57.0532 -73.6212
      vertex 45.5091 -57.0532 -73.6218
    endloop
  endfacet
  facet normal -0.739964 0.630912 0.233245
    outer loop
      vertex 45.5093 -57.0532 -73.6212
      vertex 43.2145 -60.0532 -72.7866
      vertex 43.2748 -60.0532 -72.5953
    endloop
  endfacet
  facet normal -0.484541 0.631171 0.605676
    outer loop
      vertex 44.1007 -57.0532 -75.6329
      vertex 42.5316 -60.0532 -73.7619
      vertex 44.1012 -57.0532 -75.6325
    endloop
  endfacet
  facet normal -0.472168 0.630911 0.615636
    outer loop
      vertex 42.5316 -60.0532 -73.7619
      vertex 44.1007 -57.0532 -75.6329
      vertex 42.3724 -60.0532 -73.884
    endloop
  endfacet
  facet normal -0.346709 0.631635 -0.693419
    outer loop
      vertex 42.2032 -60.0532 -70.0081
      vertex 43.0572 -57.0532 -67.7024
      vertex 43.0578 -57.0532 -67.7027
    endloop
  endfacet
  facet normal -0.358062 0.630919 -0.688283
    outer loop
      vertex 43.0572 -57.0532 -67.7024
      vertex 42.2032 -60.0532 -70.0081
      vertex 42.0252 -60.0532 -69.9155
    endloop
  endfacet
  facet normal -0.101249 0.630899 0.76923
    outer loop
      vertex 41.8766 -57.0532 -76.6698
      vertex 41.4671 -57.0532 -76.7237
      vertex 41.4526 -60.0532 -74.2651
    endloop
  endfacet
  facet normal 0.11012 0.627438 -0.77084
    outer loop
      vertex 41.0532 -60.0532 -69.7
      vertex 41.0525 -57.0532 -67.2582
      vertex 41.0532 -57.0532 -67.2581
    endloop
  endfacet
  facet normal 0.0340201 0.630901 -0.775117
    outer loop
      vertex 41.0525 -57.0532 -67.2582
      vertex 41.0532 -60.0532 -69.7
      vertex 40.8527 -60.0532 -69.7088
    endloop
  endfacet
  facet normal -0.416876 0.630917 -0.654339
    outer loop
      vertex 43.4247 -57.0532 -67.8938
      vertex 43.773 -57.0532 -68.1157
      vertex 42.3724 -60.0532 -70.116
    endloop
  endfacet
  facet normal -0.769209 0.630913 -0.101324
    outer loop
      vertex 43.3182 -60.0532 -71.6006
      vertex 45.777 -57.0532 -71.5867
      vertex 43.3444 -60.0532 -71.7995
    endloop
  endfacet
  facet normal -0.766787 0.629051 -0.127798
    outer loop
      vertex 45.777 -57.0532 -71.5867
      vertex 43.3182 -60.0532 -71.6006
      vertex 45.7769 -57.0532 -71.5861
    endloop
  endfacet
  facet normal -0.5484 0.631281 0.5484
    outer loop
      vertex 44.4057 -57.0532 -75.3535
      vertex 42.6795 -60.0532 -73.6263
      vertex 44.4062 -57.0532 -75.353
    endloop
  endfacet
  facet normal -0.524307 0.630929 0.571866
    outer loop
      vertex 42.6795 -60.0532 -73.6263
      vertex 44.4057 -57.0532 -75.3535
      vertex 42.5316 -60.0532 -73.7619
    endloop
  endfacet
  facet normal 0.168187 0.630894 -0.757421
    outer loop
      vertex 40.4579 -60.0532 -69.7784
      vertex 40.2298 -57.0532 -67.3302
      vertex 40.6538 -60.0532 -69.7349
    endloop
  endfacet
  facet normal 0.109431 0.63344 -0.766015
    outer loop
      vertex 40.2298 -57.0532 -67.3302
      vertex 40.4579 -60.0532 -69.7784
      vertex 40.2291 -57.0532 -67.3303
    endloop
  endfacet
  facet normal -0.654339 0.630917 0.416876
    outer loop
      vertex 45.1594 -57.0532 -74.3715
      vertex 44.9375 -57.0532 -74.7198
      vertex 42.9372 -60.0532 -73.3192
    endloop
  endfacet
  facet normal 0.297062 0.630903 -0.71674
    outer loop
      vertex 40.0812 -60.0532 -69.9155
      vertex 39.4314 -57.0532 -67.5441
      vertex 40.2665 -60.0532 -69.8387
    endloop
  endfacet
  facet normal 0.30582 0.630301 -0.713579
    outer loop
      vertex 39.4314 -57.0532 -67.5441
      vertex 40.0812 -60.0532 -69.9155
      vertex 39.4307 -57.0532 -67.5444
    endloop
  endfacet
  facet normal -0.127283 0.632904 0.763696
    outer loop
      vertex 41.8766 -57.0532 -76.6698
      vertex 41.6485 -60.0532 -74.2216
      vertex 41.8772 -57.0532 -76.6697
    endloop
  endfacet
  facet normal -0.168187 0.630894 0.757421
    outer loop
      vertex 41.6485 -60.0532 -74.2216
      vertex 41.8766 -57.0532 -76.6698
      vertex 41.4526 -60.0532 -74.2651
    endloop
  endfacet
  facet normal -0.73994 0.630916 -0.233309
    outer loop
      vertex 45.5093 -57.0532 -70.3788
      vertex 45.6335 -57.0532 -70.7727
      vertex 43.2748 -60.0532 -71.4047
    endloop
  endfacet
  facet normal -0.5484 0.631281 -0.5484
    outer loop
      vertex 42.6795 -60.0532 -70.3737
      vertex 44.4057 -57.0532 -68.6465
      vertex 44.4062 -57.0532 -68.647
    endloop
  endfacet
  facet normal -0.524307 0.630929 -0.571866
    outer loop
      vertex 44.4057 -57.0532 -68.6465
      vertex 42.6795 -60.0532 -70.3737
      vertex 42.5316 -60.0532 -70.2381
    endloop
  endfacet
  facet normal 0.033815 0.630914 -0.775116
    outer loop
      vertex 41.0525 -57.0532 -67.2582
      vertex 40.8527 -60.0532 -69.7088
      vertex 40.6399 -57.0532 -67.2762
    endloop
  endfacet
  facet normal -0.572047 0.630902 -0.524142
    outer loop
      vertex 44.4066 -57.0532 -68.6475
      vertex 44.6856 -57.0532 -68.952
      vertex 42.8151 -60.0532 -70.5216
    endloop
  endfacet
  facet normal -0.688129 0.630912 -0.358369
    outer loop
      vertex 43.045 -60.0532 -70.85
      vertex 45.3508 -57.0532 -69.996
      vertex 43.1377 -60.0532 -71.028
    endloop
  endfacet
  facet normal -0.693409 0.631649 -0.346704
    outer loop
      vertex 45.3508 -57.0532 -69.996
      vertex 43.045 -60.0532 -70.85
      vertex 45.3505 -57.0532 -69.9954
    endloop
  endfacet
  facet normal -0.524135 0.630914 -0.57204
    outer loop
      vertex 44.1012 -57.0532 -68.3675
      vertex 44.4057 -57.0532 -68.6465
      vertex 42.5316 -60.0532 -70.2381
    endloop
  endfacet
  facet normal -0.472245 0.630918 0.615571
    outer loop
      vertex 44.1007 -57.0532 -75.6329
      vertex 43.773 -57.0532 -75.8843
      vertex 42.3724 -60.0532 -73.884
    endloop
  endfacet
  facet normal -0.688103 0.63091 -0.358422
    outer loop
      vertex 45.1597 -57.0532 -69.6291
      vertex 45.3505 -57.0532 -69.9954
      vertex 43.045 -60.0532 -70.85
    endloop
  endfacet
  facet normal -0.430848 0.629843 -0.646272
    outer loop
      vertex 42.3724 -60.0532 -70.116
      vertex 43.4241 -57.0532 -67.8934
      vertex 43.4247 -57.0532 -67.8938
    endloop
  endfacet
  facet normal -0.417169 0.630898 -0.65417
    outer loop
      vertex 43.4241 -57.0532 -67.8934
      vertex 42.3724 -60.0532 -70.116
      vertex 42.2032 -60.0532 -70.0081
    endloop
  endfacet
  facet normal -0.346709 0.631635 0.693419
    outer loop
      vertex 43.0572 -57.0532 -76.2976
      vertex 42.2032 -60.0532 -73.9919
      vertex 43.0578 -57.0532 -76.2973
    endloop
  endfacet
  facet normal -0.358062 0.630919 0.688283
    outer loop
      vertex 42.2032 -60.0532 -73.9919
      vertex 43.0572 -57.0532 -76.2976
      vertex 42.0252 -60.0532 -74.0845
    endloop
  endfacet
  facet normal 0.524123 0.630913 -0.572052
    outer loop
      vertex 39.4268 -60.0532 -70.3737
      vertex 37.7007 -57.0532 -68.6465
      vertex 39.5748 -60.0532 -70.2381
    endloop
  endfacet
  facet normal 0.548406 0.63127 -0.548406
    outer loop
      vertex 37.7007 -57.0532 -68.6465
      vertex 39.4268 -60.0532 -70.3737
      vertex 37.7002 -57.0532 -68.647
    endloop
  endfacet
  facet normal 0.358197 0.630912 -0.688219
    outer loop
      vertex 39.0486 -57.0532 -67.7027
      vertex 39.9032 -60.0532 -70.0081
      vertex 38.6822 -57.0532 -67.8934
    endloop
  endfacet
  facet normal 0.358062 0.630919 -0.688283
    outer loop
      vertex 39.9032 -60.0532 -70.0081
      vertex 39.0492 -57.0532 -67.7024
      vertex 40.0812 -60.0532 -69.9155
    endloop
  endfacet
  facet normal 0.346709 0.631635 -0.693419
    outer loop
      vertex 39.0492 -57.0532 -67.7024
      vertex 39.9032 -60.0532 -70.0081
      vertex 39.0486 -57.0532 -67.7027
    endloop
  endfacet
  facet normal 0.769203 0.630903 -0.101433
    outer loop
      vertex 36.3834 -57.0532 -71.1766
      vertex 38.7881 -60.0532 -71.6006
      vertex 36.3294 -57.0532 -71.5861
    endloop
  endfacet
  facet normal -0.1278 0.629035 0.7668
    outer loop
      vertex 41.4665 -57.0532 -76.7238
      vertex 41.4526 -60.0532 -74.2651
      vertex 41.4671 -57.0532 -76.7237
    endloop
  endfacet
  facet normal -0.100892 0.630924 0.769256
    outer loop
      vertex 41.4526 -60.0532 -74.2651
      vertex 41.4665 -57.0532 -76.7238
      vertex 41.2536 -60.0532 -74.2912
    endloop
  endfacet
  facet normal 0.757496 0.630902 0.167817
    outer loop
      vertex 38.8315 -60.0532 -72.5953
      vertex 36.3834 -57.0532 -72.8234
      vertex 38.7881 -60.0532 -72.3994
    endloop
  endfacet
  facet normal 0.766027 0.633424 0.109432
    outer loop
      vertex 36.3834 -57.0532 -72.8234
      vertex 38.8315 -60.0532 -72.5953
      vertex 36.3835 -57.0532 -72.8241
    endloop
  endfacet
  facet normal -0.769218 0.630915 -0.101247
    outer loop
      vertex 45.723 -57.0532 -71.1766
      vertex 45.7769 -57.0532 -71.5861
      vertex 43.3182 -60.0532 -71.6006
    endloop
  endfacet
  facet normal 0.472249 0.630908 0.615577
    outer loop
      vertex 39.7339 -60.0532 -73.884
      vertex 38.3334 -57.0532 -75.8843
      vertex 38.0057 -57.0532 -75.6329
    endloop
  endfacet
  facet normal -0.691835 0.633802 0.345918
    outer loop
      vertex 42.9372 -60.0532 -73.3192
      vertex 45.1597 -57.0532 -74.3709
      vertex 45.1594 -57.0532 -74.3715
    endloop
  endfacet
  facet normal -0.65434 0.630905 0.416891
    outer loop
      vertex 45.1597 -57.0532 -74.3709
      vertex 42.9372 -60.0532 -73.3192
      vertex 43.045 -60.0532 -73.15
    endloop
  endfacet
  facet normal -0.775116 0.630914 0.033815
    outer loop
      vertex 45.795 -57.0532 -72.0007
      vertex 45.777 -57.0532 -72.4133
      vertex 43.3444 -60.0532 -72.2005
    endloop
  endfacet
  facet normal 0.233309 0.630916 -0.73994
    outer loop
      vertex 39.8259 -57.0532 -67.4197
      vertex 40.4579 -60.0532 -69.7784
      vertex 39.432 -57.0532 -67.5439
    endloop
  endfacet
  facet normal -0.775116 0.630914 -0.033815
    outer loop
      vertex 45.777 -57.0532 -71.5867
      vertex 45.795 -57.0532 -71.9993
      vertex 43.3444 -60.0532 -71.7995
    endloop
  endfacet
  facet normal 0.775557 0.631278 0
    outer loop
      vertex 38.7532 -60.0532 -72
      vertex 36.3113 -57.0532 -72.0007
      vertex 36.3113 -57.0532 -72
    endloop
  endfacet
  facet normal 0.775114 0.630925 0.0336334
    outer loop
      vertex 36.3113 -57.0532 -72.0007
      vertex 38.7532 -60.0532 -72
      vertex 38.7619 -60.0532 -72.2005
    endloop
  endfacet
  facet normal 0.297062 0.630903 0.71674
    outer loop
      vertex 39.4314 -57.0532 -76.4559
      vertex 40.0812 -60.0532 -74.0845
      vertex 40.2665 -60.0532 -74.1613
    endloop
  endfacet
  facet normal 0.30582 0.630301 0.713579
    outer loop
      vertex 40.0812 -60.0532 -74.0845
      vertex 39.4314 -57.0532 -76.4559
      vertex 39.4307 -57.0532 -76.4556
    endloop
  endfacet
  facet normal 0.71679 0.630912 0.296923
    outer loop
      vertex 38.9687 -60.0532 -72.972
      vertex 36.5973 -57.0532 -73.6218
      vertex 38.8919 -60.0532 -72.7866
    endloop
  endfacet
  facet normal 0.734163 0.633338 0.244721
    outer loop
      vertex 36.5973 -57.0532 -73.6218
      vertex 38.9687 -60.0532 -72.972
      vertex 36.5975 -57.0532 -73.6224
    endloop
  endfacet
  facet normal -0.65434 0.630905 -0.416891
    outer loop
      vertex 42.9372 -60.0532 -70.6808
      vertex 45.1597 -57.0532 -69.6291
      vertex 43.045 -60.0532 -70.85
    endloop
  endfacet
  facet normal -0.691835 0.633802 -0.345918
    outer loop
      vertex 45.1597 -57.0532 -69.6291
      vertex 42.9372 -60.0532 -70.6808
      vertex 45.1594 -57.0532 -69.6285
    endloop
  endfacet
  facet normal 0.167948 0.630917 -0.757455
    outer loop
      vertex 40.2291 -57.0532 -67.3303
      vertex 40.4579 -60.0532 -69.7784
      vertex 39.8259 -57.0532 -67.4197
    endloop
  endfacet
  facet normal 0.775114 0.630925 -0.0336334
    outer loop
      vertex 38.7532 -60.0532 -72
      vertex 36.3113 -57.0532 -71.9993
      vertex 38.7619 -60.0532 -71.7995
    endloop
  endfacet
  facet normal 0.775557 0.631278 0
    outer loop
      vertex 36.3113 -57.0532 -71.9993
      vertex 38.7532 -60.0532 -72
      vertex 36.3113 -57.0532 -72
    endloop
  endfacet
  facet normal -0.296804 0.630912 -0.716838
    outer loop
      vertex 42.6756 -57.0532 -67.5444
      vertex 43.0572 -57.0532 -67.7024
      vertex 42.0252 -60.0532 -69.9155
    endloop
  endfacet
  facet normal 0.615579 0.630905 -0.472251
    outer loop
      vertex 37.4203 -57.0532 -68.9525
      vertex 39.1691 -60.0532 -70.6808
      vertex 37.1689 -57.0532 -69.2802
    endloop
  endfacet
  facet normal 0.739952 0.630901 -0.233313
    outer loop
      vertex 36.5971 -57.0532 -70.3788
      vertex 38.8315 -60.0532 -71.4047
      vertex 36.4729 -57.0532 -70.7727
    endloop
  endfacet
  facet normal 0.233309 0.630916 0.73994
    outer loop
      vertex 40.4579 -60.0532 -74.2216
      vertex 39.8259 -57.0532 -76.5803
      vertex 39.432 -57.0532 -76.4561
    endloop
  endfacet
  facet normal -0.615571 0.630918 0.472245
    outer loop
      vertex 44.9375 -57.0532 -74.7198
      vertex 44.6861 -57.0532 -75.0475
      vertex 42.9372 -60.0532 -73.3192
    endloop
  endfacet
  facet normal 0.769203 0.630903 0.101433
    outer loop
      vertex 38.7881 -60.0532 -72.3994
      vertex 36.3834 -57.0532 -72.8234
      vertex 36.3294 -57.0532 -72.4139
    endloop
  endfacet
  facet normal -0.757455 0.630917 0.167948
    outer loop
      vertex 45.7229 -57.0532 -72.8241
      vertex 45.6335 -57.0532 -73.2273
      vertex 43.2748 -60.0532 -72.5953
    endloop
  endfacet
  facet normal 0.101273 0.6309 0.769226
    outer loop
      vertex 40.6538 -60.0532 -74.2651
      vertex 40.6392 -57.0532 -76.7237
      vertex 40.2298 -57.0532 -76.6698
    endloop
  endfacet
  facet normal 0.716769 0.630916 -0.296963
    outer loop
      vertex 36.7556 -57.0532 -69.996
      vertex 38.9687 -60.0532 -71.028
      vertex 36.5975 -57.0532 -70.3776
    endloop
  endfacet
  facet normal -0.0338068 0.630914 -0.775115
    outer loop
      vertex 41.4665 -57.0532 -67.2762
      vertex 41.2536 -60.0532 -69.7088
      vertex 41.0538 -57.0532 -67.2582
    endloop
  endfacet
  facet normal -0.0340371 0.6309 -0.775117
    outer loop
      vertex 41.0532 -60.0532 -69.7
      vertex 41.0538 -57.0532 -67.2582
      vertex 41.2536 -60.0532 -69.7088
    endloop
  endfacet
  facet normal -0.128193 0.626069 -0.769158
    outer loop
      vertex 41.0538 -57.0532 -67.2582
      vertex 41.0532 -60.0532 -69.7
      vertex 41.0532 -57.0532 -67.2581
    endloop
  endfacet
  facet normal 0.524135 0.630914 -0.57204
    outer loop
      vertex 38.0052 -57.0532 -68.3675
      vertex 39.5748 -60.0532 -70.2381
      vertex 37.7007 -57.0532 -68.6465
    endloop
  endfacet
  facet normal -0.167908 0.630916 0.757464
    outer loop
      vertex 42.2805 -57.0532 -76.5803
      vertex 41.8772 -57.0532 -76.6697
      vertex 41.6485 -60.0532 -74.2216
    endloop
  endfacet
  facet normal -0.167908 0.630916 -0.757464
    outer loop
      vertex 41.8772 -57.0532 -67.3303
      vertex 42.2805 -57.0532 -67.4197
      vertex 41.6485 -60.0532 -69.7784
    endloop
  endfacet
  facet normal -0.233309 0.630916 0.73994
    outer loop
      vertex 42.6744 -57.0532 -76.4561
      vertex 42.2805 -57.0532 -76.5803
      vertex 41.6485 -60.0532 -74.2216
    endloop
  endfacet
  facet normal -0.24529 0.631132 0.735871
    outer loop
      vertex 42.6744 -57.0532 -76.4561
      vertex 41.8398 -60.0532 -74.1613
      vertex 42.675 -57.0532 -76.4559
    endloop
  endfacet
  facet normal -0.233245 0.630912 0.739964
    outer loop
      vertex 41.8398 -60.0532 -74.1613
      vertex 42.6744 -57.0532 -76.4561
      vertex 41.6485 -60.0532 -74.2216
    endloop
  endfacet
  facet normal -0.77557 0.631262 0
    outer loop
      vertex 43.3532 -60.0532 -72
      vertex 45.795 -57.0532 -71.9993
      vertex 45.795 -57.0532 -72
    endloop
  endfacet
  facet normal -0.775117 0.630901 -0.0340201
    outer loop
      vertex 45.795 -57.0532 -71.9993
      vertex 43.3532 -60.0532 -72
      vertex 43.3444 -60.0532 -71.7995
    endloop
  endfacet
  facet normal -0.769218 0.630915 0.101247
    outer loop
      vertex 45.7769 -57.0532 -72.4139
      vertex 45.723 -57.0532 -72.8234
      vertex 43.3182 -60.0532 -72.3994
    endloop
  endfacet
  facet normal -0.766787 0.629051 0.127798
    outer loop
      vertex 43.3182 -60.0532 -72.3994
      vertex 45.777 -57.0532 -72.4133
      vertex 45.7769 -57.0532 -72.4139
    endloop
  endfacet
  facet normal -0.769209 0.630913 0.101324
    outer loop
      vertex 45.777 -57.0532 -72.4133
      vertex 43.3182 -60.0532 -72.3994
      vertex 43.3444 -60.0532 -72.2005
    endloop
  endfacet
  facet normal -0.128193 0.626069 0.769158
    outer loop
      vertex 41.0532 -60.0532 -74.3
      vertex 41.0538 -57.0532 -76.7418
      vertex 41.0532 -57.0532 -76.7419
    endloop
  endfacet
  facet normal -0.0340371 0.6309 0.775117
    outer loop
      vertex 41.0538 -57.0532 -76.7418
      vertex 41.0532 -60.0532 -74.3
      vertex 41.2536 -60.0532 -74.2912
    endloop
  endfacet
  facet normal 0.101273 0.6309 -0.769226
    outer loop
      vertex 40.6392 -57.0532 -67.2763
      vertex 40.6538 -60.0532 -69.7349
      vertex 40.2298 -57.0532 -67.3302
    endloop
  endfacet
  facet normal -0.24529 0.631132 -0.735871
    outer loop
      vertex 41.8398 -60.0532 -69.8387
      vertex 42.6744 -57.0532 -67.5439
      vertex 42.675 -57.0532 -67.5441
    endloop
  endfacet
  facet normal -0.233245 0.630912 -0.739964
    outer loop
      vertex 42.6744 -57.0532 -67.5439
      vertex 41.8398 -60.0532 -69.8387
      vertex 41.6485 -60.0532 -69.7784
    endloop
  endfacet
  facet normal -0.348554 0.626538 -0.697108
    outer loop
      vertex 42.0252 -60.0532 -69.9155
      vertex 42.675 -57.0532 -67.5441
      vertex 42.6756 -57.0532 -67.5444
    endloop
  endfacet
  facet normal -0.296923 0.630912 -0.71679
    outer loop
      vertex 42.675 -57.0532 -67.5441
      vertex 42.0252 -60.0532 -69.9155
      vertex 41.8398 -60.0532 -69.8387
    endloop
  endfacet
  facet normal -0.524135 0.630914 0.57204
    outer loop
      vertex 44.4057 -57.0532 -75.3535
      vertex 44.1012 -57.0532 -75.6325
      vertex 42.5316 -60.0532 -73.7619
    endloop
  endfacet
  facet normal 0.646281 0.62983 -0.430854
    outer loop
      vertex 39.1691 -60.0532 -70.6808
      vertex 36.9466 -57.0532 -69.6291
      vertex 36.947 -57.0532 -69.6285
    endloop
  endfacet
  facet normal 0.65434 0.630905 -0.416891
    outer loop
      vertex 36.9466 -57.0532 -69.6291
      vertex 39.1691 -60.0532 -70.6808
      vertex 39.0613 -60.0532 -70.85
    endloop
  endfacet
  facet normal -0.0338068 0.630914 0.775115
    outer loop
      vertex 41.2536 -60.0532 -74.2912
      vertex 41.4665 -57.0532 -76.7238
      vertex 41.0538 -57.0532 -76.7418
    endloop
  endfacet
  facet normal -0.358276 0.630906 -0.688183
    outer loop
      vertex 43.0578 -57.0532 -67.7027
      vertex 43.4241 -57.0532 -67.8934
      vertex 42.2032 -60.0532 -70.0081
    endloop
  endfacet
  facet normal -0.549242 0.629815 -0.549242
    outer loop
      vertex 44.6861 -57.0532 -68.9525
      vertex 42.8151 -60.0532 -70.5216
      vertex 44.6856 -57.0532 -68.952
    endloop
  endfacet
  facet normal -0.615636 0.630911 -0.472168
    outer loop
      vertex 42.8151 -60.0532 -70.5216
      vertex 44.6861 -57.0532 -68.9525
      vertex 42.9372 -60.0532 -70.6808
    endloop
  endfacet
  facet normal 0.65434 0.630905 0.416891
    outer loop
      vertex 39.1691 -60.0532 -73.3192
      vertex 36.9466 -57.0532 -74.3709
      vertex 39.0613 -60.0532 -73.15
    endloop
  endfacet
  facet normal 0.646281 0.62983 0.430854
    outer loop
      vertex 36.9466 -57.0532 -74.3709
      vertex 39.1691 -60.0532 -73.3192
      vertex 36.947 -57.0532 -74.3715
    endloop
  endfacet
  facet normal -0.472245 0.630918 -0.615571
    outer loop
      vertex 43.773 -57.0532 -68.1157
      vertex 44.1007 -57.0532 -68.3671
      vertex 42.3724 -60.0532 -70.116
    endloop
  endfacet
  facet normal 0.654348 0.630903 -0.416881
    outer loop
      vertex 37.1689 -57.0532 -69.2802
      vertex 39.1691 -60.0532 -70.6808
      vertex 36.947 -57.0532 -69.6285
    endloop
  endfacet
  facet normal 0.773432 0.633879 0
    outer loop
      vertex 38.7881 -60.0532 -71.6006
      vertex 36.3294 -57.0532 -71.5867
      vertex 36.3294 -57.0532 -71.5861
    endloop
  endfacet
  facet normal 0.769221 0.630898 -0.101325
    outer loop
      vertex 36.3294 -57.0532 -71.5867
      vertex 38.7881 -60.0532 -71.6006
      vertex 38.7619 -60.0532 -71.7995
    endloop
  endfacet
  facet normal -0.688103 0.63091 0.358422
    outer loop
      vertex 45.3505 -57.0532 -74.0046
      vertex 45.1597 -57.0532 -74.3709
      vertex 43.045 -60.0532 -73.15
    endloop
  endfacet
  facet normal 0.693419 0.631635 -0.346709
    outer loop
      vertex 39.0613 -60.0532 -70.85
      vertex 36.7556 -57.0532 -69.996
      vertex 36.7559 -57.0532 -69.9954
    endloop
  endfacet
  facet normal 0.688283 0.630919 -0.358062
    outer loop
      vertex 36.7556 -57.0532 -69.996
      vertex 39.0613 -60.0532 -70.85
      vertex 38.9687 -60.0532 -71.028
    endloop
  endfacet
  facet normal -0.1278 0.629035 -0.7668
    outer loop
      vertex 41.4526 -60.0532 -69.7349
      vertex 41.4665 -57.0532 -67.2762
      vertex 41.4671 -57.0532 -67.2763
    endloop
  endfacet
  facet normal -0.100892 0.630924 -0.769256
    outer loop
      vertex 41.4665 -57.0532 -67.2762
      vertex 41.4526 -60.0532 -69.7349
      vertex 41.2536 -60.0532 -69.7088
    endloop
  endfacet
  facet normal 0.033815 0.630914 0.775116
    outer loop
      vertex 40.8527 -60.0532 -74.2912
      vertex 41.0525 -57.0532 -76.7418
      vertex 40.6399 -57.0532 -76.7238
    endloop
  endfacet
  facet normal 0.11012 0.627438 0.77084
    outer loop
      vertex 41.0525 -57.0532 -76.7418
      vertex 41.0532 -60.0532 -74.3
      vertex 41.0532 -57.0532 -76.7419
    endloop
  endfacet
  facet normal 0.0340201 0.630901 0.775117
    outer loop
      vertex 41.0532 -60.0532 -74.3
      vertex 41.0525 -57.0532 -76.7418
      vertex 40.8527 -60.0532 -74.2912
    endloop
  endfacet
  facet normal -0.716838 0.630912 0.296804
    outer loop
      vertex 45.5088 -57.0532 -73.6224
      vertex 45.3508 -57.0532 -74.004
      vertex 43.1377 -60.0532 -72.972
    endloop
  endfacet
  facet normal 0.358062 0.630919 0.688283
    outer loop
      vertex 39.0492 -57.0532 -76.2976
      vertex 39.9032 -60.0532 -73.9919
      vertex 40.0812 -60.0532 -74.0845
    endloop
  endfacet
  facet normal 0.346709 0.631635 0.693419
    outer loop
      vertex 39.9032 -60.0532 -73.9919
      vertex 39.0492 -57.0532 -76.2976
      vertex 39.0486 -57.0532 -76.2973
    endloop
  endfacet
  facet normal 0.233136 0.630905 0.740004
    outer loop
      vertex 39.432 -57.0532 -76.4561
      vertex 40.2665 -60.0532 -74.1613
      vertex 40.4579 -60.0532 -74.2216
    endloop
  endfacet
  facet normal 0.245291 0.631127 0.735874
    outer loop
      vertex 40.2665 -60.0532 -74.1613
      vertex 39.432 -57.0532 -76.4561
      vertex 39.4314 -57.0532 -76.4559
    endloop
  endfacet
  facet normal 0.572069 0.630911 0.524107
    outer loop
      vertex 39.4268 -60.0532 -73.6263
      vertex 37.6997 -57.0532 -75.3525
      vertex 39.2913 -60.0532 -73.4784
    endloop
  endfacet
  facet normal 0.548406 0.63127 0.548406
    outer loop
      vertex 37.6997 -57.0532 -75.3525
      vertex 39.4268 -60.0532 -73.6263
      vertex 37.7002 -57.0532 -75.353
    endloop
  endfacet
  facet normal 0.57204 0.630914 0.524135
    outer loop
      vertex 39.2913 -60.0532 -73.4784
      vertex 37.6997 -57.0532 -75.3525
      vertex 37.4207 -57.0532 -75.048
    endloop
  endfacet
  facet normal 0.688283 0.630919 0.358062
    outer loop
      vertex 39.0613 -60.0532 -73.15
      vertex 36.7556 -57.0532 -74.004
      vertex 38.9687 -60.0532 -72.972
    endloop
  endfacet
  facet normal 0.693419 0.631635 0.346709
    outer loop
      vertex 36.7556 -57.0532 -74.004
      vertex 39.0613 -60.0532 -73.15
      vertex 36.7559 -57.0532 -74.0046
    endloop
  endfacet
  facet normal -0.697108 0.626538 0.348554
    outer loop
      vertex 43.1377 -60.0532 -72.972
      vertex 45.5091 -57.0532 -73.6218
      vertex 45.5088 -57.0532 -73.6224
    endloop
  endfacet
  facet normal -0.71679 0.630912 0.296923
    outer loop
      vertex 45.5091 -57.0532 -73.6218
      vertex 43.1377 -60.0532 -72.972
      vertex 43.2145 -60.0532 -72.7866
    endloop
  endfacet
  facet normal -0.127283 0.632904 -0.763696
    outer loop
      vertex 41.6485 -60.0532 -69.7784
      vertex 41.8766 -57.0532 -67.3302
      vertex 41.8772 -57.0532 -67.3303
    endloop
  endfacet
  facet normal -0.168187 0.630894 -0.757421
    outer loop
      vertex 41.8766 -57.0532 -67.3302
      vertex 41.6485 -60.0532 -69.7784
      vertex 41.4526 -60.0532 -69.7349
    endloop
  endfacet
  facet normal 0.57204 0.630914 -0.524135
    outer loop
      vertex 37.6997 -57.0532 -68.6475
      vertex 39.2913 -60.0532 -70.5216
      vertex 37.4207 -57.0532 -68.952
    endloop
  endfacet
  facet normal -0.757484 0.630917 -0.167814
    outer loop
      vertex 43.2748 -60.0532 -71.4047
      vertex 45.723 -57.0532 -71.1766
      vertex 43.3182 -60.0532 -71.6006
    endloop
  endfacet
  facet normal -0.766015 0.63344 -0.109431
    outer loop
      vertex 45.723 -57.0532 -71.1766
      vertex 43.2748 -60.0532 -71.4047
      vertex 45.7229 -57.0532 -71.1759
    endloop
  endfacet
  facet normal -0.757455 0.630917 -0.167948
    outer loop
      vertex 45.6335 -57.0532 -70.7727
      vertex 45.7229 -57.0532 -71.1759
      vertex 43.2748 -60.0532 -71.4047
    endloop
  endfacet
  facet normal -0.607083 0.62895 -0.485666
    outer loop
      vertex 44.4066 -57.0532 -68.6475
      vertex 42.6795 -60.0532 -70.3737
      vertex 44.4062 -57.0532 -68.647
    endloop
  endfacet
  facet normal -0.571873 0.630917 -0.524314
    outer loop
      vertex 42.6795 -60.0532 -70.3737
      vertex 44.4066 -57.0532 -68.6475
      vertex 42.8151 -60.0532 -70.5216
    endloop
  endfacet
  facet normal -0.716838 0.630912 -0.296804
    outer loop
      vertex 45.3508 -57.0532 -69.996
      vertex 45.5088 -57.0532 -70.3776
      vertex 43.1377 -60.0532 -71.028
    endloop
  endfacet
  facet normal 0.358197 0.630912 0.688219
    outer loop
      vertex 39.9032 -60.0532 -73.9919
      vertex 39.0486 -57.0532 -76.2973
      vertex 38.6822 -57.0532 -76.1066
    endloop
  endfacet
  facet normal 0.416988 0.630911 0.654273
    outer loop
      vertex 38.6822 -57.0532 -76.1066
      vertex 39.7339 -60.0532 -73.884
      vertex 39.9032 -60.0532 -73.9919
    endloop
  endfacet
  facet normal 0.488396 0.623511 0.610495
    outer loop
      vertex 39.7339 -60.0532 -73.884
      vertex 38.6822 -57.0532 -76.1066
      vertex 38.6817 -57.0532 -76.1062
    endloop
  endfacet
  facet normal 0.716769 0.630916 0.296963
    outer loop
      vertex 38.9687 -60.0532 -72.972
      vertex 36.7556 -57.0532 -74.004
      vertex 36.5975 -57.0532 -73.6224
    endloop
  endfacet
  facet normal 0.416879 0.630908 -0.654344
    outer loop
      vertex 38.6817 -57.0532 -67.8938
      vertex 39.7339 -60.0532 -70.116
      vertex 38.3334 -57.0532 -68.1157
    endloop
  endfacet
  facet normal 0.688183 0.630906 -0.358276
    outer loop
      vertex 36.9466 -57.0532 -69.6291
      vertex 39.0613 -60.0532 -70.85
      vertex 36.7559 -57.0532 -69.9954
    endloop
  endfacet
  facet normal 0.168187 0.630894 0.757421
    outer loop
      vertex 40.2298 -57.0532 -76.6698
      vertex 40.4579 -60.0532 -74.2216
      vertex 40.6538 -60.0532 -74.2651
    endloop
  endfacet
  facet normal 0.109431 0.63344 0.766015
    outer loop
      vertex 40.4579 -60.0532 -74.2216
      vertex 40.2298 -57.0532 -76.6698
      vertex 40.2291 -57.0532 -76.6697
    endloop
  endfacet
  facet normal -0.615636 0.630911 0.472168
    outer loop
      vertex 44.6861 -57.0532 -75.0475
      vertex 42.8151 -60.0532 -73.4784
      vertex 42.9372 -60.0532 -73.3192
    endloop
  endfacet
  facet normal -0.549242 0.629815 0.549242
    outer loop
      vertex 42.8151 -60.0532 -73.4784
      vertex 44.6861 -57.0532 -75.0475
      vertex 44.6856 -57.0532 -75.048
    endloop
  endfacet
  facet normal 0.688183 0.630906 0.358276
    outer loop
      vertex 39.0613 -60.0532 -73.15
      vertex 36.9466 -57.0532 -74.3709
      vertex 36.7559 -57.0532 -74.0046
    endloop
  endfacet
  facet normal -0.296804 0.630912 0.716838
    outer loop
      vertex 43.0572 -57.0532 -76.2976
      vertex 42.6756 -57.0532 -76.4556
      vertex 42.0252 -60.0532 -74.0845
    endloop
  endfacet
  facet normal -0.693409 0.631649 0.346704
    outer loop
      vertex 43.045 -60.0532 -73.15
      vertex 45.3508 -57.0532 -74.004
      vertex 45.3505 -57.0532 -74.0046
    endloop
  endfacet
  facet normal -0.688129 0.630912 0.358369
    outer loop
      vertex 45.3508 -57.0532 -74.004
      vertex 43.045 -60.0532 -73.15
      vertex 43.1377 -60.0532 -72.972
    endloop
  endfacet
  facet normal 0.472353 0.630916 0.61549
    outer loop
      vertex 38.0057 -57.0532 -75.6329
      vertex 39.5748 -60.0532 -73.7619
      vertex 39.7339 -60.0532 -73.884
    endloop
  endfacet
  facet normal 0.484541 0.631171 0.605676
    outer loop
      vertex 39.5748 -60.0532 -73.7619
      vertex 38.0057 -57.0532 -75.6329
      vertex 38.0052 -57.0532 -75.6325
    endloop
  endfacet
  facet normal 0.735871 0.631132 -0.24529
    outer loop
      vertex 38.8919 -60.0532 -71.2134
      vertex 36.5971 -57.0532 -70.3788
      vertex 36.5973 -57.0532 -70.3782
    endloop
  endfacet
  facet normal 0.739847 0.63092 -0.233595
    outer loop
      vertex 36.5971 -57.0532 -70.3788
      vertex 38.8919 -60.0532 -71.2134
      vertex 38.8315 -60.0532 -71.4047
    endloop
  endfacet
  facet normal 0.757467 0.630902 0.16795
    outer loop
      vertex 38.8315 -60.0532 -72.5953
      vertex 36.4729 -57.0532 -73.2273
      vertex 36.3835 -57.0532 -72.8241
    endloop
  endfacet
  facet normal 0.739952 0.630901 0.233313
    outer loop
      vertex 38.8315 -60.0532 -72.5953
      vertex 36.5971 -57.0532 -73.6212
      vertex 36.4729 -57.0532 -73.2273
    endloop
  endfacet
  facet normal 0.100943 0.630921 0.769252
    outer loop
      vertex 40.6399 -57.0532 -76.7238
      vertex 40.6538 -60.0532 -74.2651
      vertex 40.8527 -60.0532 -74.2912
    endloop
  endfacet
  facet normal 0.109787 0.630352 0.768507
    outer loop
      vertex 40.6538 -60.0532 -74.2651
      vertex 40.6399 -57.0532 -76.7238
      vertex 40.6392 -57.0532 -76.7237
    endloop
  endfacet
  facet normal -0.348554 0.626538 0.697108
    outer loop
      vertex 42.675 -57.0532 -76.4559
      vertex 42.0252 -60.0532 -74.0845
      vertex 42.6756 -57.0532 -76.4556
    endloop
  endfacet
  facet normal -0.296923 0.630912 0.71679
    outer loop
      vertex 42.0252 -60.0532 -74.0845
      vertex 42.675 -57.0532 -76.4559
      vertex 41.8398 -60.0532 -74.1613
    endloop
  endfacet
  facet normal -0.615571 0.630918 -0.472245
    outer loop
      vertex 44.6861 -57.0532 -68.9525
      vertex 44.9375 -57.0532 -69.2802
      vertex 42.9372 -60.0532 -70.6808
    endloop
  endfacet
  facet normal 0.654348 0.630903 0.416881
    outer loop
      vertex 39.1691 -60.0532 -73.3192
      vertex 37.1689 -57.0532 -74.7198
      vertex 36.947 -57.0532 -74.3715
    endloop
  endfacet
  facet normal 0.615579 0.630905 0.472251
    outer loop
      vertex 39.1691 -60.0532 -73.3192
      vertex 37.4203 -57.0532 -75.0475
      vertex 37.1689 -57.0532 -74.7198
    endloop
  endfacet
  facet normal -0.484541 0.631171 -0.605676
    outer loop
      vertex 42.5316 -60.0532 -70.2381
      vertex 44.1007 -57.0532 -68.3671
      vertex 44.1012 -57.0532 -68.3675
    endloop
  endfacet
  facet normal -0.472168 0.630911 -0.615636
    outer loop
      vertex 44.1007 -57.0532 -68.3671
      vertex 42.5316 -60.0532 -70.2381
      vertex 42.3724 -60.0532 -70.116
    endloop
  endfacet
  facet normal 0.524123 0.630913 0.572052
    outer loop
      vertex 37.7007 -57.0532 -75.3535
      vertex 39.4268 -60.0532 -73.6263
      vertex 39.5748 -60.0532 -73.7619
    endloop
  endfacet
  facet normal 0.548406 0.63127 0.548406
    outer loop
      vertex 39.4268 -60.0532 -73.6263
      vertex 37.7007 -57.0532 -75.3535
      vertex 37.7002 -57.0532 -75.353
    endloop
  endfacet
  facet normal -0.654339 0.630917 -0.416876
    outer loop
      vertex 44.9375 -57.0532 -69.2802
      vertex 45.1594 -57.0532 -69.6285
      vertex 42.9372 -60.0532 -70.6808
    endloop
  endfacet
  facet normal 0.29687 0.630914 -0.71681
    outer loop
      vertex 39.4307 -57.0532 -67.5444
      vertex 40.0812 -60.0532 -69.9155
      vertex 39.0492 -57.0532 -67.7024
    endloop
  endfacet
  facet normal 0.766027 0.633424 -0.109432
    outer loop
      vertex 38.8315 -60.0532 -71.4047
      vertex 36.3834 -57.0532 -71.1766
      vertex 36.3835 -57.0532 -71.1759
    endloop
  endfacet
  facet normal 0.757496 0.630902 -0.167817
    outer loop
      vertex 36.3834 -57.0532 -71.1766
      vertex 38.8315 -60.0532 -71.4047
      vertex 38.7881 -60.0532 -71.6006
    endloop
  endfacet
  facet normal 0.524135 0.630914 0.57204
    outer loop
      vertex 39.5748 -60.0532 -73.7619
      vertex 38.0052 -57.0532 -75.6325
      vertex 37.7007 -57.0532 -75.3535
    endloop
  endfacet
  facet normal 0.416988 0.630911 -0.654273
    outer loop
      vertex 39.7339 -60.0532 -70.116
      vertex 38.6822 -57.0532 -67.8934
      vertex 39.9032 -60.0532 -70.0081
    endloop
  endfacet
  facet normal 0.488396 0.623511 -0.610495
    outer loop
      vertex 38.6822 -57.0532 -67.8934
      vertex 39.7339 -60.0532 -70.116
      vertex 38.6817 -57.0532 -67.8938
    endloop
  endfacet
  facet normal -0.430848 0.629843 0.646272
    outer loop
      vertex 43.4241 -57.0532 -76.1066
      vertex 42.3724 -60.0532 -73.884
      vertex 43.4247 -57.0532 -76.1062
    endloop
  endfacet
  facet normal -0.417169 0.630898 0.65417
    outer loop
      vertex 42.3724 -60.0532 -73.884
      vertex 43.4241 -57.0532 -76.1066
      vertex 42.2032 -60.0532 -73.9919
    endloop
  endfacet
  facet normal 0.233136 0.630905 -0.740004
    outer loop
      vertex 40.2665 -60.0532 -69.8387
      vertex 39.432 -57.0532 -67.5439
      vertex 40.4579 -60.0532 -69.7784
    endloop
  endfacet
  facet normal 0.245291 0.631127 -0.735874
    outer loop
      vertex 39.432 -57.0532 -67.5439
      vertex 40.2665 -60.0532 -69.8387
      vertex 39.4314 -57.0532 -67.5441
    endloop
  endfacet
  facet normal 0.472249 0.630908 -0.615577
    outer loop
      vertex 38.3334 -57.0532 -68.1157
      vertex 39.7339 -60.0532 -70.116
      vertex 38.0057 -57.0532 -68.3671
    endloop
  endfacet
  facet normal 0.472353 0.630916 -0.61549
    outer loop
      vertex 39.5748 -60.0532 -70.2381
      vertex 38.0057 -57.0532 -68.3671
      vertex 39.7339 -60.0532 -70.116
    endloop
  endfacet
  facet normal 0.484541 0.631171 -0.605676
    outer loop
      vertex 38.0057 -57.0532 -68.3671
      vertex 39.5748 -60.0532 -70.2381
      vertex 38.0052 -57.0532 -68.3675
    endloop
  endfacet
  facet normal 0.548406 0.63127 -0.548406
    outer loop
      vertex 39.4268 -60.0532 -70.3737
      vertex 37.6997 -57.0532 -68.6475
      vertex 37.7002 -57.0532 -68.647
    endloop
  endfacet
  facet normal 0.572069 0.630911 -0.524107
    outer loop
      vertex 37.6997 -57.0532 -68.6475
      vertex 39.4268 -60.0532 -70.3737
      vertex 39.2913 -60.0532 -70.5216
    endloop
  endfacet
  facet normal -0.416876 0.630917 0.654339
    outer loop
      vertex 43.773 -57.0532 -75.8843
      vertex 43.4247 -57.0532 -76.1062
      vertex 42.3724 -60.0532 -73.884
    endloop
  endfacet
  facet normal 0.734163 0.633338 -0.244721
    outer loop
      vertex 38.9687 -60.0532 -71.028
      vertex 36.5973 -57.0532 -70.3782
      vertex 36.5975 -57.0532 -70.3776
    endloop
  endfacet
  facet normal 0.71679 0.630912 -0.296923
    outer loop
      vertex 36.5973 -57.0532 -70.3782
      vertex 38.9687 -60.0532 -71.028
      vertex 38.8919 -60.0532 -71.2134
    endloop
  endfacet
  facet normal 0.615445 0.630918 0.472408
    outer loop
      vertex 39.2913 -60.0532 -73.4784
      vertex 37.4203 -57.0532 -75.0475
      vertex 39.1691 -60.0532 -73.3192
    endloop
  endfacet
  facet normal 0.605676 0.631171 0.484541
    outer loop
      vertex 37.4203 -57.0532 -75.0475
      vertex 39.2913 -60.0532 -73.4784
      vertex 37.4207 -57.0532 -75.048
    endloop
  endfacet
  facet normal 0.605676 0.631171 -0.484541
    outer loop
      vertex 39.2913 -60.0532 -70.5216
      vertex 37.4203 -57.0532 -68.9525
      vertex 37.4207 -57.0532 -68.952
    endloop
  endfacet
  facet normal 0.615445 0.630918 -0.472408
    outer loop
      vertex 37.4203 -57.0532 -68.9525
      vertex 39.2913 -60.0532 -70.5216
      vertex 39.1691 -60.0532 -70.6808
    endloop
  endfacet
  facet normal 0.100943 0.630921 -0.769252
    outer loop
      vertex 40.6538 -60.0532 -69.7349
      vertex 40.6399 -57.0532 -67.2762
      vertex 40.8527 -60.0532 -69.7088
    endloop
  endfacet
  facet normal 0.109787 0.630352 -0.768507
    outer loop
      vertex 40.6399 -57.0532 -67.2762
      vertex 40.6538 -60.0532 -69.7349
      vertex 40.6392 -57.0532 -67.2763
    endloop
  endfacet
endsolid OpenSCAD_Model
